customer_id,customer_name,email,country,signup_date,customer_segment,lifetime_value
1,Veronica Coffey,taylortammy@example.net,Germany,2024-12-06,Premium,77.59
2,Jordan Chambers,christopher60@example.com,United States,2026-03-26,Standard,84.71
3,Alexander Henson,brenda51@example.net,Germany,2026-01-04,Basic,50.75
4,Susan Turner,rose31@example.net,Australia,2024-07-11,Standard,39.84
5,Johnathan Davis,cwilson@example.org,Canada,2020-08-31,Standard,34.96
6,Kimberly Matthews,paulwatson@example.net,India,2023-10-08,Premium,122.38
7,Teresa Ramirez,nicolepena@example.com,United Kingdom,2024-07-23,Standard,25.76
8,Michael Stephens,jeff73@example.com,France,2020-09-13,Standard,34.84
9,Samantha Davis,bruce43@example.org,United Kingdom,2020-12-03,Basic,13.30
10,Gavin Zhang,darleneharper@example.org,Germany,2021-02-20,Standard,15.72
11,Robin Hall,caseyhubbard@example.org,United States,2025-09-06,Standard,19.59
12,Brianna Anderson,kristinacarlson@example.com,Japan,2024-12-15,Standard,75.31
13,Richard Young,lauren10@example.org,United Kingdom,2026-05-16,Standard,42.38
14,Kelly Reese,alfred40@example.org,France,2024-02-19,Standard,112.36
15,Jodi Walker,xwest@example.net,United Kingdom,2023-07-03,Standard,31.20
16,Judith Maynard,acostaregina@example.net,India,2024-01-31,Standard,24.59
17,Katherine Browning,lutzmelanie@example.com,Germany,2023-04-10,Premium,43.83
18,Donald Schultz,lammarc@example.org,United Kingdom,2022-10-03,Standard,36.89
19,Larry Garcia,oscar98@example.com,France,2024-09-20,Standard,58.09
20,Cindy Hayes,farrelldebra@example.net,Brazil,2020-08-26,Standard,54.64
21,Brandon Simmons,robertwilcox@example.com,Australia,2022-08-08,Premium,83.00
22,Bradley Reynolds,nicholas27@example.org,Germany,2024-12-08,Standard,41.23
23,Kristina Santiago,lisa80@example.net,Brazil,2025-06-30,Basic,51.55
24,Michelle Schmitt,qgomez@example.com,Brazil,2023-09-04,Basic,63.32
25,John Boone,michael98@example.org,United Kingdom,2024-08-26,Standard,40.51
26,Renee Bruce,megan51@example.com,United Kingdom,2020-08-20,Standard,58.02
27,Christopher Park,lynchdiane@example.net,Germany,2022-08-31,Standard,106.31
28,Kylie Morales,sandra50@example.org,Brazil,2020-06-02,Standard,66.63
29,Cindy Barnes,joycebonilla@example.org,Germany,2022-07-01,Standard,52.69
30,Sophia Moore,eric45@example.net,Brazil,2025-04-30,Premium,64.64
31,Lawrence Perry,craigjoseph@example.net,United Kingdom,2023-09-12,Premium,21.81
32,Michael Watkins,kariwilson@example.com,Germany,2020-07-05,Standard,42.38
33,Eric Clark,brandon69@example.org,United States,2024-08-19,Premium,81.82
34,Paul Thompson,kathrynroberts@example.org,United Kingdom,2022-10-05,Standard,44.96
35,Mary Gomez,opatel@example.net,Netherlands,2021-11-27,Standard,61.87
36,Thomas Atkins,chensley@example.com,United Kingdom,2024-07-25,Basic,132.86
37,Brian Smith,tberry@example.net,Germany,2023-11-16,Premium,57.63
38,Anita Richard,george97@example.net,India,2022-05-27,Premium,134.91
39,Eric Morgan,ryanmorales@example.org,Japan,2025-03-06,Standard,103.06
40,Jordan Bullock,kimberly18@example.net,Japan,2026-07-06,Basic,127.87
41,Craig Morrison,michael23@example.org,Australia,2025-10-01,Standard,27.36
42,Justin Riley,thompsonkendra@example.com,Australia,2025-07-23,Standard,38.63
43,Jeremy Turner,michelle52@example.com,India,2024-12-22,Standard,104.83
44,Jesse Brown,brittany58@example.org,United States,2021-10-18,Basic,42.81
45,Julie Spencer,chase19@example.net,Netherlands,2020-08-10,Standard,130.02
46,Larry Mason,colelisa@example.net,Canada,2023-01-07,Premium,142.85
47,Mrs. Maria Williams,hayeslisa@example.com,Brazil,2023-08-24,Premium,52.56
48,Helen Hardin,hritter@example.net,India,2026-04-04,Standard,59.32
49,Rachel Holland,vortiz@example.net,France,2026-06-11,Basic,53.44
50,Nathaniel Douglas,riveraangela@example.com,United States,2020-12-29,Premium,48.60
51,Emily Douglas,mathewaguilar@example.org,Australia,2021-02-15,Standard,76.92
52,James Conner,tanderson@example.org,Canada,2024-10-02,Premium,72.15
53,Susan Davis DDS,elizabethcalderon@example.net,Netherlands,2023-09-24,Standard,44.45
54,Ralph Lee,andrew42@example.org,Japan,2024-02-09,Standard,20.84
55,Kimberly Rodgers,ericphillips@example.org,Australia,2021-02-22,Standard,21.77
56,James Martin,stanleynancy@example.net,France,2020-06-03,Basic,24.67
57,Cynthia Wallace,jenniferwilliams@example.com,Canada,2021-09-17,Premium,33.74
58,Vincent Mueller,karen73@example.net,Australia,2025-01-02,Standard,101.49
59,Douglas Reyes,michealvalentine@example.com,Brazil,2023-08-03,Basic,25.52
60,David Davidson,mburch@example.net,Australia,2025-04-05,Standard,53.68
61,Phillip Nelson,angela18@example.org,Brazil,2024-06-02,Standard,37.89
62,Stacey Arias,mariahdavis@example.org,Japan,2023-10-26,Standard,31.13
63,Zachary Brooks,gbrown@example.com,United Kingdom,2024-04-27,Premium,77.05
64,Raven Taylor,florescory@example.net,Netherlands,2024-12-07,Standard,52.09
65,Luis Bullock,samantha72@example.net,Germany,2020-05-13,Standard,103.86
66,Lisa Henderson,scottmary@example.net,Netherlands,2023-02-24,Basic,49.49
67,Riley Bryant,john10@example.org,Japan,2020-05-29,Standard,22.36
68,Jose Allen,copelandvincent@example.net,Brazil,2025-06-12,Standard,17.76
69,Jason Beck,kellysmith@example.com,France,2022-04-12,Standard,28.39
70,Rachel Romero,millsmichael@example.net,United Kingdom,2022-09-26,Basic,29.64
71,James Burgess,myerstheodore@example.net,Canada,2021-06-19,Standard,85.82
72,Ashley Perkins,kristina53@example.net,Netherlands,2022-06-01,Basic,31.10
73,Carrie Maxwell,dennis58@example.com,Germany,2026-08-10,Standard,43.28
74,Chad Baldwin,epollard@example.net,France,2026-04-10,Standard,41.79
75,Stacey Stewart,mjohnson@example.org,Brazil,2020-08-13,Standard,51.04
76,Matthew Mitchell,zachary87@example.com,Germany,2025-01-15,Premium,29.62
77,Jessica Ross,glennmartin@example.org,Brazil,2021-10-02,Basic,67.99
78,Kathleen Jimenez,ykline@example.com,France,2020-10-11,Basic,95.15
79,Samantha Gardner,laurie61@example.com,Netherlands,2026-08-05,Standard,105.25
80,Mitchell Jackson,curtis54@example.com,France,2022-02-08,Standard,74.79
81,Heather Bolton,cbell@example.net,Brazil,2026-02-14,Basic,71.37
82,Heidi Owen,danielle01@example.net,Brazil,2023-06-16,Standard,98.04
83,Jessica Martinez,stephaniethomas@example.net,India,2023-10-21,Standard,59.44
84,Amanda Hernandez,kimberlydiaz@example.com,Germany,2023-08-29,Basic,46.18
85,Laura Moreno,xrush@example.com,India,2020-04-22,Standard,15.07
86,Allison Lopez,redwards@example.org,Netherlands,2025-04-08,Premium,128.02
87,Michele Lewis,hmcintyre@example.com,Canada,2020-10-25,Basic,143.03
88,Benjamin Thompson,heather73@example.org,Germany,2024-02-19,Premium,87.75
89,Victoria Contreras,zosborn@example.net,Canada,2024-12-26,Standard,36.51
90,Michelle Ho,piercekelly@example.com,Japan,2022-05-18,Premium,65.93
91,Dr. Cynthia Snyder,laurahicks@example.org,Canada,2024-05-18,Premium,14.47
92,Stephen Jones,angela57@example.net,Germany,2022-03-11,Standard,81.51
93,Patricia Morrow,ukey@example.com,Canada,2020-02-07,Basic,24.56
94,Michael Cooper,martinezlogan@example.org,France,2024-05-01,Standard,43.75
95,Amy Martinez,katrinaanderson@example.net,Japan,2021-02-25,Standard,82.14
96,Travis Stone,kevinmartin@example.net,United Kingdom,2022-07-28,Standard,32.39
97,Denise Weber,meghan43@example.net,Japan,2022-08-23,Basic,33.18
98,Matthew Le,shawgary@example.net,Japan,2025-12-28,Basic,28.55
99,Travis Wise,megan90@example.org,Australia,2022-01-09,Standard,34.39
100,Kathleen Burton,debra96@example.net,France,2022-01-25,Standard,24.88
101,Melinda Evans,dawn47@example.org,United States,2021-04-25,Premium,35.76
102,Mr. Lawrence Edwards,barkereric@example.com,France,2023-05-30,Standard,14.00
103,Kayla Rodriguez,jessica56@example.org,United Kingdom,2023-08-24,Standard,43.30
104,Anthony Dougherty,stevenadams@example.org,Germany,2023-08-06,Standard,52.96
105,Michelle Lee,kwright@example.com,France,2021-07-04,Standard,67.10
106,Kathleen Davis,tyronerobertson@example.com,Brazil,2023-10-20,Basic,53.58
107,Amber Campbell,pwagner@example.org,United Kingdom,2022-03-07,Standard,110.24
108,Stephen Luna,amitchell@example.org,Brazil,2026-03-08,Standard,56.44
109,Chloe Tran,zdiaz@example.org,Australia,2020-04-12,Standard,53.90
110,William Becker,hughesshannon@example.net,Australia,2026-02-10,Basic,69.71
111,Gina Mcmillan,andersoncolin@example.com,United States,2020-11-11,Basic,87.83
112,Andrew Reeves,jameshicks@example.net,United States,2024-01-22,Premium,59.61
113,Brenda Velazquez,jstone@example.net,Netherlands,2022-07-26,Premium,37.20
114,Ronald Patel,francisco94@example.net,Japan,2025-07-15,Basic,80.19
115,Veronica Silva,thomas05@example.com,Japan,2023-05-02,Standard,57.80
116,Paula Lane,carlsonjoseph@example.net,Germany,2024-12-27,Standard,33.20
117,Patricia James,silvageorge@example.net,United States,2026-06-05,Premium,102.31
118,Jeremy Barnes,anthonyvaughan@example.org,United Kingdom,2024-10-23,Standard,104.87
119,Tami Salas,avaughn@example.net,France,2021-09-23,Premium,28.55
120,Matthew Fox,thorntonapril@example.net,Canada,2025-04-01,Standard,21.12
121,Megan Dillon,sue78@example.com,United Kingdom,2026-03-26,Standard,46.88
122,Courtney Dudley,chelsea33@example.com,United Kingdom,2021-09-15,Basic,17.09
123,Justin Michael,kellie37@example.com,United States,2025-09-10,Premium,89.59
124,Jennifer Reed,keith98@example.com,France,2024-11-04,Standard,63.79
125,Thomas Douglas,kellyroberts@example.net,France,2020-02-13,Premium,48.17
126,Melissa Taylor,ilewis@example.com,Japan,2023-02-17,Basic,73.39
127,David Garcia,johnsantiago@example.net,France,2025-05-21,Basic,46.65
128,Vanessa Moore,jennifer12@example.org,Germany,2024-06-25,Standard,36.73
129,Matthew Velez,mwoods@example.com,Brazil,2020-03-14,Standard,23.92
130,Taylor Gentry,pearsonjesse@example.net,Netherlands,2023-11-20,Standard,105.96
131,Jennifer Simpson DVM,robertmonroe@example.org,France,2025-08-01,Basic,35.15
132,Tanya Rogers,nancy04@example.net,United Kingdom,2020-03-13,Basic,42.19
133,Todd Rosales MD,ihays@example.net,Brazil,2026-01-04,Premium,43.97
134,David Lopez,lisarivera@example.net,Japan,2026-02-10,Basic,126.28
135,Margaret Sullivan,krystal93@example.org,Netherlands,2020-07-22,Premium,126.94
136,Cathy Taylor,frobertson@example.com,Netherlands,2024-11-20,Premium,64.53
137,Paul Finley,shari04@example.com,Japan,2024-06-26,Basic,33.60
138,Melissa Brown,brandi90@example.com,Japan,2021-06-13,Standard,45.02
139,Stephanie Padilla,marshallerik@example.net,Brazil,2021-12-29,Standard,63.78
140,Tyler Mendoza,hannah45@example.net,Germany,2020-10-31,Standard,130.67
141,Joshua Ruiz,madkins@example.com,United States,2025-01-13,Basic,36.04
142,Angela Griffin,kathleenbecker@example.net,India,2021-07-18,Standard,103.07
143,Stephanie Harris,christian91@example.org,Germany,2024-07-07,Premium,37.36
144,Daniel Aguilar,franklinbond@example.com,Netherlands,2025-05-29,Basic,41.02
145,Jose Bryant,nolansean@example.org,Germany,2020-01-14,Standard,59.63
146,Jennifer Velasquez,hansenemily@example.com,Netherlands,2026-04-15,Premium,42.94
147,Kimberly Brown,bethwilliams@example.com,Netherlands,2022-11-21,Standard,35.98
148,Randy Cannon,andersenthomas@example.com,United Kingdom,2024-07-04,Standard,87.46
149,Susan Bennett,ybrooks@example.com,France,2025-09-21,Standard,99.08
150,Jenna Anderson DVM,desireebailey@example.org,Brazil,2022-10-20,Standard,43.93
151,Kimberly Patel,avilatiffany@example.com,Brazil,2025-08-24,Basic,97.44
152,Shaun Cannon,johnreed@example.com,France,2020-08-29,Standard,31.35
153,Austin Wheeler,pachecorobert@example.org,Australia,2024-04-20,Basic,19.06
154,Andrew Gonzales,tharper@example.org,France,2020-07-13,Standard,16.91
155,Donna Cabrera,karenparsons@example.org,Australia,2021-01-05,Standard,88.64
156,Victoria Boyd,barbara53@example.com,Canada,2021-10-12,Standard,82.54
157,Sheryl Buck,dturner@example.net,Australia,2024-09-14,Standard,47.97
158,Megan Floyd,dpeters@example.com,India,2025-03-02,Premium,27.88
159,Paul Wells,heather62@example.com,Germany,2021-05-13,Standard,64.22
160,Kristina Faulkner,kevinzimmerman@example.com,Japan,2024-03-07,Standard,30.87
161,Tammy Boone,paulscott@example.com,United States,2021-09-25,Basic,48.78
162,Michael Morrison,nicholsmaria@example.org,Australia,2025-01-27,Basic,46.49
163,Claire Clark,lopezkathleen@example.net,United Kingdom,2020-04-21,Basic,80.08
164,Autumn Key,kevin03@example.org,Netherlands,2024-05-11,Standard,43.73
165,Jennifer Allen,srocha@example.net,United States,2024-01-24,Standard,39.84
166,Elizabeth Ward,kimberly67@example.net,India,2024-02-23,Standard,45.04
167,Ryan Rocha,zowens@example.net,United States,2021-03-22,Standard,155.66
168,Alexis Tran,lawrence09@example.org,Canada,2021-03-05,Basic,147.87
169,Kelly Sanchez,mphillips@example.com,Germany,2026-08-07,Basic,125.81
170,Robert Jackson,jonathan77@example.com,Canada,2022-12-17,Standard,22.09
171,Kelly Combs,iwhite@example.net,Netherlands,2024-12-31,Standard,75.20
172,Ryan Hall,landryelizabeth@example.org,Brazil,2025-05-04,Standard,25.76
173,Mark Peck,albertwagner@example.com,Australia,2022-10-21,Premium,150.87
174,Jennifer Smith,bhopkins@example.org,United States,2020-04-03,Basic,193.52
175,Megan Drake,amanda40@example.net,Brazil,2021-08-07,Standard,52.73
176,Manuel King,danieldavis@example.org,Australia,2020-06-01,Standard,42.07
177,Judy Sanchez,joseph61@example.com,Japan,2022-02-17,Standard,60.04
178,Shannon Malone,kevinclayton@example.org,Japan,2026-02-15,Basic,46.42
179,Adam Jackson,sullivannicholas@example.com,United Kingdom,2023-07-18,Standard,54.12
180,Shannon Davis,pbruce@example.com,United Kingdom,2024-01-04,Standard,40.26
181,Karen Williams,hallrachel@example.net,Brazil,2021-08-21,Basic,98.93
182,Amanda Mcfarland,cohenjuan@example.net,Japan,2022-10-17,Standard,75.68
183,Michelle Sanders,alexis39@example.org,Japan,2020-05-09,Basic,64.11
184,Jasmine Mosley,evansanne@example.net,India,2025-05-30,Basic,27.75
185,Haley Davis,patrick21@example.net,United States,2025-05-10,Standard,58.50
186,Jennifer Ayala,marypeterson@example.net,Japan,2026-05-03,Standard,64.56
187,Henry Pugh MD,walterskristen@example.com,United Kingdom,2024-04-07,Premium,46.51
188,Michelle Miller,nmiller@example.com,India,2024-11-20,Standard,117.18
189,Emily Rodriguez,normanbowers@example.org,Japan,2020-12-31,Basic,26.36
190,Brandon Jordan,hahnsean@example.com,France,2025-09-22,Standard,39.18
191,Linda Mueller,fgarcia@example.com,Brazil,2021-01-15,Basic,144.78
192,Misty Hansen,asmith@example.com,Australia,2025-05-20,Standard,70.88
193,Derrick Adams,ashleyjackson@example.com,Germany,2021-04-29,Standard,41.53
194,Richard Ward,bryanhamilton@example.com,Canada,2026-05-20,Standard,77.75
195,Brian Torres,jennifersimpson@example.net,Australia,2021-01-30,Standard,53.57
196,Erin Cook,ncook@example.com,Brazil,2024-01-03,Basic,46.29
197,Ernest Oconnell,kevinmorrison@example.net,France,2026-02-21,Standard,65.38
198,Douglas Hartman,kelly79@example.org,United States,2021-03-23,Standard,58.30
199,Catherine Saunders MD,daniel93@example.net,Germany,2025-03-06,Standard,48.58
200,Sandra Jones,nhahn@example.com,Brazil,2021-10-10,Standard,70.27
201,David Moore,ichambers@example.net,India,2022-04-11,Basic,180.97
202,Karen Morales DDS,emccormick@example.com,United Kingdom,2020-08-01,Standard,45.21
203,Robin Wheeler,ystephens@example.com,Netherlands,2021-11-19,Premium,134.81
204,Matthew Williams,rodriguezjohn@example.net,Japan,2025-05-12,Premium,52.79
205,Brett Walker,vrasmussen@example.com,Germany,2023-09-18,Basic,52.50
206,Kathryn Cooper,seanmyers@example.net,Netherlands,2023-06-04,Standard,39.96
207,Todd Thomas,webbkenneth@example.org,Brazil,2025-12-31,Standard,34.53
208,Brent Bowen,matthew38@example.com,Netherlands,2024-05-15,Standard,40.35
209,Ashley Sweeney,tflores@example.org,Germany,2025-08-12,Basic,151.45
210,Christopher Moore,byrdfrank@example.net,India,2026-07-28,Standard,54.50
211,Charlotte Sandoval,omullen@example.com,Canada,2025-02-21,Basic,52.39
212,Jeffrey Smith,njohnson@example.org,Germany,2025-12-29,Standard,58.11
213,Rebecca Herrera,jamiegoodwin@example.org,Australia,2020-09-01,Standard,95.77
214,Katherine Church,mark71@example.com,India,2023-11-14,Standard,30.76
215,Harold Ellis,candice96@example.net,United Kingdom,2022-04-20,Basic,64.29
216,Leslie Powers,lisamccarthy@example.com,Australia,2021-08-27,Basic,27.02
217,Charles Price,david41@example.org,Germany,2022-10-11,Premium,160.64
218,Melissa Brewer,baileyhenderson@example.com,Brazil,2024-10-03,Standard,72.51
219,Ryan Harvey,angelaburns@example.org,Netherlands,2025-11-25,Premium,117.23
220,Tracey Wagner,stephanie72@example.org,India,2026-05-29,Premium,64.18
221,Jill Jackson,fortiz@example.com,India,2025-10-17,Standard,51.23
222,Joshua Jackson,flynnjeffrey@example.org,Germany,2021-06-16,Basic,57.94
223,Ashley Wilson,xcunningham@example.com,United States,2023-09-06,Basic,19.41
224,Jeffery Fitzgerald,amber07@example.net,France,2026-03-01,Standard,57.79
225,Scott Miller,kennethkidd@example.com,Brazil,2023-08-24,Standard,12.07
226,Heather Page,rowejoel@example.net,Netherlands,2021-05-28,Standard,41.96
227,Renee Hudson,imartin@example.org,Brazil,2021-05-25,Standard,43.42
228,Kenneth Farley,candice25@example.net,Australia,2022-06-15,Premium,13.50
229,Wendy Camacho,taylorkaren@example.com,Canada,2024-02-23,Basic,203.57
230,Sandra Juarez,jacquelineanderson@example.org,Australia,2020-03-14,Standard,64.35
231,Jason Hayes,kburns@example.net,Canada,2023-07-31,Basic,74.00
232,Jackie Clements,powellkara@example.net,United States,2020-05-30,Basic,56.33
233,Heather Brown,brandi17@example.net,Japan,2023-01-22,Standard,57.64
234,Frank Campbell MD,brobinson@example.org,United States,2020-02-07,Basic,20.79
235,Pamela Williams,ashleewashington@example.com,Canada,2025-11-26,Basic,31.69
236,William Patterson,ksmith@example.com,Netherlands,2023-05-28,Premium,66.77
237,Isaac Miller,nicoleturner@example.com,France,2024-04-14,Basic,141.63
238,Cynthia Rios,brettgarrett@example.net,Netherlands,2024-05-03,Basic,35.75
239,Kelly Wallace,smiththomas@example.org,Brazil,2024-05-14,Standard,54.48
240,Karen Perez,dominguezlisa@example.com,Germany,2022-11-11,Standard,26.90
241,Edwin Reyes,crosscurtis@example.com,Japan,2020-02-19,Standard,29.80
242,Alejandra Santos,darlenebyrd@example.org,United States,2024-02-08,Standard,21.19
243,Tamara Jensen,nbell@example.net,Netherlands,2025-11-11,Standard,19.91
244,Bryce Blair,fheath@example.org,United States,2021-03-23,Standard,93.40
245,Bradley Tran,sylvia52@example.org,Australia,2025-08-17,Premium,70.44
246,Katrina Adkins,kimberly04@example.org,United States,2022-08-06,Standard,37.37
247,Jonathan Wheeler,debbie37@example.com,Canada,2021-08-29,Basic,71.69
248,Ryan Fisher,hatfieldsarah@example.org,Japan,2023-07-01,Premium,63.26
249,Austin Baker,kathrynbest@example.org,Netherlands,2020-08-01,Standard,40.89
250,Lori Mason,livingstonstacy@example.com,United Kingdom,2021-01-15,Basic,160.10
251,Kimberly Hernandez,zhenderson@example.org,United Kingdom,2025-07-22,Premium,42.46
252,Brittney Murphy,collinswilliam@example.org,Japan,2026-06-09,Premium,22.34
253,Brandon Hamilton,collinssamuel@example.org,Netherlands,2020-06-25,Standard,30.74
254,Mary Thompson,dsalazar@example.com,United Kingdom,2023-07-25,Standard,12.85
255,Gregory Holmes PhD,zimmermanjacqueline@example.org,United Kingdom,2024-09-02,Standard,39.27
256,Patricia Johnson,gary24@example.net,France,2026-06-25,Standard,55.10
257,Laura Jones,enelson@example.com,United States,2020-03-11,Basic,64.38
258,Carol Moore,ddixon@example.com,Netherlands,2025-03-21,Premium,167.51
259,Jordan Williams,shannonemily@example.org,France,2022-07-06,Standard,82.27
260,Cassidy Horne,sanchezthomas@example.com,Japan,2025-09-07,Basic,68.94
261,Courtney Wright,tranrobin@example.net,United Kingdom,2023-03-07,Basic,13.44
262,Michael Williams,joseph19@example.com,France,2021-10-17,Standard,23.18
263,John Campbell,lindajarvis@example.com,Canada,2025-11-12,Premium,36.89
264,Eddie Mueller,mark87@example.org,Canada,2023-10-24,Basic,21.66
265,Dr. Morgan Payne PhD,stevenvargas@example.com,France,2021-07-13,Premium,159.35
266,Makayla Steele,adamortiz@example.org,France,2022-08-12,Standard,73.74
267,Oscar Parker,tapiaaaron@example.net,Japan,2026-03-22,Premium,61.12
268,Valerie Thomas,alyssaallen@example.com,France,2021-03-23,Premium,54.21
269,Jacqueline Villegas,christopher38@example.com,Germany,2022-02-09,Basic,37.44
270,Angela Bradley,carpenterwilliam@example.net,France,2023-08-06,Premium,50.25
271,Samuel Howe,ibates@example.org,India,2026-08-06,Basic,35.53
272,Dillon Jones,vhaynes@example.com,Canada,2023-11-28,Standard,34.57
273,Christopher Owens,derekcarrillo@example.org,Brazil,2025-04-07,Standard,31.05
274,John Phelps,wmartinez@example.org,Netherlands,2020-04-11,Standard,60.41
275,Amanda Huff,mooregina@example.net,Canada,2022-08-19,Premium,83.40
276,Megan Green,eddie35@example.com,France,2020-10-11,Basic,51.79
277,Krista Davis,anthonysullivan@example.com,United Kingdom,2024-12-11,Standard,26.58
278,Richard Walker,laradonald@example.org,Canada,2022-08-31,Standard,55.98
279,Angela Willis,madisonwatson@example.net,Brazil,2025-01-26,Basic,142.35
280,Carl Stein,johnsoncaleb@example.net,Netherlands,2020-12-15,Standard,22.07
281,Jessica Ramsey,david70@example.org,Canada,2022-08-13,Premium,67.03
282,Daniel Lopez,rjohnson@example.com,Japan,2025-11-17,Standard,85.14
283,Danielle Phillips,sean20@example.net,United Kingdom,2022-05-13,Standard,22.86
284,James Barnes,eandrade@example.org,Brazil,2026-03-17,Basic,167.49
285,Rachael Howard DDS,crystalpham@example.org,Germany,2022-10-15,Basic,51.49
286,Devin Johnson,kcooper@example.net,India,2023-06-06,Standard,76.99
287,William Moreno,anthonycochran@example.com,Netherlands,2020-11-14,Standard,41.20
288,Joseph Moody,terrigarcia@example.net,United States,2025-06-01,Basic,57.46
289,Rebecca Kelly,gallagherstacie@example.net,Netherlands,2023-11-24,Basic,49.64
290,Suzanne Johnson,gregorywatkins@example.net,United Kingdom,2020-11-21,Standard,33.58
291,Sara Cochran,stacey92@example.net,Germany,2020-02-15,Basic,132.87
292,Anthony Guzman,lweaver@example.com,United Kingdom,2020-09-12,Basic,90.51
293,Carlos Love,foxaaron@example.net,Brazil,2020-12-09,Standard,20.50
294,Patricia Mathis,brian29@example.net,Netherlands,2021-04-11,Basic,83.46
295,Eric Taylor,susan56@example.net,Canada,2024-07-04,Premium,15.18
296,Marie Thompson,jessicakim@example.net,Germany,2026-01-13,Basic,33.15
297,Michael Anderson,jeffrey92@example.com,Canada,2026-06-09,Premium,15.20
298,Patricia Bradley,rushstacy@example.com,United States,2021-12-24,Basic,37.33
299,Keith Zuniga,carriemccall@example.net,India,2020-04-16,Standard,63.53
300,Mrs. Stacey Davis,markmiller@example.com,France,2022-06-03,Standard,47.21
301,Hayley Buchanan,sean43@example.org,United States,2024-08-06,Premium,17.40
302,Stacey Snyder,williamssamuel@example.com,United Kingdom,2022-12-17,Basic,50.11
303,Rachel Lane,ybell@example.org,Canada,2020-05-31,Premium,31.69
304,Fernando Lynn,franciscojones@example.org,United States,2024-05-08,Standard,19.02
305,Kimberly Villanueva,petersonpamela@example.org,Japan,2026-01-30,Basic,28.15
306,Jessica Valdez,morgantricia@example.com,Australia,2025-03-12,Premium,52.52
307,Colton Terry,gmoore@example.com,France,2024-10-02,Basic,214.43
308,Kenneth Larsen,donna43@example.org,France,2026-03-12,Standard,28.73
309,Matthew Greene,briansmith@example.org,United Kingdom,2021-05-26,Standard,104.08
310,Bradley Anthony,collinclark@example.net,India,2024-07-19,Standard,124.33
311,Martin Hughes,kristen77@example.net,Japan,2025-07-06,Premium,23.26
312,Jeremiah Baker,nicole52@example.com,France,2021-04-25,Premium,19.90
313,Rhonda Gutierrez,anne21@example.org,India,2020-05-15,Basic,36.58
314,Crystal Brown,,Brazil,2026-06-15,Standard,35.47
315,Taylor Armstrong,acardenas@example.net,United Kingdom,2023-04-18,Standard,75.17
316,Kenneth Black,thomasmiller@example.net,Germany,2024-05-30,Basic,46.12
317,Carol Lewis,davidtodd@example.org,Brazil,2020-09-20,Standard,38.91
318,Zachary Burton,davidhenderson@example.net,Germany,2021-01-13,Basic,26.65
319,Kristen Gates,luis11@example.com,United States,2022-05-03,Basic,100.48
320,Kelly Barnes,astark@example.net,United States,2022-03-28,Basic,65.55
321,Traci Garcia,khernandez@example.net,Australia,2024-03-29,Standard,57.77
322,Sheryl Humphrey,hartcraig@example.com,India,2025-06-10,Premium,68.68
323,Christopher Powell,patrick79@example.net,Canada,2021-12-07,Standard,63.42
324,Patrick Mccall,vwilliams@example.net,Australia,2022-09-17,Standard,83.72
325,Alicia Roth,,France,2023-01-14,Basic,94.02
326,William Ramos,larry71@example.org,Netherlands,2024-03-29,Standard,34.12
327,Jeremy Mcintyre,joseph69@example.net,Japan,2026-06-09,Basic,12.02
328,Samantha Robertson,wfigueroa@example.net,Germany,2022-02-21,Basic,46.17
329,Samuel Suarez,cameronmckinney@example.com,Germany,2024-07-06,Basic,40.94
330,Danielle Bryant,thompsonnancy@example.org,Netherlands,2025-06-18,Basic,27.31
331,Madison Martinez,janet45@example.com,Netherlands,2025-06-03,Basic,41.83
332,Seth Matthews,allentracy@example.com,United Kingdom,2021-11-20,Basic,51.50
333,Anthony Nash,max41@example.com,United Kingdom,2022-11-17,Standard,108.55
334,Matthew Palmer,mercedesholland@example.net,United Kingdom,2020-01-30,Standard,14.99
335,Alejandra King,wellsdavid@example.org,United States,2023-01-19,Premium,66.44
336,Judy Robinson,jennifer46@example.com,Canada,2020-05-24,Premium,34.83
337,Jorge Bates,erica96@example.net,Brazil,2025-12-15,Standard,41.95
338,Brian Brown,anna99@example.com,Japan,2025-02-20,Basic,76.97
339,Stephanie Evans,danielle44@example.net,Brazil,2023-09-27,Standard,18.08
340,Rebekah Greene,zacharyallen@example.org,Netherlands,2024-02-11,Standard,41.51
341,Jason Price,erin07@example.com,Canada,2021-10-26,Basic,14.32
342,Micheal Parks,aguilarwanda@example.org,Brazil,2020-04-16,Standard,35.45
343,Sarah Pittman,qknox@example.com,United States,2023-12-24,Premium,89.50
344,Robert Hines,kellyruiz@example.net,United States,2023-02-24,Standard,101.28
345,Henry Garner,staceylam@example.net,France,2025-07-07,Standard,218.53
346,Julie Wilson,robert55@example.com,Canada,2020-02-24,Premium,67.19
347,Steve Mason,delacruzbrandy@example.net,United Kingdom,2023-07-17,Premium,96.02
348,Brittany Gay,amoreno@example.org,India,2023-09-13,Standard,78.38
349,Mike Maxwell,robert97@example.org,Brazil,2024-05-10,Standard,55.20
350,Abigail Hill,lcook@example.com,Germany,2020-04-30,Standard,85.13
351,Jeffrey Jordan,barbaramoore@example.org,United Kingdom,2025-02-24,Premium,70.56
352,Curtis Watson,ysanford@example.org,United Kingdom,2025-10-23,Basic,12.59
353,Michael Sims,mcclainkatherine@example.net,United States,2023-01-03,Standard,31.47
354,James Chapman,jeremywiley@example.com,Japan,2024-10-07,Standard,84.52
355,Joseph Warren,cameronwilliams@example.com,Australia,2023-06-07,Basic,73.95
356,Katherine Christensen MD,ibarron@example.com,France,2024-10-19,Premium,70.72
357,Mrs. Alison Wagner,osmith@example.net,United Kingdom,2026-04-15,Premium,51.79
358,Martin Wise,richardsondebra@example.org,Australia,2024-12-10,Basic,91.04
359,Alicia Norris,wheelerbrandon@example.org,India,2023-11-30,Basic,90.30
360,Michael Harris,hwallace@example.net,France,2022-12-28,Premium,39.11
361,Lisa Haynes,turnerdorothy@example.net,Brazil,2024-09-04,Standard,36.94
362,Autumn Wilson,grivas@example.net,Japan,2026-04-20,Standard,27.89
363,Valerie Howard,jimenezchelsea@example.com,France,2020-06-11,Standard,30.46
364,Daniel Fitzpatrick MD,cphillips@example.net,Japan,2022-08-11,Standard,24.88
365,Maureen Hernandez,smithchristopher@example.org,Germany,2025-11-02,Premium,60.24
366,David Hall,chancharles@example.net,United States,2021-06-20,Premium,19.70
367,Sarah Ward,joseph01@example.org,France,2020-01-22,Standard,67.59
368,Charles Holland,ronald11@example.org,Australia,2024-05-15,Basic,45.49
369,Anna Briggs,michael79@example.com,France,2021-06-02,Premium,45.50
370,James Jefferson,danielross@example.com,Australia,2021-09-17,Standard,27.78
371,Michael Brown,zbanks@example.org,Australia,2025-10-07,Basic,65.85
372,Meghan White,dalepruitt@example.com,United Kingdom,2021-02-07,Basic,46.51
373,Sheryl Acosta,nmaxwell@example.org,India,2020-08-10,Standard,141.73
374,Arthur Pena,timothyfreeman@example.com,Japan,2024-01-07,Premium,56.12
375,Krystal Levine,busherica@example.net,Australia,2023-12-24,Standard,32.34
376,Danielle Reed,april91@example.com,United Kingdom,2020-07-02,Basic,79.87
377,Mason Moore,jhernandez@example.net,Netherlands,2022-07-13,Standard,71.88
378,Erica Rivera,kchristian@example.org,Canada,2022-08-02,Standard,46.58
379,Robert Miller,brent38@example.net,India,2025-09-07,Premium,56.26
380,Jillian Wilson,csolis@example.org,France,2023-01-07,Basic,25.62
381,Andrew Dunn,bmcgee@example.org,United States,2021-03-10,Basic,98.60
382,Jordan Clark,connersylvia@example.net,Netherlands,2020-08-27,Premium,48.33
383,Sarah Rivera,xclements@example.org,United Kingdom,2026-07-30,Premium,23.85
384,Brent Hopkins,xmoran@example.net,Germany,2024-05-05,Standard,240.73
385,Jacqueline Rodriguez,petersonmaria@example.com,India,2020-10-21,Standard,29.07
386,Ashley Carr,travisunderwood@example.net,United States,2021-09-24,Basic,32.39
387,Richard Love,davidphelps@example.org,Brazil,2026-05-14,Standard,66.51
388,Leah Barton,shermanbrandon@example.net,Canada,2021-03-09,Standard,109.89
389,Jonathan Moreno,lellis@example.net,United Kingdom,2023-08-05,Basic,79.82
390,Mr. Thomas Thompson,tranryan@example.net,France,2021-01-04,Premium,37.28
391,Lisa Morris,jessicaanderson@example.com,India,2024-01-01,Basic,104.74
392,Denise Stuart,mbarnes@example.net,Canada,2024-01-12,Basic,38.98
393,Stacey Hunt,shawn22@example.com,France,2024-12-25,Standard,38.38
394,Miguel Parks,jennifer83@example.org,France,2026-06-29,Standard,40.55
395,Melissa Morris,tinasantos@example.org,India,2021-03-08,Premium,99.97
396,Mary Butler,hodgesanna@example.net,Brazil,2022-01-06,Standard,51.78
397,James Brown,natalie60@example.net,India,2021-06-25,Standard,51.04
398,Miss Brianna Brown,gonzalezkaren@example.org,France,2022-07-16,Standard,57.45
399,Ashley Parrish,james80@example.com,Brazil,2022-07-30,Premium,84.98
400,Rebecca Horton,juliahoffman@example.org,India,2020-12-26,Basic,56.50
401,Juan Smith,housepaul@example.net,Canada,2024-07-23,Standard,56.02
402,Maria Fischer,james73@example.net,Netherlands,2023-02-27,Basic,131.63
403,William Jones,kimberlybrandt@example.com,Australia,2020-05-09,Premium,64.91
404,Justin Anderson,jillwilson@example.org,Netherlands,2025-01-10,Basic,33.20
405,Frank Williams,adam72@example.org,Germany,2026-03-21,Basic,45.99
406,Michael Fox,tracy98@example.com,United Kingdom,2025-09-23,Standard,63.09
407,Joshua Davis,abigailhartman@example.org,United Kingdom,2023-10-23,Standard,131.97
408,Daniel Goodwin,nicolealvarado@example.com,Japan,2023-11-30,Standard,37.20
409,Michael Griffin,wbarajas@example.net,Germany,2024-04-28,Basic,37.31
410,Robert Wilson,susanfleming@example.com,India,2024-10-31,Basic,59.51
411,Jaime Lang,amber40@example.net,United Kingdom,2025-05-14,Basic,15.52
412,Jose Vaughan,stucker@example.net,Brazil,2024-09-06,Standard,106.26
413,Austin Santiago,teresaayala@example.net,Japan,2020-08-22,Standard,84.09
414,Ronald Johns,michellecoleman@example.org,Canada,2025-11-12,Basic,128.25
415,Allison Love,elucas@example.net,Australia,2023-01-29,Standard,72.86
416,Laura Perez,millerbrian@example.com,Canada,2020-08-26,Premium,17.40
417,James Wilson,rickey76@example.com,Japan,2022-04-25,Basic,65.68
418,Mercedes Jones,maychristine@example.net,India,2023-09-01,Premium,57.94
419,Preston Kim,robertsgina@example.net,Netherlands,2020-08-15,Basic,78.08
420,Daniel Francis,bshort@example.com,United States,2023-11-26,Standard,83.69
421,Traci Camacho,susan24@example.net,Germany,2021-09-13,Standard,38.26
422,Andrew Armstrong,susan08@example.net,United States,2022-07-14,Standard,30.72
423,Patrick Swanson,fmedina@example.com,France,2022-01-29,Premium,54.70
424,Clinton Jensen,robertbrewer@example.net,Brazil,2025-11-25,Standard,155.01
425,Tara Gamble,james29@example.org,India,2022-08-27,Standard,50.28
426,Danielle Gonzalez,enewman@example.com,Brazil,2025-07-02,Standard,40.32
427,Cynthia Mitchell,wlynn@example.org,India,2023-10-26,Standard,21.16
428,Matthew Steele,mcculloughlouis@example.com,United States,2020-12-01,Standard,53.75
429,Caroline Edwards,arianadiaz@example.com,Germany,2026-07-15,Standard,75.96
430,Brandy Quinn,jenniferdavidson@example.com,Brazil,2025-07-30,Premium,64.90
431,Mr. Matthew Miller,wford@example.com,Brazil,2023-03-06,Standard,82.40
432,Stephen Jones,michele28@example.org,Netherlands,2026-06-22,Premium,67.11
433,Kevin Sullivan,mcclainmelissa@example.net,France,2020-01-14,Basic,78.73
434,Kimberly Valdez,rebeccaarnold@example.net,Netherlands,2024-01-08,Premium,50.86
435,Donna Marshall,michaelwalker@example.net,Netherlands,2021-05-28,Premium,102.97
436,Victor Holden,sanderswayne@example.net,Australia,2025-10-30,Standard,199.38
437,Travis Hopkins,katherinetaylor@example.org,Germany,2023-08-24,Basic,191.97
438,Philip Hall,jillwebb@example.com,United States,2020-04-15,Standard,42.03
439,Heather Harrison,mike03@example.net,Japan,2023-12-08,Standard,90.81
440,Michael Boyd,ckeith@example.net,India,2024-10-05,Standard,97.65
441,Jamie Gray,mary49@example.net,Germany,2025-10-16,Basic,31.76
442,Heather Parrish,blacknicholas@example.org,Brazil,2024-12-04,Standard,22.11
443,Brenda Martin,msparks@example.org,United Kingdom,2026-03-01,Standard,32.54
444,Jack Love,robertsonjuan@example.org,France,2023-09-25,Standard,24.16
445,Karen Mendoza,guerrerorobert@example.com,Netherlands,2021-05-01,Standard,72.99
446,Andrew Berry,brittanyholland@example.com,France,2025-07-11,Premium,42.89
447,Christopher Nielsen,dennishunt@example.net,United Kingdom,2024-01-09,Standard,63.29
448,Nathan Stanley,kgreene@example.net,United States,2024-07-07,Basic,41.68
449,Sharon Jackson DVM,stacey37@example.net,India,2021-12-12,Premium,31.02
450,Kayla Jackson,laurahoover@example.org,Brazil,2022-08-05,Standard,82.67
451,James Rodriguez,sandra99@example.org,Netherlands,2022-05-02,Premium,55.41
452,Chase Davis,alexandrablankenship@example.net,France,2021-03-04,Basic,68.22
453,Kim Goodwin,mvalenzuela@example.org,United Kingdom,2024-08-31,Basic,30.44
454,April Pace,olsondavid@example.net,France,2022-01-20,Standard,27.96
455,Jessica Mays,xboyd@example.org,Netherlands,2021-03-20,Standard,24.91
456,Natalie Juarez,yclarke@example.com,Germany,2020-08-08,Premium,56.69
457,Angela George,colemanjonathan@example.org,United States,2022-04-09,Basic,27.84
458,Adrienne Mills,ascott@example.net,France,2023-06-08,Standard,90.91
459,Brian Simmons,brooksjamie@example.com,United States,2025-07-27,Basic,71.60
460,Donald Becker,jose86@example.net,France,2020-05-27,Basic,101.33
461,Justin Webb,robertbowers@example.com,Australia,2023-07-27,Standard,94.93
462,David Logan,becky62@example.net,Canada,2024-06-29,Standard,87.13
463,Lisa Cohen,craigromero@example.com,Germany,2021-01-08,Standard,41.91
464,Samantha Ruiz,martintamara@example.org,Netherlands,2021-02-06,Basic,38.31
465,Lee Ramsey,qdavis@example.org,France,2023-01-27,Standard,24.10
466,Linda Bautista,hmendez@example.com,United Kingdom,2023-05-10,Standard,76.52
467,Tara Holmes,daniellegonzales@example.org,Canada,2024-07-01,Standard,56.12
468,Lisa Craig,arthurgreene@example.net,Canada,2024-07-30,Premium,98.14
469,Penny Gomez MD,john02@example.org,United States,2020-02-06,Basic,61.99
470,Krista Barber,aprilmclaughlin@example.org,France,2024-12-30,Premium,51.60
471,Jordan Powell,michael43@example.net,Brazil,2020-05-26,Standard,63.90
472,Kathy Morgan,greenrichard@example.org,United Kingdom,2025-04-28,Premium,79.95
473,Laura Benson,prattsue@example.net,Germany,2020-04-06,Standard,22.54
474,Tonya Ellis,xhart@example.org,Netherlands,2023-04-23,Basic,89.05
475,Austin Schultz,bmosley@example.com,United Kingdom,2026-08-02,Standard,46.02
476,Harry Nichols,ericahall@example.com,Australia,2025-09-19,Basic,50.25
477,Gloria Spencer,john16@example.net,United Kingdom,2025-04-07,Standard,39.63
478,Travis Vega,thomasgomez@example.net,United States,2021-11-10,Standard,44.10
479,Derek Perez,victorgonzalez@example.net,United Kingdom,2021-09-25,Standard,60.88
480,Blake Sosa,marykelly@example.org,Netherlands,2025-10-11,Standard,61.16
481,Sarah Watson,waustin@example.net,France,2024-07-25,Basic,81.38
482,Phillip Dixon,travis94@example.com,Brazil,2026-04-11,Standard,19.61
483,Robert Mendoza,kwalker@example.org,Germany,2020-08-25,Premium,45.26
484,Joyce Martinez,shawphillip@example.net,Australia,2021-08-16,Standard,46.92
485,Jamie Garcia,astewart@example.org,United States,2022-03-13,Standard,13.78
486,Derrick Mullen,chloe42@example.net,France,2025-01-31,Standard,95.34
487,Paul Diaz,michael76@example.org,Brazil,2020-10-17,Standard,74.92
488,Kenneth Perez,lramirez@example.net,United States,2021-04-15,Standard,29.56
489,James Thomas,lelinda@example.net,United Kingdom,2024-08-08,Premium,60.05
490,Dr. Samuel Holmes DDS,thomassmith@example.com,Australia,2022-10-25,Basic,28.40
491,Brett Martin,jevans@example.net,Brazil,2023-01-21,Premium,26.10
492,Patrick Green,lisawoods@example.net,India,2022-05-22,Premium,69.34
493,Gregory Frazier,ann45@example.org,United Kingdom,2026-05-15,Basic,52.22
494,Richard Kelly,barbarasantos@example.net,Australia,2024-08-13,Standard,54.95
495,Dustin Welch,champton@example.org,India,2022-11-28,Standard,140.05
496,Logan Sullivan,mirandadavidson@example.com,India,2021-04-29,Basic,67.79
497,Eddie Adams,millermatthew@example.com,United Kingdom,2024-09-06,Standard,38.14
498,Kelly Cole,cnelson@example.com,United Kingdom,2024-10-31,Basic,23.13
499,David Manning,ivanjohnson@example.net,Netherlands,2022-05-04,Standard,39.51
500,Shawn Kelley,clarkrandy@example.org,Japan,2026-06-17,Standard,52.26
501,Luke Miller,wisealexandria@example.org,Netherlands,2025-08-22,Standard,32.31
502,Mark Anderson,pparker@example.net,France,2023-01-05,Basic,13.67
503,Julie Pitts,anthonyalvarado@example.com,Australia,2021-03-14,Standard,42.32
504,Joyce Curry,amy28@example.org,Brazil,2025-03-12,Basic,71.12
505,Gregory Fernandez,omills@example.net,France,2020-03-16,Standard,26.03
506,Adam Mills,ramosmichael@example.com,United States,2026-05-16,Basic,30.63
507,Katherine Campos,mauriceharrison@example.org,Canada,2024-06-09,Standard,39.62
508,Adam Brooks,albert64@example.net,India,2020-12-23,Premium,23.63
509,Miguel Brewer,bkhan@example.com,Germany,2023-12-04,Standard,10.72
510,Kellie Marsh,fwalker@example.com,France,2022-09-08,Standard,32.45
511,Barry Taylor,justin84@example.com,France,2024-03-02,Standard,39.84
512,Katherine Flores,walshchristine@example.com,India,2024-12-06,Basic,87.03
513,Diane Martinez,brandonnichols@example.org,Japan,2020-05-08,Standard,42.19
514,Johnny Peterson,oacosta@example.org,United Kingdom,2020-07-25,Premium,67.33
515,Amanda Miller,kristi75@example.com,Japan,2023-06-28,Basic,31.30
516,Catherine Huang,brianrowe@example.org,United States,2024-05-17,Basic,113.14
517,Ray Ramos,lisa01@example.net,Germany,2024-11-11,Standard,60.11
518,Vickie Kennedy,gonzalezjill@example.org,Netherlands,2025-03-29,Standard,29.34
519,Kelly King,sharon20@example.net,Netherlands,2025-08-02,Basic,286.59
520,Jeffrey Smith,james03@example.org,United Kingdom,2023-07-18,Basic,42.66
521,Lauren Vazquez,brenda63@example.org,United States,2020-03-13,Standard,21.88
522,Mr. George Booker DDS,nathandavis@example.org,Brazil,2020-12-08,Basic,34.59
523,Ashley Freeman,browndeanna@example.net,Germany,2022-05-25,Basic,20.61
524,Michael Howard,tina57@example.net,Netherlands,2023-03-18,Standard,16.19
525,Edward Terry,johnwilliams@example.net,India,2022-01-23,Standard,37.44
526,Denise Guerra,ashleystephens@example.com,Australia,2024-10-07,Standard,26.45
527,Kimberly Gibson,caseymoore@example.com,United Kingdom,2023-02-15,Standard,126.75
528,Patty Allen,bgross@example.net,Australia,2025-01-14,Basic,94.91
529,Michael Cannon,barrettamber@example.com,Canada,2025-10-24,Standard,61.16
530,Brent Hopkins,chloemorris@example.net,United States,2026-02-11,Standard,76.23
531,John Garcia,conleydavid@example.org,Netherlands,2021-09-26,Basic,43.84
532,Dawn Diaz,hbarrett@example.net,Australia,2026-01-15,Premium,52.26
533,Steve Miller PhD,smithsamantha@example.net,Netherlands,2025-10-11,Standard,52.71
534,Rebecca Brown,wardjulia@example.com,India,2026-07-15,Basic,54.82
535,Toni Davis,allison14@example.org,Brazil,2024-03-27,Basic,73.64
536,Laura Meza,amandalopez@example.net,France,2020-05-28,Standard,186.69
537,Megan Park,xreese@example.net,Australia,2025-11-26,Standard,37.93
538,Kathy Sandoval,kandrade@example.org,Germany,2023-06-03,Standard,40.87
539,Erika Watson PhD,umahoney@example.net,Germany,2025-06-16,Basic,44.75
540,Joshua Brooks,umckenzie@example.net,United Kingdom,2022-09-19,Standard,46.03
541,Andrew Mitchell,michael77@example.com,France,2020-07-01,Standard,25.77
542,William Lewis,holmesvictoria@example.com,Germany,2022-02-20,Premium,55.97
543,Tammy Moore,andrew48@example.net,United Kingdom,2024-09-24,Standard,54.02
544,Kevin Hall,stevenseric@example.com,Canada,2026-01-19,Basic,29.93
545,Misty Mcguire,christopher69@example.org,Australia,2025-07-09,Standard,76.21
546,Susan Larson,tracynolan@example.net,France,2024-02-24,Standard,50.83
547,Tammy Cook,benjamin96@example.org,Japan,2023-01-03,Basic,20.03
548,Sarah Mcfarland,hbutler@example.org,United States,2022-12-03,Premium,54.16
549,Karl Murphy,hbrown@example.org,Australia,2022-05-04,Basic,60.34
550,Nicole Johnston,ericnunez@example.com,Netherlands,2023-02-13,Premium,65.86
551,George Alvarez,walkerkeith@example.com,Japan,2021-04-08,Standard,59.18
552,Patricia Anderson,kelleyjose@example.com,Germany,2025-11-08,Basic,334.67
553,Christina Gilbert,timothygonzalez@example.com,India,2023-12-22,Basic,40.56
554,Thomas Davis,johnadams@example.com,United Kingdom,2022-10-05,Basic,57.29
555,Kirk Johnson,whenderson@example.org,India,2025-02-02,Premium,162.71
556,Jessica Glass,gary59@example.com,Canada,2023-07-04,Basic,37.90
557,Ashley Brown,jamesbrooks@example.net,Germany,2023-05-08,Standard,48.55
558,Robert Torres,mistywilkins@example.org,United States,2025-09-15,Standard,58.10
559,Christina Mills,njohnson@example.net,Japan,2021-09-12,Standard,28.42
560,Alicia Aguilar,ana92@example.net,Canada,2025-08-25,Standard,170.67
561,Lisa Brown,scottbrian@example.org,United Kingdom,2023-08-24,Basic,91.73
562,Mary Lin,jonesdonna@example.net,United Kingdom,2020-03-26,Standard,43.00
563,James Bray,carternicole@example.com,Brazil,2026-01-18,Standard,24.37
564,Charlotte Mason,mckeetodd@example.net,Germany,2025-11-07,Standard,232.57
565,Thomas Torres,tcastro@example.org,Canada,2024-05-01,Basic,118.66
566,Harold Garrett,klong@example.org,Netherlands,2022-05-12,Standard,108.84
567,Lori Johns,wendyirwin@example.com,United Kingdom,2023-12-27,Standard,150.35
568,Steven Sandoval,raymondstacy@example.org,United Kingdom,2024-10-05,Premium,69.87
569,Lori Perez,blairabigail@example.net,Germany,2023-04-28,Basic,64.08
570,Erin Daniels,ashleysimmons@example.com,Australia,2025-02-07,Basic,29.55
571,Shari Parker,denisecarpenter@example.net,Brazil,2020-10-04,Standard,113.96
572,Krystal Moore,russellstout@example.org,India,2022-02-02,Standard,35.27
573,Ryan Thomas,grantstacy@example.org,France,2024-10-25,Standard,41.50
574,Elizabeth Reese,cannonnicole@example.com,Australia,2023-02-15,Premium,134.53
575,Phillip Salazar,edwin31@example.org,Netherlands,2022-03-16,Premium,105.69
576,Michael Howard,catherine93@example.net,France,2020-09-07,Premium,71.25
577,Jacqueline Christian,manderson@example.com,France,2025-11-24,Standard,64.27
578,Jason Novak,kwells@example.org,Australia,2025-02-13,Premium,42.33
579,Timothy Duke,stephanie33@example.org,Australia,2020-09-22,Basic,82.48
580,Ricardo Franklin,dwatts@example.org,United States,2024-08-30,Standard,44.50
581,Laura Herrera,zcortez@example.net,Brazil,2022-02-20,Basic,50.68
582,Danielle Medina,meyershannon@example.org,United States,2025-06-16,Premium,66.59
583,Cheryl Gonzales,grantzachary@example.net,Australia,2023-10-06,Basic,67.18
584,Louis Brown,kim47@example.org,Canada,2022-08-12,Basic,24.50
585,Ashley Osborne,stevenlucas@example.org,Japan,2023-10-13,Premium,62.95
586,Melissa Taylor,,Brazil,2022-12-03,Standard,128.56
587,Steven Huang,bmorris@example.org,Canada,2025-11-26,Basic,26.02
588,Michelle Martin,udavis@example.net,Netherlands,2020-03-01,Standard,51.53
589,Joseph Cruz,davisjasmin@example.net,Netherlands,2021-06-06,Basic,143.45
590,Krystal Keller,nicholasjames@example.org,Brazil,2025-01-19,Premium,82.56
591,Eric Cross,fernandothomas@example.net,India,2024-11-06,Standard,117.23
592,Toni Smith,lroberts@example.org,Brazil,2023-01-05,Standard,69.55
593,Lisa Snyder,alexander77@example.net,Japan,2024-04-10,Premium,30.95
594,Kyle Smith,briannaalvarez@example.com,Netherlands,2020-02-01,Basic,34.51
595,Anthony Bailey,christine83@example.org,Canada,2020-04-14,Standard,69.92
596,Thomas Williams,melissaestrada@example.net,Brazil,2024-08-04,Basic,56.39
597,Matthew Graves,kchaney@example.net,France,2023-06-24,Premium,43.51
598,Anna Evans,tammycurry@example.com,Germany,2024-02-11,Standard,49.68
599,John Martinez,priscilla16@example.net,Netherlands,2021-11-17,Standard,116.71
600,Lisa Rodriguez,mark68@example.org,United States,2024-04-06,Basic,91.30
601,Lee Stewart,webbhaley@example.net,Canada,2020-08-27,Standard,74.96
602,Lynn Vasquez,sara99@example.com,Japan,2024-04-12,Premium,111.59
603,April Johnson,nicolehall@example.com,Netherlands,2026-01-21,Premium,57.08
604,Mrs. Felicia Castro DDS,mclaughlinjared@example.net,Australia,2021-02-06,Premium,33.42
605,Elizabeth Hunter,davidsonhannah@example.com,France,2020-07-30,Standard,51.41
606,Keith Choi,katie15@example.com,Canada,2020-03-14,Premium,98.85
607,John Johnson,jamesbass@example.net,Germany,2021-11-23,Standard,36.85
608,Julia Olsen,timothyburton@example.net,Germany,2022-12-21,Standard,117.54
609,Kristen Smith,conleykevin@example.net,Canada,2021-02-18,Basic,8.23
610,Andre Terrell,lauren51@example.org,France,2021-01-23,Standard,87.02
611,Richard Parker,ashleyprice@example.net,Brazil,2023-12-13,Standard,89.43
612,David Hayes DVM,jennifer46@example.org,Germany,2026-04-15,Basic,21.17
613,Paula Gentry,aliciathompson@example.com,Australia,2026-03-21,Standard,104.19
614,Brittany Peterson,zhunter@example.com,France,2025-08-22,Standard,32.22
615,Briana Wiggins,hoconnor@example.com,Netherlands,2022-06-10,Standard,123.96
616,Kelly Smith,jamiejohnson@example.com,France,2023-03-14,Basic,96.81
617,Stephen Garcia,mcdanielbrooke@example.org,Brazil,2023-07-28,Standard,71.23
618,Dustin Patel,andrew43@example.com,India,2025-02-06,Basic,24.23
619,Brian Mullen,rlambert@example.org,United States,2020-04-18,Standard,69.42
620,Tony Brock,clarkmichael@example.com,Brazil,2020-05-15,Standard,105.94
621,Amber Johnson,georgecollins@example.com,Germany,2021-10-28,Standard,59.59
622,Michael Vance,rodriguezbrian@example.com,Australia,2021-02-26,Basic,47.65
623,Michelle Lambert,tjensen@example.com,Netherlands,2025-12-14,Basic,88.08
624,Anna Lang,beltrankatelyn@example.com,United Kingdom,2022-09-07,Standard,45.48
625,Pamela Ruiz,tdavis@example.net,United States,2025-11-01,Standard,136.38
626,Jenna Lyons,douglashuang@example.com,Australia,2023-04-14,Standard,35.98
627,John Bell,kristina57@example.com,Brazil,2025-03-27,Premium,94.66
628,Bethany Garcia,ssingleton@example.com,United States,2022-01-10,Premium,38.93
629,Jennifer Gutierrez,nguyendebra@example.com,Australia,2021-09-06,Standard,99.74
630,Daniel Benson,amydickson@example.com,Brazil,2021-04-24,Premium,60.19
631,Kimberly Young,bmueller@example.net,United States,2024-02-07,Standard,96.18
632,Kyle Nguyen,stevensonjennifer@example.com,India,2025-08-18,Standard,116.40
633,Brian Cervantes,shortgregory@example.com,Netherlands,2022-09-28,Standard,24.21
634,Daniel Taylor,pmurphy@example.net,Canada,2020-08-06,Standard,92.07
635,Jean Lane,shermandonna@example.com,Japan,2022-12-23,Standard,55.27
636,Susan Torres,jamierich@example.com,France,2025-11-18,Standard,18.84
637,Lisa Dixon,wrobbins@example.org,France,2023-04-26,Premium,22.18
638,April Castro,melissabrown@example.net,France,2020-04-12,Basic,55.46
639,Kevin Garrett,daniel40@example.org,Canada,2024-10-24,Standard,115.20
640,Christopher Taylor,bsullivan@example.net,United States,2022-08-20,Premium,61.58
641,Zachary Santiago,xbridges@example.com,Netherlands,2020-02-22,Standard,102.50
642,Katelyn Kim,alexanderwong@example.org,Brazil,2020-11-29,Basic,63.80
643,Stephanie Dominguez,christophermay@example.com,United Kingdom,2024-06-16,Standard,43.15
644,Robert Cruz,dhanson@example.net,France,2023-02-23,Basic,18.98
645,Dr. Michael Adams DVM,jacobjacobs@example.net,United States,2024-08-31,Standard,95.47
646,Ashley Olson,arthur09@example.com,Australia,2020-08-08,Basic,61.26
647,Blake Wu,thomasjessica@example.com,Australia,2020-07-03,Premium,55.35
648,Angela Schultz,sanchezcrystal@example.net,France,2025-12-03,Basic,12.80
649,Jose Harrison,chloe58@example.org,Brazil,2020-09-26,Standard,71.37
650,Thomas Curry,robert44@example.org,Germany,2026-08-04,Basic,61.91
651,Mary Carter,bryan79@example.org,Brazil,2020-06-04,Premium,61.96
652,Richard King,mitchellchristopher@example.net,United States,2021-04-13,Basic,107.62
653,Christopher Vargas,joshua40@example.net,France,2025-09-26,Premium,59.03
654,Michael Washington,donnawood@example.org,Germany,2023-11-29,Standard,43.46
655,Samantha Monroe,cooperchristopher@example.org,Japan,2020-10-16,Basic,11.27
656,Mark Clark,ptownsend@example.net,Australia,2023-10-14,Standard,19.11
657,James Turner,brian41@example.org,United States,2024-08-14,Standard,16.48
658,Joseph Graham,noahthornton@example.com,United States,2022-03-24,Standard,57.55
659,Joseph Blanchard,sara76@example.net,India,2021-09-16,Standard,39.31
660,Marissa Nelson,hardindana@example.com,Japan,2023-12-30,Premium,41.54
661,Julia Leonard,joseph14@example.net,Japan,2021-06-17,Basic,77.43
662,Megan Kaiser,jessicachapman@example.org,Australia,2025-01-08,Basic,42.89
663,Joseph Jennings,amy01@example.org,United States,2021-08-27,Standard,109.46
664,Manuel Brown,jeffrey44@example.org,Netherlands,2025-09-24,Standard,35.57
665,Angelica Jacobs,stephanielittle@example.net,France,2020-11-05,Premium,36.03
666,Cathy Rodriguez,pdouglas@example.net,Netherlands,2024-01-12,Premium,55.21
667,Tammy Hill,jonowens@example.org,Netherlands,2024-06-03,Basic,29.31
668,Richard Ramirez,qschwartz@example.com,France,2020-11-14,Basic,81.16
669,Robert Thompson,reyesmarvin@example.org,Japan,2025-12-14,Basic,109.88
670,Matthew Rodriguez,vasquezsarah@example.net,United Kingdom,2024-05-05,Standard,72.13
671,Michelle Garcia,probinson@example.org,Japan,2022-01-26,Premium,63.54
672,Jonathan Delgado,jonesjessica@example.com,Brazil,2020-08-07,Basic,24.91
673,Gary Myers,fitzpatrickelizabeth@example.com,United Kingdom,2023-04-19,Standard,85.99
674,Jared Luna,robertsonshelby@example.com,Japan,2024-08-02,Standard,99.64
675,Karen Bradley,fernandezaaron@example.net,United States,2025-06-09,Standard,69.10
676,Tina Davis,mathew46@example.org,India,2021-06-15,Standard,44.18
677,Julian Ponce,christopher74@example.net,India,2023-03-31,Standard,66.95
678,Heather Miller,kentprice@example.org,France,2026-03-28,Standard,26.67
679,Nathan Watkins,imoss@example.org,India,2020-09-18,Standard,38.12
680,Kathryn Hanna,yprice@example.net,Australia,2020-12-27,Premium,130.51
681,George Le,blevy@example.org,Netherlands,2026-06-16,Basic,104.04
682,Judy Gregory,zwilson@example.net,Canada,2020-04-17,Premium,100.64
683,Charles Valdez,joycehall@example.org,Australia,2020-04-30,Basic,18.27
684,Matthew Smith,nmeadows@example.org,Canada,2021-04-16,Basic,54.41
685,Christopher Garza,conwaylori@example.org,Canada,2020-09-14,Standard,53.02
686,Robert Simmons,wilsonbrooke@example.net,India,2025-03-29,Premium,73.08
687,Erica Oconnell,rnguyen@example.net,Japan,2024-05-15,Standard,49.17
688,Donald Todd,kathrynwatkins@example.com,Canada,2021-09-15,Basic,43.50
689,Kevin Anderson,heathertran@example.com,Australia,2026-01-13,Basic,131.88
690,Adam Howe,bstrickland@example.com,Japan,2026-06-15,Standard,45.68
691,Devin Cole,robert72@example.org,United States,2021-04-13,Standard,31.74
692,Michelle Salazar,sharonbishop@example.org,United Kingdom,2022-07-28,Standard,52.72
693,Justin Lee,burtonkimberly@example.com,France,2022-11-03,Premium,31.34
694,Julie Sims,montgomerymichelle@example.net,India,2021-04-26,Basic,87.35
695,Tracy Wells,joshualee@example.org,Japan,2022-11-30,Premium,93.95
696,Dominique Hamilton,ernestlivingston@example.org,Germany,2022-05-28,Standard,81.71
697,Tammy Thompson,christina70@example.org,Germany,2023-09-24,Standard,79.38
698,Leslie Nguyen,washingtondarren@example.org,Brazil,2024-06-15,Basic,60.08
699,Erika Garcia,julievillanueva@example.org,Japan,2023-07-07,Standard,52.90
700,Kevin Brown,ykane@example.org,United Kingdom,2021-08-02,Basic,55.40
701,James Ellis,nthomas@example.com,Australia,2023-10-22,Premium,48.83
702,Andrew Carroll,crystalcantrell@example.org,Brazil,2022-05-13,Basic,58.40
703,Greg Tanner,derek77@example.com,Australia,2024-03-27,Standard,34.93
704,Laura Tran,kristinelittle@example.net,Australia,2021-05-18,Standard,100.85
705,Jason Boyd,,France,2021-01-22,Standard,54.23
706,Jeffrey Salas,brittanyhood@example.com,Australia,2025-10-21,Basic,48.17
707,Susan Villanueva,markriley@example.net,India,2021-08-30,Basic,56.89
708,Kathy Simmons,cbaird@example.com,United Kingdom,2026-07-18,Basic,67.32
709,Jodi Allen,zmendoza@example.net,United States,2022-01-17,Basic,18.98
710,Edward Holland,steelerichard@example.org,Australia,2023-01-01,Basic,30.35
711,Shannon Burgess,smithelizabeth@example.org,Canada,2020-04-03,Premium,43.06
712,Jennifer Clarke,braysteven@example.org,United States,2025-09-11,Standard,34.10
713,Faith Johnson,courtney01@example.com,Japan,2026-08-03,Premium,91.26
714,Rebecca French,smullins@example.net,United States,2024-03-23,Standard,14.20
715,Susan Cox,olivermatthew@example.org,Canada,2022-08-04,Standard,47.66
716,Jacob Wong,rodriguezmichael@example.net,Australia,2020-02-17,Standard,35.98
717,Mrs. Ashley Mendoza,castrokim@example.org,Canada,2026-04-05,Premium,116.85
718,Derek Frazier,karenhodges@example.com,Brazil,2022-03-08,Basic,20.63
719,Mr. Bryan Mckinney,brian55@example.com,Japan,2025-12-23,Basic,86.05
720,Judith Miller,shannon51@example.org,India,2024-09-24,Standard,126.27
721,Brian Hernandez,keithfrye@example.org,India,2023-02-17,Standard,33.78
722,Jason Fleming,nancymeyer@example.net,Germany,2024-01-30,Standard,46.64
723,Dorothy Brown,thomasfisher@example.net,United Kingdom,2021-10-29,Premium,36.33
724,Grant Lucas,marystone@example.com,Japan,2020-01-24,Premium,35.79
725,Keith Villanueva,todd88@example.com,Japan,2022-09-01,Premium,97.09
726,Dwayne Bruce,george43@example.com,Netherlands,2022-08-08,Standard,167.85
727,Caitlyn Nichols,michaelbryant@example.org,United Kingdom,2021-12-10,Basic,36.05
728,Rebecca Martin,teresafranco@example.net,Netherlands,2024-10-22,Premium,65.44
729,Jacob Harris,williamsleslie@example.org,United States,2022-07-10,Basic,43.87
730,Joshua Martin,wadetiffany@example.org,Japan,2021-04-27,Premium,43.66
731,Theresa Reilly,david06@example.com,Brazil,2023-02-03,Basic,45.46
732,Michael Wells,adamrodgers@example.net,Germany,2020-12-04,Basic,75.54
733,Tammy Morgan,tara92@example.net,India,2022-11-19,Standard,62.81
734,Audrey Johnson,dennisrachel@example.org,United States,2025-03-24,Standard,245.18
735,Christie Fox,seandavis@example.org,Germany,2020-04-22,Standard,56.59
736,Tina Daugherty,james18@example.com,Australia,2025-07-25,Premium,105.00
737,Terri Kerr,ulee@example.net,France,2021-07-04,Standard,69.02
738,Dustin Bell,raymond65@example.com,India,2026-04-04,Standard,65.34
739,Jill Riddle,fsawyer@example.org,United States,2020-03-12,Premium,155.98
740,Jessica Mosley,zroberts@example.net,Canada,2021-01-31,Basic,145.31
741,John Dillon,maryharper@example.org,Australia,2022-10-08,Standard,31.19
742,Mark Nelson,carl96@example.org,Brazil,2021-10-22,Basic,26.66
743,Ronnie Roberts,angelapage@example.org,Brazil,2024-07-30,Premium,55.62
744,Justin Ford,twilliams@example.net,France,2022-08-12,Basic,42.34
745,Sandra Kennedy,moodyeric@example.com,Netherlands,2022-07-22,Premium,101.91
746,Donald Gamble,robert73@example.org,United Kingdom,2020-01-18,Basic,35.98
747,Sheena Burton,georgemichael@example.com,Japan,2025-06-19,Standard,91.49
748,Laura Bruce,hmccann@example.com,Netherlands,2025-11-24,Standard,151.75
749,Brandy Martin,bonniethomas@example.com,Brazil,2025-01-04,Basic,80.98
750,Mark Jones,michael50@example.com,Germany,2024-02-11,Basic,73.64
751,Carol Morris,katiewhite@example.org,United Kingdom,2025-03-17,Standard,151.77
752,Heidi Ferguson,margaret44@example.net,Japan,2021-06-16,Basic,62.98
753,Richard Jenkins,madeline02@example.net,France,2021-03-15,Basic,94.05
754,Rebecca Hansen,curtismoore@example.org,Australia,2026-07-06,Standard,35.50
755,Tammy Mendoza,butlersabrina@example.org,France,2022-02-10,Premium,85.06
756,Tracy Jackson,hannah27@example.net,United States,2024-01-26,Premium,61.81
757,Brenda Perez,anthony13@example.org,United Kingdom,2025-10-17,Premium,70.01
758,Rachel Jones,jasonzavala@example.com,India,2020-06-19,Basic,29.25
759,Ricky Palmer,ctodd@example.org,Brazil,2022-09-21,Standard,18.40
760,Michael Webster,harrisonrebekah@example.org,United States,2020-02-15,Premium,176.24
761,Tamara Harris,,France,2023-07-28,Standard,43.83
762,Paul Ramirez,jackbell@example.org,Netherlands,2024-06-20,Basic,37.66
763,Andrea Weiss,michael89@example.org,Canada,2021-12-17,Premium,35.25
764,Paul Smith,ricejennifer@example.com,India,2024-08-10,Standard,47.69
765,Michael Lopez,glasssamantha@example.net,Netherlands,2023-02-22,Premium,14.12
766,Jose Russell,whitemichael@example.com,Australia,2023-04-12,Standard,61.52
767,Isaiah Roberts DDS,david18@example.org,Germany,2025-01-15,Basic,86.96
768,Noah Mcdaniel,murphydarrell@example.com,Netherlands,2023-05-08,Premium,51.62
769,Mrs. Shannon Jacobson,aperez@example.com,United Kingdom,2023-08-12,Basic,61.72
770,Michael Powers,xcrosby@example.org,United Kingdom,2026-06-01,Standard,45.05
771,Charles Morales,qkim@example.net,United States,2022-09-07,Standard,46.87
772,William Morgan,figueroapatricia@example.org,Brazil,2020-02-13,Standard,42.25
773,Dr. Ralph Wheeler DDS,bmartinez@example.net,United Kingdom,2022-04-23,Standard,42.03
774,Victoria Dixon,qkelly@example.net,Australia,2024-10-01,Basic,30.08
775,David Dunlap Jr.,katrinarodriguez@example.com,Japan,2026-04-05,Basic,39.48
776,Janet Shelton,greertyrone@example.org,Germany,2025-03-05,Basic,49.29
777,Kelly Vasquez,kevinhanson@example.org,India,2021-07-01,Standard,74.84
778,Dennis Cooper PhD,qharris@example.com,India,2021-02-02,Standard,133.75
779,Barbara Cole,cisnerosanthony@example.com,Brazil,2024-06-02,Standard,58.20
780,Matthew Chan,cramos@example.org,United Kingdom,2021-08-06,Premium,190.05
781,Phillip Carroll,travistaylor@example.net,Germany,2021-02-02,Basic,50.01
782,Karen Dickerson,rkeller@example.net,France,2026-08-04,Standard,18.26
783,Heather Levine,myerstroy@example.com,Japan,2021-02-27,Basic,33.59
784,Hannah Harmon,bryan90@example.org,United States,2021-11-04,Premium,110.32
785,Gregory Howard,hubbardcolleen@example.com,United States,2024-08-26,Basic,206.64
786,Leslie Lozano,brian33@example.org,India,2022-03-08,Standard,154.17
787,Gabriel Murray,meltondanny@example.org,Canada,2024-11-14,Standard,19.08
788,John Johnson,abradley@example.com,United States,2025-03-02,Standard,109.93
789,John Vazquez,nicholas65@example.net,Brazil,2021-04-11,Premium,38.22
790,Lucas Cox,matthewshaw@example.net,United States,2024-07-07,Premium,82.26
791,Kimberly Mitchell,oharris@example.org,India,2021-01-21,Standard,93.41
792,Tina Robbins,evansashley@example.org,France,2025-02-03,Premium,113.72
793,Karen Clark,vargasjoshua@example.net,United Kingdom,2023-02-04,Standard,56.08
794,Joshua Gonzalez,pearsonkevin@example.com,France,2024-11-15,Basic,67.78
795,Kimberly Ibarra,gking@example.com,Australia,2020-01-29,Basic,29.23
796,Debra Little,barbaralewis@example.net,India,2021-01-06,Standard,44.80
797,Curtis Ford,umichael@example.net,Germany,2022-09-24,Standard,87.32
798,Jennifer Dalton,edwardjennings@example.com,Brazil,2023-02-21,Premium,36.61
799,Maria Scott,waltersmeghan@example.com,Brazil,2022-07-29,Basic,14.92
800,Robert Collins,richardwilson@example.org,Germany,2020-04-25,Standard,110.44
801,Amanda Moore,bcastro@example.com,Australia,2020-01-08,Premium,101.33
802,Casey Phelps,anthonyclarke@example.com,France,2022-06-26,Standard,46.37
803,Edward Brown,dcasey@example.org,France,2022-08-01,Premium,104.98
804,Jennifer Larsen,qmosley@example.net,Germany,2024-03-09,Premium,185.00
805,Kelly Calderon,joelduncan@example.net,Japan,2021-12-05,Premium,111.51
806,Robert Murphy,tyler13@example.net,Japan,2022-01-26,Standard,82.91
807,Claudia Rodriguez,vshaffer@example.org,France,2022-01-16,Standard,33.85
808,Amy Ferguson,taragonzales@example.com,United Kingdom,2020-12-19,Basic,22.05
809,Donald Mueller,stewartrodney@example.net,France,2021-07-24,Standard,49.70
810,Walter Obrien,michaelbaldwin@example.com,Netherlands,2025-02-07,Premium,43.52
811,James Fowler,vazquezkristina@example.org,France,2024-02-02,Basic,75.26
812,Jasmine Browning,rebecca18@example.org,Netherlands,2025-12-01,Premium,63.11
813,Rodney Young,qpennington@example.com,Australia,2023-07-04,Basic,57.13
814,Sherry Wang,michelemartin@example.com,United States,2023-11-22,Standard,115.94
815,Teresa Ruiz,rmccormick@example.org,United States,2025-09-03,Standard,48.46
816,Thomas Garcia,vhouse@example.net,Canada,2025-11-13,Basic,113.52
817,Nicholas Kelley,hollyhunter@example.com,India,2025-01-04,Premium,62.64
818,Lorraine Gibbs,shawn00@example.net,Japan,2026-05-17,Basic,224.36
819,Bradley Moore,aarongonzalez@example.com,Australia,2021-01-07,Standard,24.88
820,Shane Anderson,melaniejennings@example.com,Japan,2021-07-18,Basic,77.01
821,Jason White,graceserrano@example.com,Australia,2026-03-26,Standard,101.71
822,Alexander Hansen,kduffy@example.org,Germany,2021-08-16,Basic,26.92
823,Samuel Williams,rebeccamccann@example.org,Australia,2024-05-05,Premium,65.87
824,Carolyn Bradley,jburke@example.org,United Kingdom,2025-07-29,Standard,52.25
825,Kathleen Walker,higginsryan@example.com,Canada,2024-09-26,Standard,169.08
826,Johnny Anderson,jamesatkins@example.com,Netherlands,2025-11-02,Standard,154.75
827,Chelsey White,carolcarney@example.com,Netherlands,2024-05-25,Standard,36.34
828,Susan Wood,anthonycherry@example.org,United Kingdom,2024-08-03,Standard,42.01
829,Valerie Sanders,emiller@example.org,Canada,2022-03-08,Standard,25.78
830,Angel Hawkins,jennifererickson@example.net,Australia,2022-10-06,Premium,72.27
831,Teresa Coffey DDS,cookjimmy@example.com,Brazil,2026-07-10,Standard,52.56
832,James Wood,smithwilliam@example.com,Germany,2023-11-13,Basic,57.63
833,Gerald Mcdonald Jr.,carpenterjorge@example.net,United Kingdom,2025-12-03,Standard,94.24
834,Carl Savage,hthomas@example.com,United States,2025-05-03,Premium,115.00
835,Pam Baker,julie64@example.com,Australia,2025-08-19,Basic,68.96
836,Pamela Hernandez DVM,ryan25@example.net,Japan,2021-06-21,Premium,80.09
837,Andrew Green,jbrown@example.org,Canada,2025-08-24,Premium,71.85
838,William Hoffman,fgraham@example.org,Australia,2025-03-28,Basic,57.09
839,Brandon Oneill,uvasquez@example.org,United States,2022-03-04,Standard,176.40
840,Mary Lewis,marybrady@example.com,Netherlands,2025-08-14,Standard,45.98
841,Danielle Jimenez,foxashley@example.com,Brazil,2023-05-10,Standard,53.83
842,Mrs. Jacqueline Hickman,clayanthony@example.net,Germany,2022-01-01,Basic,107.64
843,Michael Castillo,hooderic@example.org,Australia,2025-11-07,Basic,82.90
844,Tiffany Nguyen,brooke05@example.org,Japan,2021-07-31,Premium,72.11
845,Robert Manning,jasonwilliams@example.net,France,2023-02-02,Standard,44.78
846,Randy Ross,qdavis@example.org,Netherlands,2022-01-23,Basic,101.48
847,Paul Valdez,phelpsfrank@example.com,France,2024-08-17,Standard,47.09
848,Emily Cohen,evanslaurie@example.net,Germany,2023-09-20,Standard,56.89
849,Katherine Mcclure,michaeldavis@example.com,Japan,2021-04-02,Premium,58.60
850,Jay Richardson,madams@example.com,United Kingdom,2021-09-11,Premium,81.81
851,Valerie Rhodes,ryansimmons@example.org,Brazil,2020-06-26,Premium,86.39
852,Donna Kim,sarahrose@example.net,United Kingdom,2023-10-11,Standard,88.36
853,Sarah Mills,ievans@example.net,Australia,2020-12-02,Standard,26.89
854,Kayla Gutierrez,ashley81@example.org,United Kingdom,2022-09-28,Standard,63.11
855,Kevin Mack,kguerrero@example.com,France,2026-03-10,Basic,15.15
856,Sarah Williams,wilsondorothy@example.org,United Kingdom,2021-09-20,Standard,88.03
857,Jordan Santiago,tmcdowell@example.com,United States,2024-12-09,Basic,54.16
858,William Green,matthew23@example.org,Brazil,2025-12-30,Standard,89.28
859,Christopher Woods,hamiltonandrew@example.com,Brazil,2022-01-22,Standard,29.40
860,Elizabeth Li,vmelton@example.net,Japan,2023-02-20,Basic,128.87
861,Adrian Rodriguez,hannah64@example.org,United States,2024-08-19,Basic,56.31
862,Matthew Santos,hortonjacob@example.org,Australia,2025-06-02,Standard,103.17
863,Eric Ford,ywilkinson@example.net,Netherlands,2024-11-26,Standard,15.67
864,Nancy Wallace,hhenderson@example.org,United Kingdom,2020-04-29,Premium,37.42
865,Edward Gallegos,cruiz@example.net,Canada,2025-02-05,Standard,106.79
866,Michelle Petty,awilliams@example.org,France,2024-07-05,Standard,126.06
867,Donna Freeman,mmclaughlin@example.net,France,2025-11-30,Basic,15.64
868,Susan Dillon,upalmer@example.net,India,2022-07-14,Standard,62.90
869,Kristen Adams,jenniferrice@example.com,Japan,2024-11-29,Standard,32.56
870,Maria West,hsmall@example.com,Brazil,2024-10-04,Basic,33.58
871,Gregg Hall,ssmith@example.net,Netherlands,2024-08-28,Standard,12.53
872,Michelle Mcdonald,brianacohen@example.net,Japan,2025-03-30,Premium,64.13
873,Heather Kennedy,jennifer66@example.net,United Kingdom,2020-03-23,Basic,38.04
874,John Thompson,christycampbell@example.net,United Kingdom,2024-08-30,Standard,79.85
875,Katherine Young,catherinegarcia@example.com,India,2024-02-17,Standard,77.27
876,Christopher Clayton,kiddmichael@example.com,Australia,2026-08-08,Standard,45.18
877,Barbara Walker,romanmatthew@example.org,Germany,2026-03-26,Basic,80.52
878,Chris Vaughn,victoria50@example.net,Canada,2021-12-11,Basic,86.16
879,Tonya Campos,mccarthysara@example.com,France,2024-01-15,Premium,50.37
880,Amanda Garcia,harringtonchelsea@example.org,Netherlands,2020-09-08,Basic,107.86
881,Michelle Gill,pittsrhonda@example.org,United States,2021-09-28,Standard,30.09
882,Felicia Taylor,goconnor@example.org,India,2024-04-02,Standard,23.17
883,Robert Peterson,scottperry@example.org,Netherlands,2023-03-30,Standard,43.04
884,Maurice Hernandez,christopherwatson@example.com,India,2021-05-02,Basic,48.79
885,Jason Ellis,icobb@example.com,Australia,2022-07-08,Basic,19.07
886,Kelly Jones,sherry72@example.org,United States,2020-05-09,Premium,106.84
887,Andrew Nielsen,leroy26@example.org,United States,2024-02-18,Premium,49.68
888,Rebecca Liu,rachelbrown@example.net,Canada,2022-09-23,Premium,39.02
889,Susan Smith,robert84@example.net,Netherlands,2026-01-18,Standard,122.04
890,Mathew Clay,rachel92@example.net,Canada,2023-11-04,Standard,28.63
891,Craig Turner,zterry@example.net,Netherlands,2022-01-30,Standard,39.52
892,Beth Braun,medinapeter@example.net,Germany,2021-04-06,Basic,31.66
893,Nicole Moore,jason88@example.com,United Kingdom,2026-04-20,Basic,47.03
894,Raymond Barber,zamoraamber@example.com,Netherlands,2021-02-28,Standard,79.23
895,Heather Williams,dennismckenzie@example.com,India,2020-10-06,Standard,56.18
896,William Trujillo,westashley@example.org,Australia,2023-06-13,Standard,66.93
897,Brenda Gray,michaelmitchell@example.net,United States,2020-05-04,Standard,42.77
898,Heather Garcia,danielblack@example.org,United Kingdom,2022-11-26,Basic,55.56
899,Stephen Alvarez,fpoole@example.org,India,2023-02-07,Premium,62.26
900,Justin Maxwell,rmiller@example.net,Japan,2023-08-16,Premium,73.81
901,Katherine Mcpherson,breanna67@example.net,United States,2025-03-23,Basic,69.96
902,Walter Palmer,drewmartinez@example.net,Japan,2023-06-02,Basic,18.52
903,Terry Wood,bensonstanley@example.org,France,2026-07-30,Standard,28.81
904,Dylan Mills,guzmanricky@example.org,France,2025-02-26,Standard,178.70
905,Alfred Thomas,watsonvickie@example.com,France,2025-07-15,Premium,26.30
906,Robert Burns,twilliams@example.com,France,2020-09-11,Premium,29.46
907,Kenneth Knight,kelleycarlos@example.org,Japan,2021-11-20,Standard,48.05
908,Kathy Murray,kimberly79@example.org,Brazil,2021-05-11,Standard,45.56
909,Robert Beck,jcontreras@example.net,France,2024-04-03,Standard,48.81
910,Tina Wu,zhughes@example.com,France,2020-05-21,Premium,78.01
911,Patricia Parker,debbie20@example.net,Australia,2024-01-06,Basic,26.71
912,Nina Bernard,schneiderchristopher@example.net,India,2025-05-06,Basic,26.53
913,Timothy White,karenshaw@example.org,Canada,2026-06-01,Basic,96.16
914,Lauren Miller,hilljamie@example.net,United Kingdom,2020-10-24,Standard,23.03
915,Christopher Johnson,richard07@example.org,Japan,2020-09-30,Standard,29.26
916,Dominique White,patrick11@example.org,Netherlands,2024-04-26,Standard,49.18
917,Lucas Nguyen,moorestephanie@example.net,Brazil,2024-04-08,Standard,24.40
918,Jason Nguyen,reeveskenneth@example.org,France,2022-10-20,Standard,65.99
919,Paul Willis,hdavid@example.org,United States,2020-01-10,Standard,21.24
920,Debra Flores,gromero@example.com,Brazil,2020-01-02,Basic,96.93
921,Susan Smith,bjones@example.com,Germany,2023-04-03,Standard,92.97
922,Jason Miller,sanchezangela@example.org,Australia,2020-12-24,Basic,25.07
923,Dr. Kimberly Henderson,kristathomas@example.net,Netherlands,2022-05-14,Premium,67.88
924,William Smith,dwilliams@example.net,United States,2021-05-19,Basic,217.40
925,Gregory Chen,qnelson@example.net,Australia,2024-03-10,Standard,25.01
926,James Martinez,brandon89@example.org,Brazil,2026-05-09,Premium,53.82
927,Jonathan Pham,jessicalutz@example.com,Netherlands,2020-02-07,Standard,37.12
928,Erica Clark,cynthia74@example.org,Germany,2021-03-04,Standard,22.82
929,Steven Chambers,allen20@example.net,Netherlands,2020-08-30,Standard,26.78
930,James Miller PhD,speters@example.net,United Kingdom,2022-09-02,Standard,68.63
931,Caleb Stanton,ryanpatricia@example.net,Netherlands,2022-11-30,Basic,189.69
932,Randy Terry,wcarey@example.com,Japan,2021-06-06,Basic,165.67
933,Daniel Smith,martinezmitchell@example.org,United Kingdom,2023-05-15,Basic,49.84
934,Lori Stokes,erin53@example.org,Germany,2021-04-25,Premium,20.32
935,Johnathan Padilla,jimsnyder@example.com,India,2025-05-22,Standard,45.16
936,Sergio Carroll,adrianjoyce@example.net,Netherlands,2021-04-18,Standard,7.63
937,Megan Morrison,mjackson@example.net,Germany,2022-11-01,Standard,29.39
938,Timothy Foley,cameronanderson@example.org,Netherlands,2022-01-01,Basic,81.84
939,Justin Gibson,james08@example.net,India,2020-11-27,Standard,50.57
940,Erica Richard,pdavidson@example.org,Brazil,2025-10-08,Basic,70.05
941,Isaiah Blake,rhill@example.net,Australia,2024-11-11,Premium,126.32
942,Aaron Lee,brandonhull@example.net,Netherlands,2024-10-13,Standard,28.11
943,Michael Rosario,beardlindsey@example.net,Australia,2021-04-09,Standard,165.19
944,Anne Castillo,jamesmurphy@example.org,France,2025-10-08,Standard,46.38
945,Danielle Wells,watkinsconnie@example.com,Netherlands,2023-09-12,Basic,51.07
946,Patricia Harvey,marissa58@example.org,Germany,2020-03-16,Standard,28.61
947,Sydney Bennett,garrettbeth@example.org,United Kingdom,2026-03-21,Basic,64.74
948,Leslie Reynolds,pattonbryan@example.com,India,2024-02-23,Basic,27.66
949,Jennifer Williamson,byrdanita@example.com,Germany,2020-02-26,Basic,85.97
950,Jody Marshall,mhall@example.net,France,2020-07-07,Standard,143.67
951,Timothy Logan,nhobbs@example.org,India,2022-11-05,Premium,40.95
952,Adam Reeves,lholmes@example.org,United States,2021-10-25,Basic,82.78
953,Jason Hardy,rebeccamartinez@example.net,France,2023-12-25,Standard,48.12
954,Eric Graham,ilopez@example.org,Brazil,2026-06-06,Premium,62.91
955,Larry Carter,larry82@example.org,Canada,2022-09-13,Standard,32.40
956,Jonathon Conley,holmesdiane@example.org,Brazil,2025-12-05,Basic,15.24
957,Christina Jones,hendersonjames@example.org,India,2022-07-20,Basic,53.24
958,Erin Lane,elizabethneal@example.com,India,2021-09-26,Premium,41.27
959,Shawn Lozano,christina65@example.org,Brazil,2021-04-19,Premium,34.03
960,David Hanson,arobinson@example.net,Canada,2023-01-03,Standard,89.76
961,Jamie Ross,timothytate@example.com,France,2022-02-01,Basic,64.46
962,Brenda Alexander,coxcharles@example.org,Australia,2025-07-21,Standard,41.53
963,Daniel Green,bradley03@example.org,Japan,2021-11-21,Basic,65.68
964,Christopher Green,matthewspencer@example.org,Brazil,2025-07-10,Basic,45.09
965,Stacey Morgan,smitherica@example.com,Brazil,2023-08-21,Basic,49.90
966,Teresa Rowland,kevinallen@example.com,Japan,2021-04-10,Premium,68.64
967,Thomas Norton,ejohns@example.org,Brazil,2023-02-20,Standard,75.52
968,Vanessa Sanchez,amandabenson@example.com,France,2022-09-06,Standard,37.09
969,Charles Wright,hinesbrenda@example.net,Japan,2021-12-19,Standard,101.01
970,Brad Ruiz,monique89@example.com,United Kingdom,2022-05-18,Basic,122.80
971,Jacqueline Stone,jacksonpaul@example.net,Brazil,2022-10-02,Standard,126.70
972,Dr. John Perkins,marcbrooks@example.net,France,2023-10-09,Premium,23.68
973,Jennifer Torres,clarkpatricia@example.com,India,2026-03-01,Standard,65.26
974,Brandy Miller,xduncan@example.com,Brazil,2024-06-07,Standard,29.05
975,Jose Rogers,ostone@example.net,Japan,2020-07-19,Basic,96.04
976,Emily Reyes,amcdonald@example.com,Brazil,2022-05-03,Basic,38.34
977,Bradley Kirby,scottbaker@example.org,Australia,2026-07-16,Premium,48.42
978,Isaac Payne,hartmansara@example.org,Australia,2023-10-13,Basic,54.21
979,Patricia Bruce,james54@example.com,United States,2021-03-25,Basic,66.83
980,Susan Smith,janicebolton@example.net,India,2022-11-27,Premium,69.99
981,Norma Smith,juan56@example.com,United States,2025-02-03,Standard,76.33
982,Kara Black,michelleperez@example.net,Japan,2023-01-17,Basic,49.24
983,Emily Lopez,dsharp@example.com,United States,2020-03-27,Basic,35.91
984,Charles Russo,cclark@example.net,Netherlands,2020-05-16,Basic,22.72
985,Gina Barnes,sherry07@example.net,Brazil,2023-08-30,Standard,112.05
986,Kevin Bradley,sfarmer@example.net,Japan,2025-07-28,Premium,79.47
987,Rebecca Mcintyre,weekseric@example.com,Netherlands,2021-03-05,Premium,57.06
988,James Wells,nbaird@example.com,United Kingdom,2024-11-06,Standard,55.12
989,Michael Thompson,ashley74@example.org,Germany,2026-02-17,Standard,84.60
990,Jasmin Harris,mjohnson@example.org,United Kingdom,2026-06-21,Basic,29.20
991,Adam Murphy,donna17@example.org,Canada,2023-02-08,Standard,137.18
992,Karen Jones,hmyers@example.org,Brazil,2020-10-01,Premium,88.65
993,Mary Moore,davidharris@example.com,United States,2020-08-13,Basic,94.43
994,William Griffin,briana87@example.com,Japan,2020-12-24,Basic,52.72
995,Keith Henry,pjacobs@example.net,Japan,2024-06-29,Basic,80.85
996,Stanley Bryant,vjohnston@example.org,Canada,2024-05-20,Standard,29.47
997,Luke Reynolds,peter26@example.org,Canada,2025-02-09,Basic,40.50
998,Jennifer Bautista,lbartlett@example.net,Japan,2022-11-11,Standard,110.58
999,Mary Jones,nicolemoore@example.net,Canada,2025-06-12,Standard,90.83
1000,Jacob Campos,reginajenkins@example.net,Canada,2022-04-06,Basic,73.97
1001,Julia Jones,robert24@example.org,Japan,2024-03-02,Basic,40.57
1002,Jennifer Smith,vjames@example.com,Netherlands,2021-06-28,Standard,31.25
1003,Kari Jones,fletcherderek@example.net,United Kingdom,2025-06-09,Standard,79.89
1004,Sarah Jackson,jenniferkim@example.com,Brazil,2025-02-13,Basic,50.96
1005,Jeanne Jones,lawsongregory@example.org,Brazil,2021-05-12,Standard,37.41
1006,Miguel Stafford,byrderic@example.com,Netherlands,2021-02-13,Premium,53.45
1007,Margaret Moran,scottwilliams@example.net,Japan,2023-12-05,Basic,105.06
1008,Amber Bennett,myerskyle@example.org,Japan,2020-03-07,Basic,33.74
1009,Alan Johnson,sarahbrooks@example.org,Japan,2024-09-16,Standard,67.38
1010,Tyler Davis,rogersjames@example.net,Canada,2021-06-25,Standard,47.27
1011,Gabriel Hart,jenniferwilliams@example.net,Germany,2026-02-25,Standard,77.46
1012,Barbara Lewis,colleenvilla@example.com,India,2025-06-11,Basic,57.84
1013,James Ellis,marcus06@example.net,Canada,2022-09-24,Standard,31.47
1014,Austin Robinson,barrettjoshua@example.net,Brazil,2020-08-22,Standard,27.99
1015,Wanda Jefferson,katrina71@example.net,Brazil,2025-03-03,Standard,20.51
1016,Miss Megan Compton,johnathandavis@example.com,France,2025-11-03,Basic,28.45
1017,Samuel Olson,martinreid@example.net,Brazil,2022-07-15,Standard,91.49
1018,Natalie Gordon,andres97@example.com,Germany,2023-07-16,Basic,42.28
1019,Oscar Todd,hallchristina@example.org,India,2025-08-16,Standard,59.01
1020,James May,brownnicholas@example.com,Australia,2020-06-28,Standard,60.62
1021,Erin Ramirez,sandrageorge@example.com,India,2024-02-14,Standard,35.34
1022,Nicole Perez,meyertiffany@example.net,France,2020-06-28,Standard,36.78
1023,Mary Wright,matthew38@example.org,Germany,2021-07-20,Basic,161.31
1024,Mark Brown,cathyjames@example.com,France,2020-08-14,Standard,13.70
1025,Brenda Harris,mjones@example.org,Brazil,2022-02-12,Standard,17.21
1026,Blake Hardy,thompsonana@example.org,Canada,2026-03-08,Standard,98.15
1027,David Mitchell,frank33@example.com,Australia,2020-12-22,Basic,17.65
1028,Karen Tapia,mfaulkner@example.com,Australia,2024-06-19,Standard,54.13
1029,Leon Hamilton,raymond27@example.com,India,2026-08-04,Basic,62.17
1030,Jessica Miller,lorileon@example.org,France,2024-11-12,Standard,58.95
1031,James Torres,brooke28@example.net,Canada,2022-11-15,Standard,55.37
1032,Miguel Gonzalez,nicholas97@example.org,Canada,2025-07-25,Standard,77.12
1033,Katherine Frost,adamhensley@example.net,Canada,2022-01-12,Standard,45.51
1034,Martin Chapman MD,xwaller@example.com,India,2023-09-19,Standard,47.83
1035,Phillip Krueger,riddledavid@example.net,India,2021-07-22,Premium,135.58
1036,James Coleman,william75@example.net,Australia,2020-01-07,Premium,48.68
1037,Megan Terry,johnjohnson@example.com,Australia,2026-06-25,Standard,111.55
1038,David Lane,josegibson@example.net,Brazil,2025-06-21,Basic,171.39
1039,Janice Mccarthy,alexanderwise@example.net,Brazil,2022-07-09,Standard,65.67
1040,Jeffery Holt,stonejacob@example.com,Brazil,2022-09-08,Standard,17.18
1041,Tammy Booth,uwillis@example.com,Germany,2025-04-06,Standard,14.32
1042,Debra Clark,fieldskimberly@example.com,Canada,2020-01-22,Premium,82.29
1043,April Jones,ahale@example.org,France,2020-05-01,Basic,47.26
1044,Carolyn Brooks,pwarren@example.com,United States,2020-09-23,Standard,35.89
1045,Robert Lopez,jameswhite@example.org,Canada,2024-09-22,Basic,28.24
1046,Steven Ortiz,bradylisa@example.org,Japan,2026-03-17,Standard,44.70
1047,Caleb Brown,oneillgabriel@example.com,United Kingdom,2026-06-12,Basic,35.24
1048,Alexandra Adams,richardstimothy@example.net,India,2022-08-17,Basic,52.76
1049,Joseph Smith,ortegakristina@example.org,Canada,2026-05-18,Standard,133.57
1050,Jacob Wu,sarah75@example.net,United States,2020-12-08,Standard,25.28
1051,Vanessa Marks,lisa56@example.com,Brazil,2022-04-17,Standard,34.03
1052,Stacy Taylor,smithmonica@example.com,Netherlands,2021-01-21,Premium,100.39
1053,Danielle Hayes,meltonjoshua@example.net,Brazil,2026-01-16,Basic,101.85
1054,Mark Mcmahon,qrobertson@example.org,Netherlands,2023-02-08,Standard,35.78
1055,Jeremy Lawson,allen50@example.net,United Kingdom,2024-09-22,Basic,55.28
1056,Todd David,ystevenson@example.org,India,2024-11-17,Basic,41.98
1057,Elizabeth Lee,shatfield@example.org,Australia,2026-01-01,Premium,18.00
1058,Bethany Robles,mollywalter@example.net,France,2021-01-29,Standard,29.50
1059,Tina Olson,marisa87@example.org,Australia,2024-08-04,Premium,33.47
1060,Ashley Holder,johnjackson@example.net,United States,2024-08-03,Standard,105.75
1061,Connie Scott,martinsarah@example.com,Netherlands,2023-01-13,Standard,92.81
1062,Tammy Schultz,qlynn@example.org,France,2021-08-25,Standard,20.40
1063,Tara Miranda,sdavis@example.com,India,2020-03-10,Premium,103.75
1064,Molly Valdez,schneidernicholas@example.net,Brazil,2022-02-27,Basic,53.76
1065,Brandon Davis,ostokes@example.com,France,2021-10-04,Standard,37.16
1066,Erik James,juliewilson@example.com,India,2021-10-10,Standard,15.95
1067,Veronica Flores,collinsbrittany@example.org,Canada,2025-09-04,Standard,89.40
1068,Courtney Foster,lauren28@example.net,Japan,2022-04-07,Standard,48.49
1069,Mr. Kyle Thomas DDS,sstewart@example.org,Netherlands,2023-11-03,Premium,39.27
1070,Zachary Mccarthy,georgekyle@example.net,Brazil,2024-07-19,Basic,65.88
1071,Vincent Brown,nwelch@example.com,Brazil,2025-08-12,Standard,52.29
1072,Tammy Parsons,eric33@example.net,Germany,2021-02-17,Standard,105.58
1073,Caitlin Smith,tluna@example.net,France,2024-08-07,Basic,57.27
1074,Norma Myers DDS,rrogers@example.com,United States,2022-10-06,Standard,14.77
1075,Frank Moody,justin38@example.com,United States,2021-06-26,Standard,63.90
1076,Laura Ramos,hornjenna@example.com,Brazil,2020-02-09,Basic,124.94
1077,Paul Moss,jcarter@example.org,United States,2022-03-14,Standard,52.29
1078,Virginia Hernandez,coxmelissa@example.org,United States,2024-11-12,Standard,25.63
1079,William White,kshelton@example.org,India,2025-01-17,Standard,34.91
1080,Tracy Sims,wilsonzachary@example.com,United Kingdom,2026-04-13,Basic,58.94
1081,Eric Carlson,hsanchez@example.org,United Kingdom,2022-10-17,Standard,50.91
1082,Megan Davis DDS,denisebennett@example.net,India,2021-10-20,Basic,55.14
1083,Bryan Miller,phill@example.com,India,2021-12-03,Standard,82.10
1084,Kenneth Armstrong,gmay@example.org,Canada,2021-12-31,Standard,26.22
1085,Zachary Park,heather19@example.org,Germany,2026-01-26,Standard,49.63
1086,Shannon Medina,ashley15@example.org,Australia,2025-05-06,Premium,101.37
1087,Kimberly Burnett,bhess@example.com,Japan,2022-08-28,Standard,101.44
1088,Rachel Martinez,lbrown@example.net,Netherlands,2022-09-05,Standard,107.56
1089,Melissa Smith,tammymerritt@example.org,Canada,2021-04-10,Standard,77.60
1090,Daniel Martin,hmcbride@example.org,Japan,2026-05-07,Basic,79.95
1091,Heidi Stephens,melissa01@example.org,India,2026-08-07,Basic,62.60
1092,Angel Bautista,qrowland@example.org,Germany,2026-03-27,Standard,21.47
1093,Erik Bartlett DVM,donna72@example.net,Canada,2025-10-19,Standard,99.30
1094,Cole Evans,haileybates@example.org,France,2021-07-20,Standard,37.11
1095,Destiny Daniel,susanguzman@example.org,Brazil,2023-11-18,Premium,179.75
1096,Steven Ross,qjones@example.com,Brazil,2020-04-18,Standard,93.65
1097,Dalton Soto,duffyerica@example.net,Brazil,2021-02-08,Basic,13.04
1098,Samantha Jacobs,wanda35@example.net,United States,2021-09-29,Basic,77.92
1099,Victor Wright,uunderwood@example.com,Japan,2021-07-12,Standard,98.75
1100,Mark Cox,david18@example.com,Germany,2020-09-27,Standard,61.39
1101,James Novak,kimberly23@example.com,Australia,2025-06-27,Standard,53.96
1102,Nicholas Parker,ylynn@example.org,Netherlands,2025-08-19,Standard,48.60
1103,Diane Nelson,wdavis@example.net,Netherlands,2025-11-25,Basic,63.97
1104,Robert Byrd,mosleygeorge@example.com,Canada,2021-12-18,Standard,187.61
1105,Jose Moore,iwoods@example.com,Brazil,2021-05-10,Basic,102.38
1106,Nicholas Villegas,douglasbradley@example.com,Japan,2024-11-25,Standard,163.97
1107,William Lindsey,erikabarnes@example.com,Germany,2024-07-26,Basic,17.07
1108,Robin Torres,joshua68@example.net,Germany,2020-04-02,Basic,28.76
1109,Madison Jones,mezarichard@example.com,Germany,2022-07-20,Standard,60.99
1110,Dustin Noble,shirleymartin@example.org,United Kingdom,2025-11-07,Standard,73.82
1111,Breanna Jimenez,haydenroger@example.net,Canada,2023-06-23,Basic,51.11
1112,Jeffery Ferguson,sullivanchristina@example.net,Brazil,2026-07-30,Premium,62.02
1113,Traci Craig,john89@example.org,Japan,2025-05-25,Standard,27.32
1114,Tiffany Henderson,gregoryrichardson@example.org,Canada,2026-02-02,Standard,94.86
1115,Danielle Ryan,hjackson@example.com,Netherlands,2023-02-09,Standard,18.00
1116,Oscar Carroll,robertstimothy@example.com,France,2025-07-13,Basic,65.39
1117,Stephanie Walls,sandrahickman@example.net,Brazil,2024-09-21,Premium,112.33
1118,Edwin Rodriguez,abrown@example.net,United Kingdom,2021-08-26,Standard,69.51
1119,Jeffrey Gonzalez,pamela26@example.com,United Kingdom,2020-01-11,Standard,88.13
1120,Matthew Perez,robertgentry@example.org,Australia,2024-08-20,Standard,116.01
1121,Kimberly Adams,xbrooks@example.com,Netherlands,2021-11-06,Premium,79.57
1122,Paul Smith,cdouglas@example.org,Netherlands,2024-08-24,Standard,101.50
1123,Patrick Santana,danielmitchell@example.org,United Kingdom,2025-11-24,Standard,29.60
1124,Mrs. Katherine Simpson,elizabethvaughan@example.net,United States,2024-03-08,Standard,49.44
1125,Tammy Cameron,markduran@example.com,United Kingdom,2022-12-19,Standard,68.27
1126,Gregory Smith,ganderson@example.org,United Kingdom,2024-12-26,Standard,113.81
1127,Nancy Hamilton,brettgallegos@example.com,Canada,2020-08-20,Premium,61.69
1128,Monica Lopez,justin16@example.org,India,2021-06-11,Standard,45.76
1129,Christina Mccarthy,katie43@example.net,France,2024-09-08,Standard,134.40
1130,Scott Fuller,hayneswayne@example.org,France,2024-11-10,Basic,94.42
1131,Corey Thomas,jeromeanderson@example.org,Japan,2023-07-11,Basic,88.66
1132,Joseph Graves,jensenchristopher@example.org,France,2026-03-23,Premium,51.54
1133,Maria Torres,jeffreysimmons@example.org,United Kingdom,2022-09-04,Standard,49.53
1134,Anthony Williams,michael56@example.org,United Kingdom,2022-02-11,Standard,24.71
1135,Terry Garcia,guerreromarc@example.com,Japan,2024-04-15,Premium,71.48
1136,Brent Smith,johnnyhenry@example.com,United States,2022-05-28,Premium,40.92
1137,Leah Jacobs,markfigueroa@example.com,Canada,2021-10-07,Basic,42.99
1138,Brian Soto,debraclark@example.com,United Kingdom,2021-05-31,Standard,51.88
1139,Cheryl Griffin,williamstanya@example.net,France,2021-09-09,Premium,44.39
1140,John Juarez,jonesamy@example.com,India,2020-06-05,Basic,53.76
1141,Stephanie Malone,bradleylee@example.net,Japan,2025-06-23,Basic,64.63
1142,Jason Velazquez,patricia71@example.com,Australia,2023-02-08,Basic,47.12
1143,Tyler Brown,jacksonjoshua@example.org,Netherlands,2023-06-10,Standard,28.99
1144,Kayla Jones,joysanders@example.net,Brazil,2025-08-04,Basic,21.61
1145,Jennifer Nelson,ychristensen@example.net,United States,2025-06-02,Standard,23.69
1146,Sherry Gibbs,adamarmstrong@example.net,Canada,2022-04-21,Standard,28.46
1147,Samuel Phillips,ugordon@example.net,Australia,2023-05-10,Standard,143.98
1148,Dorothy Bowman,andrea23@example.org,Brazil,2024-06-19,Standard,37.74
1149,Wanda Clark,sara40@example.net,Brazil,2021-09-29,Standard,55.63
1150,Erika Potts,smithmichael@example.net,Canada,2025-04-23,Basic,42.22
1151,Anthony Cabrera,jennifer69@example.com,Canada,2020-10-03,Basic,47.26
1152,Kimberly Irwin,jeffrey42@example.com,Brazil,2022-07-01,Basic,25.24
1153,Mark Munoz,sharphailey@example.net,Japan,2022-11-27,Basic,26.28
1154,Mark Garrison,lisawalker@example.com,Brazil,2026-01-21,Standard,138.01
1155,Jackie Barrera,omoore@example.net,Brazil,2022-08-23,Premium,96.43
1156,John Blair,crawfordstephen@example.org,Canada,2024-09-03,Standard,54.79
1157,Chelsea Thomas,andrew22@example.com,United Kingdom,2021-05-25,Premium,47.75
1158,Joseph Acosta,psanchez@example.com,Australia,2024-06-28,Standard,20.45
1159,Adam Rivas,morrisonnicholas@example.org,Brazil,2021-10-27,Standard,14.32
1160,Mark Smith,andersonkayla@example.com,Netherlands,2020-07-24,Standard,55.92
1161,Sarah Miller,rosariodaniel@example.net,Australia,2022-10-25,Standard,39.58
1162,Elizabeth Mendoza,timothyhart@example.com,Germany,2022-03-05,Standard,103.31
1163,Alisha Williams,brianholt@example.net,United Kingdom,2023-07-22,Standard,43.85
1164,Allison Simmons,curtis62@example.org,United Kingdom,2020-08-02,Standard,81.75
1165,Stephen Carson,michaelmitchell@example.net,Canada,2023-10-27,Basic,263.57
1166,Tyler Howard,vasquezvicki@example.org,India,2020-07-30,Premium,47.79
1167,Jeffrey Rogers,david10@example.net,India,2022-07-26,Premium,11.88
1168,Lori Mitchell,erinhernandez@example.net,Canada,2022-05-12,Standard,37.57
1169,Rita Dawson,nelsonvictor@example.com,United States,2020-01-11,Basic,23.70
1170,Bridget Hernandez,mccormickmichelle@example.org,India,2022-11-10,Basic,35.33
1171,Ashley Simmons,ygriffith@example.com,India,2025-08-24,Basic,61.84
1172,Heather Snyder,duane52@example.org,Germany,2020-06-17,Premium,89.17
1173,Felicia Pham,asteele@example.net,Australia,2021-11-05,Basic,64.74
1174,Kim Underwood,patrickdunn@example.net,United Kingdom,2022-11-09,Standard,38.25
1175,Paula Shepherd,tmiller@example.com,United Kingdom,2024-01-24,Standard,298.62
1176,Samuel Cox,jacquelineyoung@example.org,Australia,2021-02-22,Premium,76.83
1177,Heather Atkinson,hrosario@example.org,Japan,2025-07-14,Basic,74.62
1178,Susan Sanchez,kenneththomas@example.net,Brazil,2020-08-31,Standard,43.11
1179,Jamie Johnson,briantaylor@example.net,Germany,2026-02-09,Basic,56.54
1180,Angela Monroe,swatson@example.org,France,2025-11-03,Standard,59.33
1181,Adam Guerra,anthonydiaz@example.org,Netherlands,2023-10-23,Basic,63.37
1182,Nicole Hale,lhernandez@example.com,United States,2021-09-12,Basic,96.23
1183,Donna Moore,theodore57@example.net,France,2025-09-18,Basic,82.33
1184,Ronnie Frazier,munozglenn@example.org,United Kingdom,2021-09-14,Standard,36.68
1185,Michelle Henderson,qspencer@example.net,Germany,2024-01-17,Standard,43.41
1186,Beth Lewis,josephdavis@example.com,Japan,2024-08-28,Standard,99.57
1187,Lisa Jones,robinsonisaiah@example.net,Brazil,2021-09-12,Premium,47.86
1188,James Brown,pwoods@example.net,Japan,2021-05-17,Basic,77.45
1189,Jack Maxwell,deborah34@example.org,India,2024-08-01,Standard,126.03
1190,Daniel Smith,anthony42@example.net,Australia,2024-05-26,Standard,77.56
1191,William Cunningham,jacob30@example.org,United Kingdom,2022-07-27,Standard,15.38
1192,Alejandra Kelly,uwilliams@example.org,France,2022-07-31,Standard,51.84
1193,Molly Dickson,susan83@example.com,Brazil,2025-04-19,Standard,44.15
1194,Robert Hernandez,riverapeggy@example.net,Canada,2025-08-09,Standard,47.76
1195,Michael Miller,cwoods@example.com,Germany,2023-08-26,Premium,63.54
1196,Martha Mack,cisnerosjesse@example.org,Japan,2020-10-02,Standard,62.31
1197,Kelly Mack,victoriamason@example.net,United States,2025-04-10,Premium,53.19
1198,Scott Jordan,vfloyd@example.com,India,2021-08-15,Basic,55.48
1199,Christian Burton,nallen@example.net,Canada,2022-06-24,Premium,37.59
1200,Emily Dillon,adavis@example.org,United States,2024-04-17,Premium,60.67
1201,Candice Ramirez,portershawn@example.org,Germany,2022-08-01,Basic,32.01
1202,Deanna Kennedy,michael12@example.net,Brazil,2024-02-06,Standard,12.18
1203,Katherine Cox,kathryn72@example.org,Brazil,2024-11-04,Basic,65.62
1204,Ryan Crane,richard92@example.com,Germany,2020-04-07,Basic,35.81
1205,Shawn Fleming,christopher68@example.com,Netherlands,2021-01-27,Basic,45.78
1206,Samuel Roberts,figueroajohn@example.net,Australia,2023-06-22,Basic,20.19
1207,Joel Davis,ashleynash@example.org,United States,2023-04-14,Standard,231.27
1208,Christopher Rodriguez,imcdonald@example.com,Netherlands,2020-06-27,Standard,89.51
1209,Evan Davies,mtate@example.com,Netherlands,2023-09-25,Basic,73.73
1210,Jesse Gardner,vlewis@example.com,Netherlands,2020-07-30,Basic,36.16
1211,Victoria Schroeder,nthomas@example.com,Japan,2024-05-31,Standard,25.93
1212,Cindy Lewis,mayermichael@example.com,India,2020-01-24,Standard,38.96
1213,Christopher Thomas,cisnerosgabriela@example.com,Germany,2021-01-11,Premium,39.10
1214,Mckenzie Green,richard47@example.com,Canada,2022-12-26,Basic,58.03
1215,Elizabeth Gonzalez,davisrachel@example.com,Netherlands,2021-08-15,Standard,60.90
1216,Tracie Kim,iolson@example.net,Australia,2023-04-18,Basic,83.29
1217,Nathan Lane,jmorrow@example.net,Australia,2026-01-29,Standard,55.74
1218,Nancy Stewart,mariodowns@example.net,France,2022-01-11,Premium,83.32
1219,Ashley Cordova,peggypeck@example.com,Netherlands,2023-07-08,Standard,74.94
1220,Terri Mathews DDS,ubaker@example.org,Netherlands,2026-02-28,Standard,34.66
1221,Joshua Martin,johnsonjulie@example.org,India,2024-01-12,Standard,76.58
1222,Laura Smith,nrobinson@example.org,Australia,2021-12-02,Standard,87.13
1223,Mariah Bryant,allen48@example.org,Canada,2023-11-13,Standard,84.67
1224,Pamela Wilson,ibell@example.com,United States,2021-04-18,Standard,215.06
1225,Kimberly James,stephenbrooks@example.net,Japan,2020-04-28,Standard,142.09
1226,Susan Garcia,swalters@example.net,Japan,2026-02-11,Standard,135.85
1227,Timothy Garcia,shafferdale@example.net,United States,2024-04-15,Basic,51.99
1228,Sarah Lewis,schultzwesley@example.org,Germany,2025-12-09,Standard,131.14
1229,Tiffany Bell,harnold@example.org,Australia,2025-01-20,Basic,18.87
1230,Jennifer Ayers,pgutierrez@example.net,United Kingdom,2020-11-24,Standard,70.42
1231,Ryan Pope,williamadams@example.net,United Kingdom,2023-11-27,Standard,46.44
1232,Alexander Gibbs,anunez@example.com,Australia,2026-01-29,Basic,51.03
1233,Jenna Jensen,matthew96@example.org,India,2024-02-03,Standard,28.41
1234,Todd Myers,zpoole@example.net,Germany,2025-08-24,Basic,58.82
1235,Brett Owen,richardflores@example.org,Netherlands,2022-02-20,Premium,79.00
1236,Sara Moore,welchkristen@example.net,Japan,2021-04-11,Premium,64.30
1237,Randy Hernandez,james10@example.com,Brazil,2023-07-12,Standard,17.73
1238,Jesse Welch,armstronganthony@example.net,Australia,2022-06-07,Standard,14.62
1239,Danielle Deleon,jacob34@example.org,United States,2020-02-24,Basic,67.37
1240,Timothy Burton,qtownsend@example.org,France,2020-12-29,Basic,50.51
1241,Douglas Kline,rodriguezsara@example.org,France,2026-04-07,Basic,175.71
1242,John Johnson,jonesmegan@example.org,Australia,2024-11-28,Basic,40.75
1242,James Johnson,jonesamber@example.org,United Kingdom,2023-10-16,Basic,125.61
1243,Jaime Edwards,tuckerconnie@example.org,Canada,2025-08-25,Premium,27.33
1244,Christopher Bradley,lstokes@example.com,Canada,2020-12-01,Standard,29.21
1245,Mr. Joshua Moore,wilsonmatthew@example.com,Netherlands,2025-05-31,Standard,22.04
1246,Kelly Hodges,sara39@example.org,Japan,2022-01-23,Premium,64.56
1247,Charles Miller,michellewilson@example.org,United States,2025-07-25,Standard,34.97
1248,Juan Phillips,josepholson@example.org,India,2024-12-22,Premium,45.77
1249,Craig Mathis,zgraham@example.org,Canada,2025-06-07,Standard,49.07
1250,Robert Mckay,suzanne19@example.net,Brazil,2023-10-26,Standard,30.62
1251,Denise Flores,chamilton@example.com,Netherlands,2022-03-31,Standard,68.51
1252,Steven Weiss,lawsonruben@example.net,Japan,2026-02-28,Standard,58.25
1253,Jason Munoz,cjackson@example.net,Japan,2024-09-06,Basic,79.76
1254,Cody Sanchez,raymond12@example.com,United States,2025-07-05,Basic,34.32
1255,Fernando Smith,dianewatson@example.com,Germany,2021-10-12,Standard,58.70
1256,Janice Guzman,jason95@example.org,Netherlands,2025-04-10,Premium,70.49
1257,Rhonda Powers,dakotaramirez@example.net,France,2020-04-01,Standard,21.91
1258,Christina Williams,bfleming@example.com,United Kingdom,2023-07-31,Standard,39.82
1259,Jesse Guzman,rjimenez@example.com,Japan,2021-06-12,Standard,57.11
1260,Richard Johnston,byoung@example.com,Canada,2022-05-08,Basic,144.81
1261,Joseph Rose,buckjustin@example.com,Netherlands,2025-11-25,Standard,78.53
1262,Jennifer Turner,deanna17@example.org,India,2022-11-14,Standard,32.89
1263,Katherine Williams,karen61@example.net,United States,2022-10-27,Standard,31.00
1264,Barbara Brooks,heather77@example.net,France,2020-05-28,Premium,53.05
1265,Wyatt Callahan,johnsonbrandon@example.org,Japan,2021-01-20,Premium,11.87
1266,Robin Cabrera,fperez@example.org,United States,2023-09-20,Basic,168.99
1267,Amanda Williams,villamiranda@example.com,Netherlands,2020-08-18,Premium,29.08
1268,Christopher Taylor,charles59@example.com,India,2024-05-15,Standard,44.01
1269,Stacy Church,uwilson@example.org,Australia,2026-04-07,Premium,32.88
1270,Cynthia Woods,qwalsh@example.org,Australia,2024-05-27,Standard,34.42
1271,Mr. Ralph Dawson,ubray@example.net,France,2020-07-26,Premium,60.06
1272,Wesley Brown,angelica33@example.net,United Kingdom,2021-05-02,Basic,90.72
1273,Brian Clark,santiagotaylor@example.com,United States,2021-05-24,Basic,83.42
1274,Jonathan Sloan,kathleen47@example.net,Germany,2024-06-26,Standard,139.94
1275,Kayla Deleon,sabrinacruz@example.com,Netherlands,2021-10-09,Basic,48.47
1276,Sergio Wong,caseyhenderson@example.net,Brazil,2024-09-21,Basic,46.68
1277,Steven Lopez,stevenrodriguez@example.org,India,2024-01-19,Basic,82.73
1278,Timothy Miller,alvarezalyssa@example.com,Germany,2026-06-06,Premium,109.34
1279,Gene Alexander,zlewis@example.net,United States,2023-05-23,Standard,61.84
1280,James Wheeler,corey66@example.org,Canada,2020-08-11,Basic,44.27
1281,David Rodriguez,gstone@example.net,India,2023-10-04,Standard,127.63
1282,Joseph Hill,brownaustin@example.com,India,2023-04-07,Basic,34.37
1283,Sherry Adams,gmyers@example.org,United States,2025-01-05,Standard,66.13
1284,Kyle Gross,georgeharris@example.net,Australia,2021-11-10,Standard,12.10
1285,Eric Knox,lopezrebecca@example.net,Germany,2021-06-27,Standard,93.62
1286,Steven Thomas,georgemaldonado@example.org,India,2025-08-25,Basic,39.07
1287,Dennis Jones,waderonnie@example.org,Brazil,2023-09-28,Standard,73.77
1288,Sarah Wheeler,,United States,2021-04-29,Standard,64.80
1289,Andrew Smith,faguilar@example.org,United States,2024-02-26,Basic,76.13
1290,Patricia Garcia,mary88@example.org,United Kingdom,2024-02-07,Premium,41.51
1291,Dawn Ellis,shaun58@example.com,Australia,2025-08-28,Standard,24.28
1292,Stephanie Larson,kevin58@example.net,Canada,2026-04-23,Standard,212.90
1293,William Chase,nelsonapril@example.net,United Kingdom,2024-02-16,Standard,23.00
1294,Valerie Howard,michaeljohnson@example.net,India,2021-08-25,Standard,55.49
1295,Donald Sims,leestephanie@example.net,Germany,2024-09-03,Standard,63.96
1296,Michael Barron,harcher@example.org,Brazil,2026-03-22,Basic,49.27
1297,Kevin Miles,rlawrence@example.com,Japan,2021-09-27,Premium,95.04
1298,Wayne Porter,hamiltonspencer@example.com,Netherlands,2024-03-05,Standard,28.38
1299,Mary Torres,stevenhernandez@example.com,Australia,2024-02-22,Basic,82.65
1300,Douglas Watkins,calvin40@example.com,France,2020-04-25,Standard,20.79
1301,April King,freemanadam@example.com,France,2025-06-09,Standard,79.55
1302,Michelle Thomas,natasha88@example.org,Canada,2024-04-08,Basic,41.59
1303,John Gomez,ryanhull@example.com,Netherlands,2021-08-18,Standard,24.72
1304,Linda Thompson,ghenderson@example.com,Japan,2023-07-19,Standard,120.94
1305,Randall Wright,ushelton@example.net,United Kingdom,2020-11-23,Basic,38.49
1306,Keith Fuller,tspencer@example.com,France,2026-01-06,Premium,82.40
1307,Joseph Benson,nicholasliu@example.com,France,2023-10-01,Standard,83.15
1308,Julia Gaines,taylor67@example.com,India,2023-08-26,Premium,150.80
1309,Elizabeth Sanchez,bernardrobert@example.org,India,2020-01-21,Standard,70.77
1310,Ryan Martinez,david89@example.com,France,2024-07-12,Standard,75.29
1311,Anthony Brown,fordkathryn@example.net,Canada,2021-12-24,Standard,36.07
1312,Melissa Lin,cookconnor@example.com,Canada,2020-04-10,Premium,44.92
1313,Meredith Black,yangemily@example.net,Japan,2024-07-13,Standard,112.41
1314,Elizabeth Collins,rtaylor@example.net,United Kingdom,2024-01-15,Premium,27.10
1315,Aaron Munoz,shaffercindy@example.org,Germany,2025-05-17,Premium,149.94
1316,Ross Wallace,meyerjohn@example.org,Germany,2025-12-26,Basic,45.99
1317,Dr. Sarah Payne,howekevin@example.com,Japan,2023-11-27,Standard,102.04
1318,Mark Lopez,nvillarreal@example.org,Brazil,2023-10-20,Standard,64.03
1319,John Roberts,georgeharmon@example.net,Germany,2022-07-02,Standard,29.43
1320,James Marsh,haleytrevor@example.net,Netherlands,2020-02-03,Basic,26.42
1321,Jim Elliott,bbutler@example.org,Canada,2024-11-16,Basic,32.69
1322,Lisa Williams,carpenteraustin@example.net,Germany,2025-05-31,Basic,19.44
1323,Christopher Mason,sydney77@example.com,United Kingdom,2025-04-26,Standard,44.67
1324,Carrie Hernandez,michaelmccarthy@example.com,United Kingdom,2020-02-13,Standard,67.23
1325,James Hendricks,stephen24@example.net,Canada,2025-10-12,Standard,93.51
1326,Laura Pennington,ebennett@example.net,Canada,2024-03-05,Basic,91.48
1327,Luis Powell,david59@example.net,United Kingdom,2022-10-07,Standard,27.10
1328,Brian Villa,johnsonjessica@example.org,Germany,2023-02-03,Standard,33.28
1329,Ashley Gilmore,omorris@example.net,United Kingdom,2024-05-09,Standard,108.78
1330,David Johnson,acampos@example.org,India,2025-09-11,Basic,33.25
1331,Tammy Morris,alexandernicholas@example.net,United Kingdom,2020-12-12,Premium,128.31
1332,Christina Henry,ogray@example.net,Japan,2020-06-17,Standard,86.94
1333,Cheryl Perkins,jeremiah26@example.net,Canada,2021-07-29,Basic,138.13
1334,Jason Payne,harrislisa@example.org,United Kingdom,2023-03-23,Standard,24.01
1335,Kathleen Collier,petersonfaith@example.net,France,2020-12-01,Basic,30.83
1336,Sarah Solis,wmason@example.net,Germany,2020-09-13,Standard,91.17
1337,Bethany Holmes,ypatterson@example.org,Canada,2026-04-13,Standard,138.18
1338,Alison Nicholson,wilsonjerry@example.net,Germany,2020-03-29,Basic,83.12
1339,Shane Moore,sandra46@example.net,Australia,2022-05-23,Standard,131.38
1340,Kathryn Ross,charles93@example.net,India,2023-05-02,Standard,39.42
1341,Thomas Baker,gardnerpatricia@example.net,France,2020-11-27,Premium,91.82
1342,Phillip Taylor,johnsonrobert@example.org,Netherlands,2022-11-07,Premium,56.07
1343,Travis Strong,sandra03@example.com,United States,2022-09-17,Standard,184.77
1344,Lisa Miller,reedchad@example.com,United Kingdom,2021-07-12,Standard,54.01
1345,Andrew Romero,rpotts@example.net,United Kingdom,2020-04-27,Standard,75.74
1346,Allison Casey,ryan43@example.org,Japan,2024-02-29,Premium,38.24
1347,Alicia Olson,amandadalton@example.net,India,2021-12-29,Basic,108.55
1348,Jeffery Taylor,scannon@example.org,India,2025-01-15,Premium,72.00
1349,Greg Hull,nwilson@example.com,Germany,2020-09-13,Basic,59.41
1350,Paul Morton,jessechapman@example.org,Japan,2024-12-19,Standard,75.11
1351,Anthony Brown,ritteralexis@example.net,Brazil,2021-05-13,Standard,97.80
1352,Matthew Sanchez,cwhite@example.com,Japan,2021-11-08,Basic,66.14
1353,Billy Wright,david67@example.net,Netherlands,2024-10-18,Basic,42.39
1354,Shannon Wallace,troymoss@example.com,Netherlands,2022-03-27,Premium,63.61
1355,Steven Flores,shelly84@example.net,France,2026-04-09,Premium,24.42
1356,Katelyn Miller,brownrachel@example.net,Japan,2020-01-01,Basic,51.69
1357,Christine Watson,maureenmeyer@example.com,India,2023-01-22,Standard,16.49
1358,Jordan Wilson,barryyoung@example.com,France,2023-02-22,Premium,50.15
1359,Elizabeth Hanna,rhuff@example.com,India,2020-06-16,Premium,92.35
1360,James Wallace,ramirezchelsea@example.com,United States,2020-08-19,Standard,58.82
1361,Mary Johnson,jamielopez@example.com,Japan,2020-06-08,Basic,147.56
1362,Leslie Todd,sharon95@example.com,Australia,2024-07-14,Premium,57.29
1363,Tanya Goodwin,jessica96@example.com,Brazil,2026-07-11,Premium,66.40
1364,William Nichols,transtephanie@example.net,United Kingdom,2022-06-15,Standard,27.36
1365,Tyler Mcdonald,karmstrong@example.net,Japan,2021-05-01,Basic,42.88
1366,Angela Wright,davidsmith@example.net,Canada,2022-04-16,Premium,46.11
1367,Derrick King,matthew60@example.net,Canada,2020-04-02,Basic,51.19
1368,Sarah Wallace,martinezashley@example.com,India,2024-04-26,Standard,80.91
1369,Dr. Daniel Brown,gonzalessteven@example.com,India,2022-09-21,Standard,86.75
1370,Jessica Scott,hillcheryl@example.com,Netherlands,2025-04-28,Premium,27.25
1371,Bridget Williamson,jordan72@example.org,United Kingdom,2024-08-28,Premium,83.31
1372,Shannon Riley,halldiamond@example.org,United Kingdom,2023-01-15,Premium,54.48
1373,Vanessa Smith DVM,tranjeremy@example.net,Japan,2023-09-05,Standard,34.92
1374,Billy Wallace,amber09@example.org,United Kingdom,2026-03-13,Premium,76.93
1375,Melanie Jones,youngmark@example.com,Japan,2024-07-03,Standard,37.96
1376,Richard Rogers,jliu@example.org,Netherlands,2026-02-20,Standard,173.54
1377,Elizabeth Johnson,xmerritt@example.com,Japan,2023-04-22,Basic,89.43
1378,Daniel Edwards,bradley29@example.org,Germany,2024-12-14,Basic,37.82
1379,Brittany Farmer,shelby69@example.org,Netherlands,2021-05-09,Standard,71.93
1380,Yolanda Mccoy,friedmansusan@example.org,Germany,2026-05-16,Basic,51.52
1381,Lisa Hopkins,hryan@example.net,Germany,2026-01-24,Premium,53.66
1382,David Sanchez,mstewart@example.net,Brazil,2024-04-30,Standard,22.77
1383,Nicholas Beard,jerry51@example.net,Japan,2022-08-29,Premium,122.78
1384,Martha Jacobs,christopher88@example.org,Brazil,2025-02-10,Basic,15.94
1385,Victoria Frost,ohartman@example.net,France,2023-06-21,Standard,50.80
1386,Lisa Flynn,kimberlyrussell@example.net,United States,2025-05-26,Basic,48.98
1387,Brittany Snyder,lee16@example.com,Japan,2026-06-10,Standard,35.99
1388,Jason Cannon,rachelwalter@example.org,India,2023-06-21,Standard,102.95
1389,Allison Jackson,inewton@example.org,Germany,2023-03-12,Standard,68.49
1390,Heather Morales,andersonmichelle@example.com,India,2023-02-18,Basic,33.51
1391,Lisa Mcknight,jenniferwilson@example.com,Canada,2021-11-30,Standard,64.34
1392,Lynn Yang,jonessamantha@example.com,France,2020-01-08,Basic,190.67
1393,Clifford Cannon,eroberts@example.net,Netherlands,2022-11-22,Premium,45.50
1394,Matthew Gray,hernandezalan@example.net,Australia,2020-03-23,Basic,43.56
1395,Raymond Hall,uthompson@example.net,France,2020-07-22,Standard,42.20
1396,Lauren Anthony,kpeterson@example.net,Germany,2021-11-21,Standard,41.61
1397,Tiffany Williams,ymitchell@example.com,United Kingdom,2022-07-09,Premium,43.67
1398,Gregory Martin,russellramirez@example.net,Brazil,2022-08-20,Standard,33.92
1399,Thomas Zhang,joshua73@example.org,Canada,2023-04-21,Basic,56.42
1400,Juan Romero,middletonelizabeth@example.org,United Kingdom,2022-07-08,Standard,63.34
1401,Chloe Freeman,anthonyorr@example.net,Canada,2025-09-15,Standard,35.76
1402,Jeremy Martinez,woodjuan@example.net,Australia,2020-06-23,Standard,55.22
1403,Sarah Wallace,hphillips@example.net,France,2021-04-26,Basic,44.21
1404,Monique Wilson MD,fsnyder@example.org,Netherlands,2025-07-14,Premium,45.96
1405,Jonathon Hill,garnerjeffrey@example.org,Japan,2020-01-27,Basic,74.90
1406,Timothy Bauer,mannleroy@example.org,Canada,2021-09-19,Standard,53.11
1407,Danielle Willis,james80@example.net,Japan,2024-08-11,Basic,55.77
1408,Mr. Jonathan Anderson,emilybaker@example.org,United States,2024-05-09,Standard,47.14
1409,Jeffrey Henry,tapiamercedes@example.net,Netherlands,2023-01-18,Basic,35.69
1410,James Silva,jenniferwilliams@example.net,United States,2025-05-14,Basic,36.21
1411,Mary Henry,todd24@example.org,United States,2024-03-25,Standard,39.76
1412,Daniel Mccarty,iharper@example.com,Canada,2021-08-28,Premium,131.05
1413,Audrey Marshall,robert75@example.org,Japan,2024-11-07,Premium,123.24
1414,Stephen Larsen,donna56@example.net,Canada,2026-07-22,Standard,108.58
1415,Derek Lewis,rburke@example.org,United Kingdom,2021-08-06,Basic,58.49
1416,Evan Myers,xbrown@example.com,Canada,2023-05-10,Premium,207.94
1417,Nicholas Morgan,qcoleman@example.org,France,2020-05-18,Basic,268.34
1418,Kimberly Chan,parkerrobert@example.net,United States,2021-11-08,Basic,78.31
1419,Joshua Clements,gouldchristina@example.com,United Kingdom,2024-09-28,Standard,53.93
1420,Harold Miranda,langchristopher@example.net,France,2022-02-11,Standard,90.28
1421,Victoria Massey,penaapril@example.com,Germany,2020-10-08,Standard,106.11
1422,Susan Rivera,oheath@example.com,Canada,2022-07-07,Basic,50.00
1423,Alejandro Bentley,angelawright@example.org,United Kingdom,2026-04-10,Standard,131.35
1424,Eric Hall,masonlacey@example.org,Brazil,2022-11-09,Standard,189.73
1425,Bonnie Yang,arthurbrady@example.com,Brazil,2025-02-03,Standard,65.73
1426,Pamela Perry,michelle11@example.net,France,2026-03-11,Premium,74.01
1427,Kevin Myers,newtonamber@example.org,Netherlands,2025-10-23,Basic,137.78
1428,Donald Harris,kristen68@example.net,United Kingdom,2020-01-27,Basic,96.13
1429,Brandon Rasmussen,tanya97@example.com,France,2021-02-11,Basic,55.47
1430,Willie Luna,timothy88@example.org,Brazil,2023-09-07,Standard,99.81
1431,Allison Wise,kathryn17@example.org,United Kingdom,2023-02-22,Premium,60.42
1432,Evelyn Pacheco,kwood@example.org,France,2024-01-28,Standard,77.06
1433,Angela Powell,davisgary@example.com,Australia,2026-08-05,Standard,71.04
1434,Johnny Jenkins,kmills@example.org,France,2020-10-17,Standard,36.71
1435,Jennifer Smith,mary05@example.net,Australia,2021-02-24,Premium,63.96
1436,Dr. David Murray MD,karinorton@example.net,United States,2021-08-07,Basic,39.13
1437,Peter Martin,morseronald@example.org,Germany,2020-08-30,Premium,70.00
1438,Jeff Jackson,martinsamuel@example.org,United States,2023-05-24,Standard,19.88
1439,Edward Graham,jtaylor@example.com,Germany,2023-03-01,Standard,29.50
1440,Jacqueline Santos,jennifer48@example.com,Germany,2021-05-12,Premium,82.59
1441,Jacqueline Munoz,kellycohen@example.net,Brazil,2020-06-12,Basic,63.86
1442,Sarah Taylor,vford@example.net,Brazil,2020-07-25,Basic,26.83
1443,Austin Rowland,asmith@example.org,Netherlands,2025-10-28,Standard,67.88
1444,Brandon Weber,jacqueline31@example.net,Germany,2023-04-23,Standard,77.15
1445,Adrian Lee,carlfields@example.org,Germany,2025-08-28,Standard,10.87
1446,Marcus Powell,lori69@example.net,Australia,2024-09-08,Basic,48.60
1447,Nicholas Ramirez,ann31@example.net,Netherlands,2022-11-23,Standard,48.66
1448,Janet Johnston,anne28@example.net,India,2021-02-21,Basic,37.00
1449,Richard Hays,tammy97@example.org,Australia,2021-11-04,Standard,30.00
1450,Shannon Morris,noblechristina@example.org,Japan,2020-01-01,Premium,29.56
1451,Erin Mason,taylorlindsay@example.com,Canada,2023-03-20,Standard,23.07
1452,Heather Roberson,allenphillip@example.com,France,2022-05-14,Basic,53.09
1453,Sandra Dawson,alyssa93@example.org,United States,2025-03-17,Premium,70.56
1454,Melissa Grant,fcastro@example.net,Germany,2022-01-03,Standard,36.88
1455,Savannah Townsend,lpearson@example.org,Australia,2025-04-07,Standard,75.46
1456,Tammie Lee,jessica39@example.net,United Kingdom,2021-06-30,Basic,67.59
1457,Cory Willis,harold03@example.com,France,2021-07-18,Standard,49.26
1458,Lisa Johnson,clinton54@example.net,India,2021-06-16,Basic,85.20
1459,Denise Brown,darlene60@example.net,Japan,2025-04-25,Basic,114.21
1460,Katherine Wells,roysara@example.net,India,2022-07-20,Standard,37.33
1461,Noah Pitts,johnsonanthony@example.net,Canada,2021-04-17,Premium,138.90
1462,Mark Brown,christopherflowers@example.org,France,2021-11-28,Basic,42.70
1463,Nancy Cook,hodgejoshua@example.org,United Kingdom,2024-12-19,Premium,96.25
1464,Kelli Shepard,rachael29@example.net,Brazil,2022-02-07,Standard,62.89
1465,Corey Juarez,qbutler@example.net,India,2024-07-24,Basic,89.95
1466,Lee Barker,jessicamiller@example.com,United States,2025-09-10,Standard,85.19
1467,Justin Wilson,vthompson@example.org,Germany,2025-04-21,Basic,60.51
1468,Julie Wilson,scarroll@example.org,Australia,2026-04-14,Basic,88.79
1469,Tracy Wang,whitechristopher@example.com,Netherlands,2025-05-20,Standard,29.97
1470,Terri Parker,robinsonnicholas@example.org,United States,2022-10-30,Basic,36.14
1471,Michael Thompson,julierojas@example.com,Australia,2025-08-24,Standard,71.33
1472,Curtis Krause,annettegutierrez@example.org,France,2022-04-23,Standard,51.38
1473,Jack Barton,heidi41@example.com,Netherlands,2020-09-11,Premium,58.26
1474,Ruben Cruz,rgallegos@example.org,Brazil,2024-11-04,Premium,112.66
1475,Rebecca Clark,victoriahamilton@example.net,Germany,2023-01-16,Standard,49.09
1476,Andre Wilson,christopher34@example.org,France,2020-06-23,Basic,150.46
1477,James Chapman,thomasmcdonald@example.com,Japan,2023-09-04,Basic,50.41
1478,Aimee Fisher,morrisdaniel@example.com,India,2022-08-13,Basic,25.70
1479,John Lopez,matthew12@example.com,United States,2020-02-02,Basic,61.15
1480,Jessica Ross,gonzaleschristina@example.net,France,2021-10-04,Basic,23.91
1481,Mr. Andrew Hickman,johnnybrooks@example.com,United Kingdom,2022-02-08,Standard,80.99
1482,Jeffery Adams,kathrynsantana@example.net,France,2020-01-28,Standard,29.34
1483,Eric Carlson,kwatkins@example.net,Germany,2023-05-28,Premium,55.42
1484,Gary Choi,stephaniebradley@example.org,Germany,2026-03-14,Premium,70.63
1485,Christopher Smith,parkerkatie@example.com,Canada,2021-10-09,Standard,30.53
1486,David Harris,jamesjackson@example.com,France,2021-10-10,Standard,70.44
1487,Jacqueline Woods,ramseyeric@example.net,Germany,2022-06-20,Premium,43.86
1488,John Bennett,cory86@example.net,United States,2020-05-20,Standard,22.48
1489,Fernando Mcconnell,wmccarthy@example.org,Canada,2025-03-07,Standard,33.50
1490,Jessica Long,smejia@example.net,Germany,2021-08-03,Standard,33.53
1491,Stephen Thompson,reedelizabeth@example.net,Brazil,2020-12-29,Basic,23.14
1492,Nicole Melendez,mikemorgan@example.org,Brazil,2023-06-21,Basic,131.27
1493,Brandon Cruz,devinlopez@example.org,Brazil,2026-02-23,Basic,45.00
1494,Karen Green,ronaldmitchell@example.com,Germany,2020-10-27,Premium,54.88
1495,Ashley Drake,zwhite@example.net,United Kingdom,2025-01-01,Premium,62.87
1496,Carl Hunter,gina16@example.org,Canada,2025-03-18,Standard,35.73
1497,Raymond Turner,psmith@example.net,United Kingdom,2021-08-23,Standard,81.58
1498,Priscilla Joseph,judy19@example.com,Netherlands,2025-01-02,Standard,38.28
1499,Sheila Miller,daniel26@example.net,Australia,2020-03-08,Standard,69.25
1500,Jose Mendez,rogerssarah@example.net,Netherlands,2023-05-03,Basic,71.70
1501,Sean Stevens,dgraham@example.com,Japan,2024-08-14,Premium,76.59
1502,Michael Wang,smallgina@example.com,United States,2023-07-21,Standard,77.95
1503,Jeremy Evans,danielsguy@example.com,Brazil,2023-02-14,Premium,98.04
1504,Jennifer Thompson,larsonmichael@example.org,Australia,2024-12-22,Premium,133.34
1505,Donald Bonilla,martinezduane@example.com,Germany,2026-05-28,Premium,26.66
1506,Laura Williams,samanthaberger@example.net,United Kingdom,2024-06-26,Standard,80.66
1507,Sonia Reyes,nathan29@example.net,United States,2024-02-22,Standard,59.29
1508,Alex Clements,morgandana@example.com,United Kingdom,2024-03-02,Basic,30.11
1509,Laura Cooley,jennifer16@example.org,United States,2024-10-08,Basic,283.82
1510,Philip Kim,heatherwilliams@example.net,Netherlands,2025-04-25,Premium,79.58
1511,Christopher Mitchell,joshuapowers@example.net,Canada,2022-03-01,Standard,68.55
1512,Denise Ford,russellandrew@example.com,Canada,2022-04-21,Standard,35.66
1513,Arthur Roberts,colton30@example.net,United States,2021-01-08,Premium,125.99
1514,James Spears,omatthews@example.net,Canada,2021-02-20,Basic,34.03
1515,Scott Porter,cooperluis@example.com,Japan,2022-10-31,Standard,13.65
1516,Laura Miller,emilyscott@example.org,Canada,2021-07-10,Basic,12.76
1517,William Wood,whoffman@example.org,Japan,2020-08-18,Premium,117.81
1518,Kevin Weber,karen77@example.org,Germany,2026-06-01,Premium,44.73
1519,Diane Manning,wperry@example.org,Canada,2024-12-01,Standard,34.31
1520,Sarah Davis,nicholasmedina@example.com,Japan,2023-11-08,Standard,21.43
1521,Christopher Waters,jasonrodriguez@example.com,Australia,2025-12-07,Basic,28.85
1522,Kyle Flores,wpierce@example.org,Germany,2024-06-17,Standard,56.57
1523,Courtney Powell,crystal58@example.net,Japan,2025-04-07,Standard,68.32
1524,Cassandra Roberts,cmitchell@example.org,United States,2023-01-04,Premium,23.62
1525,Jennifer Barnes,kathryn21@example.com,Australia,2026-05-21,Basic,48.76
1526,Kathy Miller,danamontgomery@example.org,India,2025-05-14,Standard,57.74
1527,Keith Kennedy,udougherty@example.net,Australia,2024-07-07,Standard,65.33
1528,Martha Arnold,craneandrew@example.net,United States,2025-04-27,Premium,36.33
1529,Cynthia Kennedy,melissamartin@example.com,Brazil,2026-01-22,Basic,51.94
1530,Joel Sanchez,marcuscarter@example.org,United States,2020-12-30,Premium,50.06
1531,Kathryn Rodriguez,yfritz@example.org,Australia,2022-07-06,Standard,79.65
1532,Andrea Goodman,monica23@example.com,Canada,2024-12-29,Premium,43.67
1533,Jason Green,ecamacho@example.com,Australia,2022-08-03,Standard,60.98
1534,Jessica Carey,baldwincatherine@example.net,Canada,2025-08-06,Standard,69.34
1535,Heidi Moran,carterraymond@example.net,India,2026-03-22,Premium,121.48
1536,Dennis Bryan,hpatterson@example.org,Australia,2021-01-25,Basic,30.49
1537,Thomas Pope,bowenmichael@example.net,Brazil,2022-12-16,Basic,39.51
1538,Steven Vasquez,josephrivera@example.net,France,2024-02-26,Standard,39.77
1539,Richard Lyons,katherinepeterson@example.net,Brazil,2021-02-20,Basic,48.85
1540,Daniel Wood,brooke22@example.net,Germany,2023-04-08,Basic,50.10
1541,Karen Gonzales,jennifer42@example.net,Netherlands,2026-06-27,Standard,43.00
1542,James Walsh,eric22@example.net,Australia,2024-01-25,Basic,12.14
1543,Deanna Griffith,rosalesbrandy@example.org,Japan,2024-09-02,Basic,25.20
1544,Laurie Mason,kwoods@example.com,Germany,2022-11-22,Premium,26.59
1545,Mr. James Barnett,nicholas72@example.net,Canada,2023-09-26,Standard,14.88
1546,Lee Daniel,petersonkyle@example.org,Australia,2023-11-20,Standard,52.19
1547,Margaret Smith,santosmichael@example.com,Netherlands,2020-04-25,Standard,60.08
1548,Sabrina French,,India,2020-06-11,Basic,54.90
1549,Brett Rivera,judithcox@example.org,Netherlands,2022-01-03,Basic,49.63
1550,Angela Yates,nelsonsuzanne@example.net,Germany,2021-06-10,Basic,93.94
1551,Patrick Norris,pknight@example.org,Netherlands,2020-07-31,Premium,57.81
1552,Lee Arnold,jeremylove@example.org,France,2020-06-30,Standard,22.93
1553,Brandi Turner,pauljessica@example.org,Netherlands,2023-04-19,Basic,55.72
1554,Brett Keith,jeremywillis@example.net,Germany,2022-12-20,Basic,154.17
1555,Jeremy Alvarez,florescynthia@example.org,Japan,2026-05-07,Standard,142.50
1556,Adam Jordan,danielsjason@example.com,India,2021-09-29,Standard,26.20
1557,Robert Mendez,cortezscott@example.net,United Kingdom,2023-04-28,Standard,134.21
1558,Katherine Thompson,qgay@example.com,United Kingdom,2023-01-10,Premium,18.29
1559,Joseph Peterson,ppalmer@example.com,Netherlands,2024-01-13,Standard,114.05
1560,Steven Hicks,connie12@example.com,Germany,2023-08-06,Standard,88.74
1561,Anna Atkins,emartin@example.com,India,2025-06-29,Standard,48.87
1562,Pamela Lewis,dana82@example.org,Netherlands,2022-06-05,Standard,86.61
1563,Tanya Clark,luke87@example.org,United States,2022-11-17,Basic,43.86
1564,Sarah Bishop,mariolee@example.com,France,2024-01-14,Basic,130.16
1565,Rachel Chan,markblack@example.com,Germany,2026-05-11,Standard,124.93
1566,Eric Acosta,jeremy47@example.com,France,2022-09-21,Premium,69.71
1567,Abigail Case,shannon69@example.com,Japan,2020-10-19,Standard,104.20
1568,Pamela Smith,schmittmichael@example.org,Japan,2022-05-10,Standard,42.52
1569,Allison Simmons,jasonmoran@example.com,Germany,2022-04-28,Standard,60.85
1570,Daniel Shaw,jnguyen@example.net,Netherlands,2023-05-05,Standard,137.74
1571,Teresa Watkins,daniel32@example.com,France,2024-01-31,Basic,33.00
1572,Mr. Lawrence Brooks,harringtonpeter@example.net,Japan,2024-08-27,Premium,43.41
1573,Thomas Rodriguez,brownmatthew@example.net,United States,2020-01-22,Basic,79.33
1574,Christian Hernandez,nicolejones@example.net,United Kingdom,2021-04-01,Standard,73.65
1575,Kenneth Farmer,audrey81@example.com,France,2023-06-10,Standard,62.31
1576,Andrea Hartman,angela40@example.org,Brazil,2024-03-16,Premium,63.51
1577,Cathy Mcdonald,susan57@example.net,France,2024-10-16,Basic,35.36
1578,Deanna Munoz,mcox@example.net,Brazil,2024-12-13,Standard,60.27
1579,John Williams,taylordawn@example.com,Japan,2024-11-03,Basic,94.56
1580,Whitney Moyer,durhamwilliam@example.org,Canada,2026-03-04,Standard,142.69
1581,Austin Jones,kristy74@example.net,Germany,2020-11-15,Basic,50.32
1582,Jose York,mccannkimberly@example.net,Canada,2026-06-07,Basic,75.49
1583,Jessica Hill,mbishop@example.org,France,2021-03-26,Basic,56.87
1584,Angel Holland,vpreston@example.org,India,2024-12-15,Standard,69.13
1585,Abigail Clayton,shawn60@example.com,Australia,2024-05-28,Premium,50.18
1586,Daniel Craig,smithmarcus@example.org,Germany,2021-05-20,Basic,43.00
1587,Michelle Ray,amanda39@example.com,India,2021-09-20,Basic,53.97
1588,Joseph Blackburn,kendraharris@example.org,Japan,2021-12-13,Standard,126.99
1589,Ethan Hall,chanamber@example.org,United States,2023-05-19,Premium,24.59
1590,Thomas Barton,jamesmartin@example.com,Brazil,2021-08-15,Standard,46.87
1591,Travis Johnson,taylorrachel@example.com,Brazil,2022-10-12,Basic,54.76
1592,Ray Lawrence,omargriffin@example.com,France,2026-07-11,Standard,172.91
1593,Barbara Sherman,davisgregory@example.net,France,2020-02-08,Basic,47.73
1594,Emily Lee,shepardjoy@example.com,France,2024-09-07,Standard,72.49
1595,Theresa Smith,marshmichael@example.com,Netherlands,2022-10-19,Basic,130.37
1596,Tracy Copeland,zlara@example.org,Canada,2023-05-21,Standard,68.67
1597,Michael Santos,pbautista@example.com,Canada,2026-05-15,Standard,17.17
1598,Stephanie Williams,bliu@example.com,Canada,2025-03-05,Basic,84.64
1599,Michael Farmer,gregorysmith@example.net,Australia,2025-07-01,Basic,91.68
1600,Jacqueline Perry,carlsonjason@example.net,Canada,2020-05-31,Standard,22.62
1601,Natalie Patrick,robertthompson@example.net,Netherlands,2020-09-29,Standard,44.94
1602,Damon Powell,michaelbuckley@example.org,Brazil,2024-08-22,Standard,41.37
1603,Alexander Johnson,regina49@example.com,Germany,2025-08-16,Standard,25.43
1604,Nicholas Thomas,,Australia,2022-01-12,Premium,27.25
1605,Carolyn Garcia,ywilliams@example.net,France,2024-05-17,Basic,113.25
1606,John Lucero,phyllis16@example.org,India,2025-08-22,Basic,42.47
1607,John Lam,mtaylor@example.net,Australia,2025-11-26,Standard,94.15
1608,Anne Vasquez,david85@example.net,India,2022-09-11,Basic,71.26
1609,Bradley Davis,davidrobertson@example.org,Japan,2024-01-22,Premium,39.80
1610,David Blair,ncampbell@example.org,India,2023-05-25,Standard,72.82
1611,Victoria Adams,mark79@example.net,United Kingdom,2022-07-23,Basic,52.61
1612,Taylor Johnson,markbrooks@example.org,Brazil,2024-07-06,Basic,42.73
1613,Alexis Walters,ywelch@example.org,Brazil,2022-05-29,Standard,103.78
1614,Dr. Cody Kane,fernandomorris@example.net,India,2024-06-09,Basic,54.68
1615,Kimberly Wilson,nhayes@example.com,Netherlands,2026-03-10,Premium,26.59
1616,Charlotte Peterson DVM,diana85@example.com,Australia,2022-10-15,Standard,168.96
1617,Deborah Casey,qalvarado@example.com,France,2020-12-04,Standard,51.33
1618,William Greer,imay@example.org,United States,2024-07-12,Standard,69.21
1619,Jeffrey Joyce,piercekenneth@example.com,Germany,2023-01-13,Basic,33.88
1620,Todd Lutz,burchteresa@example.org,Canada,2020-09-18,Basic,15.44
1621,Patrick Fox,donaldbecker@example.org,Brazil,2023-07-28,Standard,141.98
1622,Heidi Hall,annaschmidt@example.org,Netherlands,2023-08-24,Premium,39.52
1623,Shannon Perez,nicholasgarcia@example.org,Japan,2022-09-16,Standard,27.62
1624,Diana Haley,amberfriedman@example.com,Canada,2022-10-29,Standard,94.31
1625,Julie Taylor,hphillips@example.com,Australia,2022-08-22,Basic,78.20
1626,Thomas Austin,aaron48@example.net,United Kingdom,2025-01-04,Premium,95.32
1627,Mr. William Bray,brownrobert@example.org,United Kingdom,2023-03-19,Basic,17.86
1628,Corey Flowers,petermoore@example.com,France,2020-04-02,Standard,260.61
1629,Becky Singh,perezstacy@example.org,United States,2021-06-14,Premium,60.56
1630,Alexandra Wilson,jamiethomas@example.com,France,2025-10-02,Standard,73.90
1631,Elizabeth Martinez,alexandria97@example.org,Australia,2023-07-25,Standard,100.61
1632,Dillon Travis,whernandez@example.net,Australia,2022-11-30,Basic,130.85
1633,Jessica Jackson,qmassey@example.org,Canada,2023-07-29,Premium,146.67
1634,Zachary Morrison,oblake@example.net,United Kingdom,2021-05-02,Basic,70.14
1635,Brian Carrillo,john76@example.com,Germany,2024-06-08,Basic,30.19
1636,Danielle Kelly,rebecca85@example.com,Brazil,2020-05-16,Standard,21.86
1637,Connie Hamilton,garcialinda@example.org,India,2023-09-14,Premium,92.13
1638,Jamie Stone,dalton78@example.net,Brazil,2024-10-26,Premium,90.90
1639,Maria Garcia,gwilliams@example.net,France,2025-11-17,Basic,91.82
1640,Michelle Munoz,wilsonkathryn@example.com,Netherlands,2023-11-16,Basic,23.90
1641,Jessica Murray,chiggins@example.com,India,2024-06-11,Standard,39.59
1642,Jessica Odonnell,bentleylisa@example.net,Brazil,2020-02-08,Standard,20.02
1643,Thomas Pham,ashleyjohnson@example.com,Germany,2021-02-21,Premium,43.80
1644,Hailey Beltran,qatkinson@example.com,Japan,2023-07-08,Basic,47.68
1645,William Baker,joshuabowers@example.com,France,2024-06-16,Basic,128.24
1646,Natalie Mullins,jasontownsend@example.net,India,2022-01-29,Standard,38.26
1647,Joshua Trujillo,megangates@example.com,Canada,2025-08-27,Basic,18.84
1648,Jared Howell,leslietorres@example.net,Australia,2023-05-31,Premium,109.20
1649,Mr. Jeffrey Ward,katherineharris@example.net,France,2026-01-05,Standard,48.21
1650,Eric Hunter,susanmorris@example.org,Germany,2020-09-17,Standard,64.52
1651,Angela Davis,katherine82@example.com,Australia,2024-06-06,Basic,96.85
1652,Suzanne Alvarado,,Australia,2024-01-07,Standard,44.66
1653,Thomas Garcia,dustin58@example.com,France,2026-06-03,Standard,48.64
1654,Andrew Kelley,christina15@example.org,Netherlands,2025-05-31,Standard,35.77
1655,Jessica Cain,anthony33@example.org,India,2020-04-19,Standard,87.61
1656,Karen Gonzales,alexandersanchez@example.org,Germany,2022-07-22,Basic,63.92
1657,Kenneth Barrera,robertabbott@example.net,Japan,2020-07-25,Standard,64.72
1658,Deborah Wood,tfrancis@example.com,Australia,2025-06-02,Basic,187.70
1659,Scott Andersen,lukekelly@example.net,India,2020-11-18,Standard,83.91
1660,Dr. Katie Alvarez,laurariley@example.org,India,2021-08-09,Basic,76.02
1661,Michael Bray,daniel93@example.net,United States,2020-05-19,Basic,65.89
1662,Jeffrey Garza,stevenandrews@example.org,Brazil,2020-02-14,Standard,44.23
1663,Matthew Huang,bentongeorge@example.net,United Kingdom,2022-08-24,Basic,37.04
1664,Ana Higgins,jdillon@example.org,Netherlands,2021-08-26,Standard,47.50
1665,Phillip Anderson,stacey09@example.com,Brazil,2021-11-18,Standard,35.40
1666,Megan Rivera,clewis@example.com,Australia,2020-08-31,Standard,35.85
1667,Shari Arellano,ithomas@example.net,India,2023-01-18,Standard,141.06
1668,Andrea Brown,josephmichael@example.org,Canada,2020-10-31,Basic,21.97
1669,Kyle Blake,ucross@example.org,United Kingdom,2021-10-16,Premium,107.24
1670,Evelyn Davis,maryjohnson@example.com,United Kingdom,2023-09-23,Basic,32.91
1671,Jane Wells,rberry@example.com,France,2020-05-26,Basic,22.94
1672,Sherry Porter,isaac45@example.org,Australia,2025-02-13,Standard,105.19
1673,Miss Gina Walton,jorgegonzalez@example.com,Australia,2023-11-20,Standard,35.94
1674,Jake Jackson,andrew90@example.net,Australia,2020-01-22,Premium,42.01
1675,Laura Brooks,smithpaul@example.org,France,2021-10-05,Basic,30.42
1676,Mr. William Davis DDS,sosajacob@example.net,United Kingdom,2026-07-13,Basic,36.98
1677,Sheryl Thompson,carolberry@example.com,France,2021-05-07,Basic,96.27
1678,Joshua Rubio,lisawallace@example.net,Canada,2020-12-14,Basic,63.79
1679,Michael Lawrence,aguirrelarry@example.com,Netherlands,2026-03-25,Standard,39.86
1680,Louis Rogers,racheljimenez@example.net,India,2021-04-13,Standard,98.96
1681,Terry Barnett,jmcfarland@example.com,Australia,2021-08-16,Standard,55.11
1682,Katherine Bauer,morganmichael@example.org,United Kingdom,2023-03-20,Basic,110.29
1683,Susan Zimmerman,howardsabrina@example.com,India,2026-08-04,Standard,7.00
1684,Joseph Andrews,abbottchristopher@example.net,United Kingdom,2023-05-05,Standard,82.90
1685,Chad Gallagher,psherman@example.org,Canada,2024-05-30,Standard,104.88
1686,John Henry,sheryl66@example.com,United Kingdom,2024-11-28,Basic,67.03
1687,Dr. Dustin Sutton Jr.,anna96@example.com,Germany,2020-04-25,Standard,83.36
1688,Laura Thompson,lopezchristopher@example.net,France,2021-10-19,Basic,48.38
1689,Janice Bell,jocelyn80@example.org,United States,2020-07-08,Standard,62.64
1690,Kelly Thompson,colongabrielle@example.com,France,2026-07-25,Standard,76.85
1691,Cody Walker,erin03@example.org,Germany,2021-02-06,Standard,167.78
1692,Lisa Williams,charles37@example.org,France,2020-01-25,Premium,44.59
1693,Abigail Allen,sharris@example.org,Brazil,2022-09-06,Basic,53.37
1694,Jennifer Moore,tracey63@example.com,Brazil,2024-12-02,Standard,116.39
1695,Michelle Barrera,christyscott@example.com,Canada,2020-11-01,Standard,84.56
1696,Rodney Bennett,jamie46@example.net,Canada,2024-04-24,Premium,47.84
1697,Michael Williams,lisafreeman@example.net,United States,2021-08-30,Premium,162.68
1698,Brian Moore,sanderson@example.org,Canada,2023-04-20,Basic,96.49
1699,Patrick Moses,ijones@example.com,Japan,2021-07-28,Basic,154.62
1700,Deborah Juarez,smitchell@example.com,India,2024-01-20,Standard,37.37
1701,Kathleen Martinez,mcarson@example.org,Germany,2020-09-22,Standard,19.59
1702,James Miller,harrisondaniel@example.org,Germany,2025-10-01,Standard,41.90
1703,Jessica Hammond,allenchristina@example.com,Japan,2020-02-13,Standard,108.76
1704,Tiffany Peterson,kaylahardy@example.org,United Kingdom,2024-01-21,Premium,33.44
1705,Amy James,sandra57@example.org,France,2020-02-24,Basic,54.37
1706,Matthew Gonzales,william32@example.net,Germany,2025-07-06,Basic,17.99
1707,Kristin Thomas,pjones@example.net,Japan,2022-09-08,Standard,25.34
1708,Lisa Jackson,brian16@example.net,Australia,2024-09-18,Standard,45.52
1709,James Hart,mitchell21@example.net,United Kingdom,2022-02-09,Basic,37.30
1710,Amanda Gardner,hmack@example.org,Canada,2023-01-04,Standard,48.92
1711,Diane Jensen,banksrenee@example.net,Australia,2025-03-05,Standard,82.86
1712,David Baird DDS,pkent@example.net,India,2026-06-25,Premium,52.45
1713,Heather Thomas,jcalhoun@example.com,United Kingdom,2026-04-16,Basic,28.60
1714,Isabel Smith,sylviaprice@example.com,United Kingdom,2023-02-21,Standard,57.06
1715,Sarah Archer,douglas76@example.net,India,2020-01-23,Standard,70.98
1716,Jason Quinn,marygomez@example.com,Australia,2022-03-06,Premium,36.65
1717,Maurice Anderson,dfarley@example.com,United States,2020-11-19,Premium,42.41
1718,Shane Hopkins,johnmarquez@example.net,United States,2024-05-25,Basic,52.81
1719,Cindy Thomas,rachel86@example.com,Canada,2025-01-11,Standard,33.29
1720,Curtis Morgan,danielsshaun@example.net,Brazil,2026-05-13,Basic,79.82
1721,Jeremy Benson,donnagiles@example.com,Australia,2023-09-21,Standard,94.31
1722,Miss Patricia Davidson,lbradley@example.com,France,2025-11-12,Premium,74.83
1723,Bianca Velazquez,edwardstewart@example.org,Netherlands,2022-05-24,Standard,52.73
1724,Amanda Davis,cheryl98@example.net,France,2025-09-07,Standard,110.23
1725,Brandon Huynh,milleralan@example.org,Netherlands,2022-03-24,Standard,95.13
1726,Heidi Blankenship,james23@example.com,India,2021-12-07,Standard,46.25
1727,Brian Hoffman,talvarez@example.org,France,2021-11-14,Premium,46.25
1728,Justin Fuller,frankwilson@example.net,United Kingdom,2020-09-19,Standard,49.95
1729,Susan Davis,hannah31@example.net,India,2021-04-23,Premium,50.44
1730,Randall Willis,taylorparker@example.com,Brazil,2021-03-03,Premium,24.01
1731,Alejandro Vasquez,sarah99@example.org,India,2024-04-19,Basic,49.74
1732,Marcus Byrd,nicole15@example.org,Canada,2020-07-08,Standard,97.15
1733,Mark Carter,danieldonovan@example.net,Canada,2023-03-06,Standard,30.35
1734,Steven Butler,gomeztonya@example.com,India,2020-01-19,Premium,33.04
1735,Joseph Moon,michaelking@example.net,France,2026-01-04,Basic,73.91
1736,Melody Baker,kflores@example.org,Brazil,2021-02-12,Basic,77.11
1737,Mary Hopkins MD,rmorgan@example.net,Japan,2025-02-17,Standard,117.54
1738,Kenneth Turner,andersontiffany@example.net,Japan,2020-12-05,Basic,51.22
1739,Debra Brooks,rebeccajames@example.org,Japan,2021-01-07,Basic,73.91
1740,Tommy Ball,linda66@example.net,United States,2020-06-05,Premium,137.09
1741,Angela Wade,tracyadams@example.com,Australia,2022-03-20,Standard,26.41
1742,Ashley Jones,michelle10@example.org,France,2024-09-12,Basic,42.46
1743,Alexandra Smith,calvin93@example.org,Germany,2022-01-23,Basic,45.81
1744,Tracie Costa,molly91@example.org,Japan,2022-01-30,Basic,47.65
1745,Charles Hardin,kristi19@example.org,France,2020-03-05,Basic,58.11
1746,Rickey Hall,lopezjennifer@example.org,Netherlands,2020-11-21,Standard,21.34
1747,Karen Gonzalez,lovepaul@example.net,United Kingdom,2024-01-31,Standard,75.32
1748,Michael Hancock,ljacobs@example.com,United Kingdom,2023-06-30,Basic,56.24
1749,Craig Thomas,ramoswilliam@example.org,United Kingdom,2023-12-05,Basic,75.71
1750,Samuel Avila,hollywarner@example.org,United States,2024-10-07,Basic,49.32
1751,Jason Davidson,franciscoreid@example.net,India,2023-10-24,Standard,30.55
1752,Adam Zamora,ronaldsummers@example.net,Australia,2020-05-29,Premium,49.71
1753,Gregory Quinn,juan21@example.org,Japan,2021-07-01,Standard,49.47
1754,William Craig,wmiller@example.net,Netherlands,2021-06-03,Standard,41.94
1755,Laura Acosta,brianna59@example.net,United Kingdom,2023-05-11,Standard,52.74
1756,John Gardner,shannon75@example.com,Australia,2021-03-11,Standard,70.75
1757,John Murray,jeremyjackson@example.net,Canada,2021-11-30,Premium,56.68
1758,Oscar Cruz,dford@example.com,Australia,2025-12-29,Standard,58.53
1759,Lynn Ross MD,markskristina@example.com,Canada,2024-12-22,Premium,81.87
1760,James Hernandez,edwardshah@example.org,Brazil,2021-08-31,Standard,49.34
1761,Tyler Dunn,james76@example.org,Australia,2022-03-25,Standard,46.56
1762,Travis Moore,jameslawson@example.com,Australia,2020-11-21,Premium,45.74
1763,Lisa Thomas,gomezdaniel@example.com,Brazil,2020-09-11,Standard,60.32
1764,Eric Moore,alara@example.com,Brazil,2025-03-11,Standard,83.32
1765,Kendra Peterson,gabriella69@example.org,Australia,2022-10-08,Standard,28.72
1766,Amy West,lindsay25@example.net,Canada,2025-10-06,Standard,110.21
1767,Shane Edwards,usanchez@example.net,Japan,2020-03-27,Standard,44.76
1768,Erin Lee,jbuchanan@example.com,India,2025-03-04,Standard,55.42
1769,Crystal Watkins,tammyharrington@example.net,Netherlands,2023-11-03,Standard,28.07
1770,Alec Dixon,lisawright@example.net,United Kingdom,2023-05-20,Basic,41.71
1771,John Morrison,cruzeddie@example.com,United Kingdom,2025-03-12,Standard,123.85
1772,Helen Strickland,carl63@example.com,United States,2022-02-15,Premium,90.17
1773,Daniel Smith,,Brazil,2021-03-27,Basic,70.32
1774,Tina Washington,mallory78@example.org,India,2023-04-23,Standard,89.33
1775,Thomas Jacobs,cassandra83@example.net,United Kingdom,2025-03-25,Standard,22.95
1776,Richard Henderson,jessica38@example.net,United States,2020-12-04,Standard,88.09
1777,Matthew Farmer,evansjames@example.com,Canada,2020-08-17,Standard,44.49
1778,James Moore,richardsonkimberly@example.org,Germany,2024-07-05,Basic,176.24
1779,Craig Obrien,gblake@example.com,Canada,2025-04-25,Basic,46.12
1780,Sean Tran,frank25@example.org,Germany,2022-10-06,Standard,41.19
1781,Maria Foster,donald68@example.org,Brazil,2020-04-14,Standard,105.73
1782,Laura Ware,christie04@example.com,Brazil,2020-12-18,Basic,81.24
1783,Barry Hernandez,sharpjennifer@example.com,Germany,2020-04-05,Standard,69.75
1784,Gina Gutierrez,shelbyyoung@example.com,Netherlands,2025-08-17,Standard,39.18
1785,Richard Neal,vasquezamy@example.net,United States,2025-01-26,Premium,27.50
1786,Sheila Perez,olsenshane@example.org,India,2025-04-05,Standard,27.67
1787,Melissa Mendoza,newmanangela@example.org,Australia,2024-12-29,Basic,13.83
1788,Brenda Flores,robinsonjesse@example.org,United Kingdom,2024-11-02,Standard,54.68
1789,Ralph Vasquez,qavila@example.com,Netherlands,2022-07-20,Basic,119.50
1790,Christine Aguilar,cpierce@example.org,Japan,2021-02-10,Standard,57.24
1791,Sandra Sanders,baileychristopher@example.com,Canada,2020-08-18,Standard,65.90
1792,Deborah Brooks,amandaherman@example.net,India,2023-03-06,Premium,43.26
1793,Craig Hurst,mmoore@example.net,United Kingdom,2023-04-06,Premium,42.87
1794,Larry Curtis,swilson@example.com,United Kingdom,2026-04-30,Standard,114.86
1795,Brian Fitzpatrick,hharris@example.org,Netherlands,2022-06-18,Premium,30.95
1796,Michael Lewis,jameshudson@example.net,Brazil,2023-11-11,Basic,25.29
1797,Sarah Robinson,michael03@example.net,Japan,2026-05-17,Standard,42.00
1798,Christine Arroyo,collinsjavier@example.org,France,2021-08-16,Standard,69.20
1799,Carmen Vasquez,dcortez@example.com,India,2024-03-11,Basic,75.95
1800,Aaron Johnson,laura31@example.net,France,2021-05-20,Standard,102.03
1801,James Carroll,vincentstacey@example.org,United States,2022-03-07,Premium,81.83
1802,Jay Walter,coltonrichardson@example.net,United Kingdom,2025-10-13,Basic,31.88
1803,Stephanie Turner,ramirezdesiree@example.com,France,2022-02-04,Standard,125.58
1804,Melanie Johnson,stephen31@example.net,India,2020-04-20,Premium,157.50
1805,Jordan Tanner,hthompson@example.org,India,2021-10-17,Standard,96.87
1806,Brittany Brown,joseph97@example.org,Australia,2023-03-19,Standard,55.95
1807,Jennifer Dudley,fjohnson@example.com,United Kingdom,2021-09-18,Basic,15.48
1808,Michelle Harris,douglassusan@example.com,France,2021-10-08,Standard,15.72
1809,Rita Forbes,andrew43@example.org,France,2020-05-06,Basic,39.47
1810,Michele Conner,russomary@example.com,India,2022-09-21,Standard,184.41
1811,John Martin,mitchellchristopher@example.com,United Kingdom,2023-08-17,Standard,158.50
1812,Hannah Thompson,jessica82@example.com,United Kingdom,2023-05-09,Basic,19.26
1813,Michael Preston,wwatson@example.com,Australia,2020-08-28,Premium,31.20
1814,Stacey Cook,bward@example.org,France,2024-05-12,Standard,25.28
1815,Andrew Hunter,debbie78@example.net,Germany,2021-01-24,Basic,81.94
1816,Robert Taylor,carolfernandez@example.net,Netherlands,2023-03-20,Standard,46.19
1817,Wanda Stephens,makaylasanders@example.com,India,2025-04-16,Basic,128.41
1818,Carmen Perez,johnstonjonathan@example.net,Brazil,2020-12-05,Standard,211.82
1819,Kelly Weiss,tracy55@example.net,United Kingdom,2025-01-23,Premium,27.97
1820,Ashley Bowman,barbarabrady@example.net,India,2022-04-01,Basic,63.49
1821,Stephanie Costa,smoore@example.org,United States,2021-01-26,Standard,30.00
1822,Dana Sullivan,simpsonruth@example.net,Brazil,2023-12-22,Standard,56.24
1823,Andre Martinez,amberdavis@example.org,Australia,2024-12-05,Standard,77.91
1824,Trevor Henderson,mariabecker@example.org,France,2022-08-28,Premium,50.16
1825,James Torres,dorothy09@example.com,Canada,2024-12-22,Standard,44.40
1826,Vanessa Porter,lreid@example.org,Brazil,2020-02-15,Basic,24.91
1827,Jenny Matthews,anthony76@example.net,Canada,2021-09-20,Basic,46.09
1828,John Bullock,stacy70@example.com,Canada,2024-07-06,Standard,40.35
1829,Ronald Welch,fking@example.org,United Kingdom,2021-09-24,Standard,58.20
1830,Julie Morris,gibsonkaitlyn@example.org,India,2025-09-06,Basic,104.01
1831,Carl Huffman,arobinson@example.org,France,2020-12-14,Standard,103.82
1832,Donald Cunningham,wallssean@example.net,United States,2025-05-30,Basic,34.47
1833,Steven Carter Jr.,kingdavid@example.net,Australia,2024-04-05,Premium,57.87
1834,Ryan Gonzalez,carolyn61@example.net,Brazil,2023-03-02,Standard,60.40
1835,Susan Barton,ywright@example.net,Australia,2020-09-07,Basic,192.22
1836,Katherine Reeves,turnerjeffrey@example.net,Netherlands,2021-09-27,Basic,93.29
1837,Lisa Johnson,garciadonald@example.net,India,2023-06-12,Basic,30.22
1838,Joseph Benson,srichardson@example.com,India,2022-12-06,Standard,102.77
1839,Jennifer Brown,barnesarthur@example.com,Brazil,2025-11-26,Premium,13.51
1840,Dana Reilly,natalie57@example.com,France,2024-07-14,Basic,53.51
1841,Craig Keller,davidmartin@example.net,Canada,2022-10-26,Basic,59.14
1842,Jason Castro,angela71@example.net,Canada,2023-05-02,Standard,71.90
1843,Alexandra Brown,jamesevans@example.net,United States,2020-11-24,Basic,126.26
1844,Elizabeth Cain,rodriguezelizabeth@example.net,Netherlands,2025-04-08,Standard,78.06
1845,Karen Lewis,samantha73@example.org,United States,2026-02-03,Basic,28.40
1846,Andrea Estrada,paulschultz@example.net,Japan,2023-12-26,Basic,38.31
1847,Angel Martin DDS,michellejones@example.net,France,2024-04-09,Standard,89.62
1848,Jennifer Goodwin,xfranco@example.org,Canada,2022-03-14,Premium,36.96
1849,Nicholas Brooks,harrellkimberly@example.org,United Kingdom,2020-08-06,Premium,51.26
1850,Karen Avery,oobrien@example.net,France,2023-04-30,Premium,118.76
1851,Kyle Roberts,wlucas@example.net,United Kingdom,2022-07-11,Standard,73.92
1852,Michele Waters,reynoldsanthony@example.org,Japan,2020-09-13,Basic,132.02
1853,Victoria Peterson,woodphillip@example.com,Germany,2021-12-07,Standard,84.02
1854,Seth Barker,samantha78@example.com,France,2022-01-06,Basic,96.26
1855,Kim Jensen,taylordavis@example.com,Japan,2020-05-28,Standard,28.13
1856,Linda Perez,kingjoseph@example.com,France,2022-06-19,Premium,81.18
1857,Cheryl Rogers,rebecca93@example.com,United Kingdom,2021-06-03,Basic,47.37
1858,Chelsea Austin,mramirez@example.com,United Kingdom,2025-12-01,Standard,51.78
1859,Heather Daniels,leahbarker@example.org,Germany,2026-01-26,Standard,33.50
1860,Nathaniel Walter,james79@example.net,Netherlands,2023-09-30,Premium,95.07
1861,Matthew Crawford,jamietyler@example.com,Japan,2024-01-15,Basic,33.84
1862,Glenn Scott,peterlove@example.net,Canada,2022-01-16,Premium,30.72
1863,Mrs. Chelsea Villa,kingtammy@example.net,Japan,2022-06-28,Premium,108.51
1864,Kayla Fisher,jgibson@example.net,United States,2025-02-12,Premium,84.92
1865,Jeffrey Edwards,brent67@example.net,United States,2021-09-24,Premium,12.25
1866,Benjamin Rodriguez,herbertward@example.org,Netherlands,2024-03-31,Basic,83.54
1867,Matthew Brown,david16@example.org,Brazil,2023-09-09,Basic,51.11
1868,David Robinson,morganclaudia@example.com,Germany,2026-03-15,Premium,36.11
1869,Kevin Farmer,sarah53@example.org,Netherlands,2020-06-15,Premium,44.91
1870,Alicia Martin,lindabryan@example.org,Japan,2024-08-04,Standard,29.26
1871,Connie Stevens,lisa11@example.org,United Kingdom,2021-12-14,Standard,79.09
1872,David Parker,patricialowery@example.com,Canada,2022-07-18,Premium,70.22
1873,Jennifer Wallace,ogriffin@example.org,Australia,2023-03-01,Standard,53.78
1874,Allison Hubbard,jocelyncruz@example.net,Netherlands,2022-08-18,Standard,39.14
1875,Alex Romero,nicolehenry@example.net,Japan,2024-04-18,Premium,47.35
1876,Michael Burke,mmassey@example.org,France,2022-06-16,Premium,44.98
1877,Harry Hill,zjackson@example.org,Netherlands,2020-12-23,Standard,85.49
1878,Melissa Elliott,rachel69@example.com,United States,2023-05-30,Standard,230.36
1879,Heather Smith,chavezlauren@example.com,Netherlands,2026-03-19,Standard,74.54
1880,Gregory Adams,bramsey@example.org,Brazil,2025-04-14,Basic,19.39
1881,Linda Patrick,timothy23@example.net,Australia,2024-05-14,Standard,25.34
1882,Thomas Davis,wernermichael@example.org,Netherlands,2025-06-20,Basic,69.59
1883,Edward Garrison,wrightalicia@example.com,Canada,2022-02-17,Premium,39.71
1884,Joseph Hall,monica23@example.com,Canada,2025-06-01,Basic,144.25
1885,Joshua Mcmahon,oliverashley@example.net,Brazil,2026-02-15,Standard,40.49
1886,Angela Mejia,joelmorton@example.org,France,2022-11-09,Standard,53.82
1887,Kristen Wood,lisa28@example.org,Netherlands,2021-11-05,Standard,37.66
1888,Erika Jackson,ericfrederick@example.org,United States,2021-01-09,Basic,34.39
1889,Jennifer Jackson,william08@example.net,Germany,2022-05-13,Standard,88.10
1890,Sandra Berry,imoore@example.org,Canada,2022-05-06,Standard,56.60
1891,David Bowman,steven72@example.net,India,2026-04-03,Premium,35.56
1892,Joseph Burns,jonesnicholas@example.org,Canada,2024-02-22,Standard,176.08
1893,Julie Holland,upierce@example.com,United Kingdom,2022-01-23,Standard,42.43
1894,Jennifer Gordon,kristin96@example.com,Japan,2026-07-21,Premium,67.47
1895,Zachary Wilkinson,cmartinez@example.org,Netherlands,2020-04-30,Premium,72.40
1896,Alexander Freeman,munozrobert@example.com,Canada,2026-02-24,Basic,84.43
1897,Kevin Blake,lewiskimberly@example.org,Netherlands,2024-07-27,Standard,53.33
1898,Steven Mckee,deborahturner@example.org,India,2020-11-22,Premium,19.91
1899,Julie Perry,tommy77@example.com,Netherlands,2023-03-29,Basic,38.61
1900,Elizabeth Brown,sanchezdustin@example.net,India,2026-01-19,Standard,45.66
1901,Edward Nicholson,pblankenship@example.com,Germany,2022-04-04,Standard,41.19
1902,Corey Weeks,ewilliams@example.org,France,2024-04-05,Standard,66.44
1903,Debra Johnson,alexgarcia@example.net,Brazil,2021-10-29,Standard,76.25
1904,Robert Stevens,crystalwatson@example.com,Australia,2021-11-15,Basic,77.31
1905,Jeffrey Freeman,justin08@example.net,Canada,2021-04-10,Premium,48.79
1906,Andrea Donaldson,estradaamy@example.net,France,2023-03-02,Standard,120.61
1907,Madison Thomas,trivera@example.com,India,2023-10-30,Standard,48.74
1908,Andrew Smith,christopherreyes@example.com,Germany,2025-11-21,Premium,53.00
1909,Sonya Simmons,jameshudson@example.com,Canada,2020-09-28,Standard,29.47
1910,Andrew Acosta,veronica30@example.org,Australia,2025-05-02,Standard,48.51
1911,Katherine Miller,robinsonrose@example.org,Netherlands,2024-01-10,Standard,26.37
1912,Jacqueline Harrison,vcain@example.net,United Kingdom,2023-08-25,Standard,54.71
1913,Kelsey Contreras,barbara85@example.net,Canada,2021-08-12,Standard,62.65
1914,Dillon Case,linda33@example.org,Japan,2022-05-11,Standard,34.22
1915,Scott Rodriguez,victor60@example.net,United States,2020-11-06,Standard,49.94
1916,Danielle Stein,angelarichard@example.org,Australia,2020-02-08,Basic,52.07
1917,Jennifer Rivera,terrywilliam@example.com,Netherlands,2026-07-30,Standard,58.65
1918,Erik Small,sanchezcindy@example.net,Australia,2024-07-18,Premium,160.30
1919,William Cook,bsullivan@example.org,Australia,2025-04-10,Basic,19.28
1920,Jennifer Lewis,david37@example.com,India,2025-06-28,Premium,30.95
1921,Carmen Moore,satkinson@example.org,Brazil,2023-09-03,Standard,42.58
1922,Omar Hernandez,brittney11@example.org,Germany,2022-12-11,Premium,55.23
1923,Wendy Smith,fvasquez@example.net,Brazil,2026-03-20,Standard,38.01
1924,Tamara Graves,antoniocarter@example.com,Australia,2020-02-22,Premium,44.59
1925,Zachary Miller,williamspatricia@example.com,Netherlands,2020-08-04,Basic,127.00
1926,Stephanie Holloway,mendezlori@example.org,Brazil,2021-07-23,Basic,50.16
1927,Kelly Decker,lrodriguez@example.com,Canada,2025-08-09,Basic,23.28
1928,Ricardo Robertson,dillon79@example.com,Canada,2025-10-17,Standard,59.22
1929,Samuel Ortega,sobrien@example.com,Brazil,2025-11-26,Basic,76.91
1930,Matthew Briggs,wpatrick@example.net,Japan,2020-12-04,Standard,118.79
1931,Christine Murray,proman@example.com,Netherlands,2020-06-05,Basic,34.84
1932,Zachary Martinez,benjaminbrown@example.org,Germany,2025-03-02,Premium,81.76
1933,Michelle Graham,campbellmarvin@example.com,Brazil,2026-06-30,Standard,107.30
1934,Laurie Pineda,spearselizabeth@example.net,Germany,2025-03-10,Standard,41.14
1935,Corey Jones,pauladouglas@example.com,France,2021-03-23,Premium,62.35
1936,Jonathan Barrett,randalllinda@example.com,Australia,2020-05-09,Basic,73.10
1937,Gabriel Levy,ubowers@example.com,France,2022-12-11,Basic,28.69
1938,Catherine Booth,wbarrett@example.net,Germany,2025-03-12,Premium,43.07
1939,Felicia Williams,stephanieperry@example.com,Brazil,2025-07-12,Basic,88.63
1940,Michelle Butler,johnmunoz@example.com,Canada,2022-03-04,Basic,52.06
1941,Aaron Webb,welchjennifer@example.net,United States,2022-05-06,Standard,132.65
1942,Natasha Hill,jasoncook@example.net,United States,2024-01-27,Standard,14.48
1943,Christina Carrillo,lpreston@example.net,India,2024-10-12,Basic,53.09
1944,Zachary Bryant,gibsonjennifer@example.net,Canada,2025-11-11,Premium,135.49
1945,Amy Gallegos,marvin69@example.net,United Kingdom,2024-06-23,Premium,58.03
1946,Ethan Garza,mhickman@example.net,Brazil,2026-07-28,Premium,60.23
1947,Mary Riley,pbaker@example.org,Australia,2020-08-02,Basic,121.26
1948,Trevor Cole,hbaker@example.org,Germany,2023-06-19,Premium,26.56
1949,Denise Olsen,dsmith@example.org,United Kingdom,2022-03-04,Standard,67.54
1950,Patricia Alvarado,usmith@example.net,France,2024-04-18,Standard,103.86
1951,Donna Wilson,nzhang@example.net,India,2025-10-26,Standard,50.40
1952,Joshua Gonzalez,saraprice@example.net,France,2020-03-28,Standard,26.43
1953,Alicia Anderson,pmiller@example.org,Japan,2021-05-07,Standard,13.11
1954,Jeffery Daniel,gary44@example.com,Germany,2023-10-18,Premium,40.94
1955,Margaret Jones,connor44@example.net,France,2022-02-27,Standard,54.04
1956,Andrea Townsend,morganfarrell@example.org,Germany,2020-09-29,Basic,48.12
1957,Ralph Chan,tammy17@example.com,Australia,2024-11-01,Basic,21.14
1958,Rachel Kelly,edixon@example.net,Netherlands,2023-05-21,Premium,54.05
1959,Danielle Smith,gomezpaul@example.org,Canada,2022-08-07,Premium,52.08
1960,Robert Nichols,gayfrancis@example.com,India,2023-01-09,Premium,37.71
1961,Gerald Price,writter@example.net,Japan,2022-12-25,Standard,193.44
1962,Connor Walsh,ggarcia@example.com,India,2026-04-14,Premium,129.82
1963,Phyllis Grant,cherryjulie@example.net,India,2022-07-28,Premium,29.31
1964,Andrew Chavez,phughes@example.com,Germany,2025-12-01,Standard,45.23
1965,Mariah Perry,duncanandre@example.net,Australia,2022-06-07,Standard,131.40
1966,Brendan Meyer,montesmichelle@example.org,Netherlands,2020-09-23,Basic,101.33
1967,Molly Peterson DDS,watkinsthomas@example.net,Brazil,2023-11-23,Standard,45.98
1968,Rodney Carter,hartmandanielle@example.org,Netherlands,2022-11-17,Premium,58.69
1969,Robyn Kidd,brownkevin@example.org,Canada,2024-02-01,Standard,53.86
1970,Jonathan Rodgers,matthew61@example.net,Brazil,2023-01-16,Standard,13.39
1971,Brandon Taylor,sjohnson@example.com,Germany,2024-01-13,Basic,65.26
1972,Emily Martinez,coxcody@example.com,Brazil,2022-10-11,Standard,39.90
1973,Ryan Pierce,brandimiller@example.org,Japan,2025-05-17,Standard,27.28
1974,Kimberly Escobar,cainana@example.net,Japan,2022-02-23,Premium,26.02
1975,Jennifer Barrett,craig60@example.com,India,2026-02-08,Basic,63.54
1976,Leah Rodriguez,joyce21@example.org,Japan,2021-03-07,Basic,47.89
1977,Brian Moore,zwilliams@example.com,Canada,2022-08-07,Basic,23.95
1978,Mercedes Garcia,christopherjackson@example.net,Japan,2021-12-12,Basic,84.70
1979,Tyler Shields,ruizjessica@example.org,Canada,2022-07-01,Premium,218.53
1980,Laura Blair,veronicasmith@example.net,India,2025-12-07,Premium,48.29
1981,Michael Lee,travisyoung@example.com,Netherlands,2023-12-22,Premium,214.85
1982,Donna Wright,max69@example.com,France,2024-12-16,Standard,52.40
1983,Dr. Jared Lee III,mannjonathan@example.net,Netherlands,2020-06-04,Standard,61.50
1984,Michael Anderson,barbaraolsen@example.net,United States,2026-01-10,Premium,124.16
1985,Melinda Anderson,halljohn@example.org,Australia,2020-07-10,Standard,95.98
1986,Michelle Greer,joshuarodriguez@example.org,Japan,2020-07-29,Basic,39.21
1987,Nathaniel Floyd,gutierrezmatthew@example.com,India,2021-05-28,Standard,22.29
1988,Denise Alvarado,mark66@example.net,United States,2021-12-28,Premium,47.18
1989,Mary Burns,jamiegomez@example.net,Germany,2023-05-01,Standard,46.46
1990,Antonio Small,samuel40@example.com,India,2022-11-28,Standard,62.43
1991,Stanley Taylor,goodmanalice@example.org,India,2024-11-20,Standard,44.35
1992,Jesse Turner,gregory07@example.net,India,2023-08-25,Premium,202.39
1993,Tracey Nelson,shannonbarker@example.com,India,2024-09-17,Standard,55.68
1994,Maria Cruz,iwalker@example.org,Japan,2024-05-15,Standard,96.27
1995,Brett Atkins,danielgriffith@example.net,Australia,2025-02-19,Standard,53.20
1996,Ashley Roach,julie01@example.net,France,2020-10-13,Standard,41.78
1997,Kendra White,lisa89@example.net,United States,2026-05-27,Basic,101.58
1998,Erin Norris,amadden@example.org,Netherlands,2020-04-01,Basic,155.87
1999,Brian Torres,abradley@example.com,France,2022-12-02,Standard,29.25
2000,Lori Santiago,zking@example.com,Japan,2024-09-28,Premium,70.72
2001,Erika Hodge,cody79@example.org,United States,2020-07-18,Basic,139.42
2002,Jeffrey Hart DDS,thomas38@example.com,Brazil,2026-07-29,Basic,39.14
2003,Christine Gutierrez,cunninghamderrick@example.com,Japan,2021-08-04,Premium,89.52
2004,Chad Rojas,garciaveronica@example.net,Netherlands,2025-07-30,Premium,117.81
2005,Jennifer Esparza,nathanjohnson@example.org,Brazil,2023-06-26,Premium,26.41
2006,Lisa Davis,forozco@example.com,India,2022-08-08,Premium,22.50
2007,Donald Jackson,kylie83@example.org,Germany,2026-01-24,Standard,38.44
2008,Stacy Garcia,howetracy@example.org,Brazil,2024-12-16,Basic,113.42
2009,Taylor Mullins,sandyramirez@example.com,Germany,2025-01-27,Premium,29.11
2010,Mary Lee,anthonydavis@example.net,Brazil,2024-05-13,Basic,36.90
2011,Cynthia Williams,,Australia,2023-06-16,Standard,83.39
2012,Antonio Cole,jamesclark@example.org,Netherlands,2026-07-26,Premium,69.13
2013,Mark Beard,anthonyswanson@example.net,Japan,2024-07-01,Premium,123.77
2014,Steven Wells,mary62@example.net,Canada,2022-11-21,Standard,103.52
2015,Stephanie Rodriguez,jacksonaustin@example.org,Brazil,2023-11-03,Premium,40.03
2016,Michael Martin,jasonhernandez@example.org,United States,2023-09-20,Standard,63.08
2017,Cindy Cole,olivia29@example.net,Brazil,2021-10-17,Basic,67.29
2018,Larry Howe,cherylnorton@example.com,Japan,2021-02-16,Basic,41.39
2019,Brandon Perkins,gonzalezkenneth@example.net,Australia,2023-03-31,Standard,44.40
2020,Shannon Castro,rachelhall@example.net,Brazil,2026-07-07,Standard,47.14
2021,Brandy Holmes,lblankenship@example.net,France,2021-09-23,Standard,57.27
2022,Lisa Wilkerson,laurenallen@example.org,Canada,2023-03-09,Basic,65.37
2023,Debbie Rivera,ambermiller@example.net,Netherlands,2024-04-18,Standard,79.76
2024,Christine Pratt,mariawilliams@example.com,Germany,2026-02-10,Premium,119.48
2025,Andrea Le,hollydavis@example.org,Australia,2022-04-30,Premium,26.55
2026,Wendy Morgan,rojasmarc@example.org,Brazil,2022-02-26,Standard,100.76
2027,Shari Sharp,cannonkimberly@example.net,Germany,2023-12-20,Basic,19.65
2028,Angela Lee,morriskatherine@example.net,Australia,2024-07-02,Basic,85.53
2029,Richard Goodman,gonzalespatricia@example.net,Brazil,2023-12-06,Standard,160.16
2030,Brian Rocha,ballvanessa@example.com,Australia,2023-12-23,Standard,70.55
2031,Brittany Barnett,karen42@example.org,Canada,2021-07-05,Standard,100.66
2032,Roger Roberts,hmitchell@example.org,Brazil,2022-01-02,Standard,128.12
2033,Alexander Greene,edwardstaylor@example.net,Germany,2020-11-19,Premium,143.11
2034,Glenn Ward,stanleynina@example.com,Germany,2025-02-03,Standard,33.33
2035,Jason Salinas,alyssa66@example.net,Brazil,2022-10-25,Basic,153.00
2036,Roberto Glover,vickiwood@example.org,India,2026-07-06,Standard,35.00
2037,John Russell,jblair@example.net,France,2023-08-20,Standard,144.19
2038,Henry Lutz,robertchase@example.net,Brazil,2021-12-10,Standard,49.00
2039,Sharon King,davidbrown@example.org,Australia,2022-07-08,Standard,33.74
2040,Mario Green,zamorarose@example.net,France,2020-04-19,Standard,57.80
2041,Jamie Gallagher,amywells@example.org,Japan,2023-12-28,Basic,27.45
2042,Michael Montgomery,rossjohn@example.net,India,2024-04-21,Premium,33.27
2043,Monica Russell,jessica89@example.net,Australia,2022-06-18,Premium,62.32
2044,Nathan Kirk,andrewsuarez@example.net,Japan,2022-03-08,Basic,37.91
2045,Shane Short,tlewis@example.com,Japan,2024-08-07,Basic,93.71
2046,Jacqueline Roberts,sonia62@example.com,Germany,2020-08-12,Standard,183.87
2047,Gina Vega,lopezkristina@example.net,France,2023-02-21,Premium,12.79
2048,Jason Ramirez,james01@example.com,United Kingdom,2020-07-27,Premium,91.74
2049,Monica Richardson,william88@example.org,Canada,2023-09-09,Premium,43.79
2050,Julie Decker,mariahill@example.net,Brazil,2026-03-29,Standard,25.26
2051,Amy Farrell,nunezmatthew@example.com,Australia,2022-08-15,Basic,18.77
2052,Joseph Matthews,jamesrobinson@example.com,Netherlands,2026-02-21,Basic,33.71
2053,Ann Dawson,fosterjeffrey@example.org,United Kingdom,2024-05-07,Standard,55.85
2054,Lisa Gonzalez,ufox@example.org,Brazil,2021-03-17,Standard,27.13
2055,Mathew Key,mccoyjames@example.org,France,2026-06-10,Premium,74.57
2056,Bradley Brady,khanmelissa@example.net,Germany,2021-10-16,Standard,37.59
2057,Tyler Garrison,uchang@example.com,India,2026-07-04,Standard,40.04
2058,Alyssa Rodriguez PhD,smithjack@example.org,United Kingdom,2020-09-04,Standard,57.86
2059,Dana Bennett,dunnmary@example.net,Brazil,2026-02-27,Basic,29.65
2060,Samantha Carlson,fwalsh@example.com,India,2021-04-26,Basic,134.86
2061,Jacob Conner,nrangel@example.net,United States,2023-06-10,Premium,39.92
2062,Bryce Fox,normajones@example.net,Netherlands,2020-03-25,Basic,106.60
2063,John Massey,daniel43@example.org,United Kingdom,2022-12-20,Standard,50.75
2064,Brooke Lewis,katherinerussell@example.org,Netherlands,2022-07-28,Standard,63.90
2065,Billy Scott,charleshayes@example.com,United Kingdom,2022-05-21,Standard,117.95
2066,Joshua Shepard,dominguezmeredith@example.com,Japan,2021-03-20,Basic,29.49
2067,Jacob Smith,,United Kingdom,2025-11-24,Standard,34.28
2068,Natasha Stone,john66@example.com,India,2026-04-16,Basic,25.50
2069,Terri Golden,wilsondavid@example.org,France,2025-01-12,Standard,50.35
2070,Lawrence Meyers,meyerjames@example.com,India,2021-08-18,Basic,98.21
2071,Patrick Garcia,hughesgail@example.org,France,2020-03-28,Basic,23.98
2072,Robert Hicks,katrinaking@example.com,Canada,2021-09-23,Standard,90.56
2073,Jessica Hoffman,ryanrodriguez@example.net,Japan,2021-05-19,Standard,58.40
2074,Victor Wilson,christineriggs@example.com,Netherlands,2025-04-09,Basic,25.24
2075,Grace Young,peggy08@example.com,United States,2021-04-15,Standard,150.60
2076,Nathaniel Brown,ricklewis@example.net,Germany,2023-04-15,Standard,13.25
2077,Wendy Carpenter,shannon09@example.org,United Kingdom,2024-01-10,Basic,32.62
2078,Michelle Chavez,prattjustin@example.org,Japan,2025-06-04,Premium,86.15
2079,Loretta Garrett,brandi26@example.net,Japan,2023-05-02,Standard,86.96
2080,Maria Malone,qkane@example.com,Germany,2025-10-23,Basic,98.93
2081,Richard Riley,hdavis@example.com,India,2024-06-09,Standard,38.11
2082,Jonathan Collins,dylancunningham@example.com,Japan,2021-04-09,Basic,176.68
2083,Richard Weiss,stephaniezamora@example.org,United Kingdom,2024-04-10,Standard,69.93
2084,Teresa Russell,kimberly66@example.net,Canada,2025-10-09,Standard,207.70
2085,Joyce Butler,branchthomas@example.com,France,2023-09-07,Basic,45.28
2086,Tommy Ramsey,maygordon@example.org,Germany,2023-04-26,Standard,29.88
2087,Stephanie Meyer,markbates@example.com,Japan,2025-11-28,Basic,37.18
2088,Toni Clay,hufftina@example.org,Germany,2022-03-07,Basic,39.18
2089,Gloria Dunn,jarvisrachel@example.net,United States,2020-01-20,Standard,55.71
2090,Jessica Adams,richardhines@example.net,Netherlands,2022-04-21,Premium,19.68
2091,Tammy Robinson,wberry@example.com,United Kingdom,2023-06-23,Standard,93.28
2092,Sonya Miranda,gstokes@example.net,India,2022-03-30,Standard,84.02
2093,Jennifer Hernandez,ashley14@example.org,Germany,2023-02-24,Standard,167.15
2094,Carly Goodwin,melissa40@example.org,Australia,2023-12-02,Premium,77.11
2095,Susan Price,smithmelissa@example.com,United Kingdom,2022-12-14,Basic,77.30
2096,Angela Barnett,wilsontina@example.com,Japan,2022-06-13,Basic,21.28
2097,Anthony Wong,madison00@example.org,United States,2024-12-10,Basic,127.94
2098,Jesse Ayala,cartercatherine@example.net,India,2023-09-04,Standard,51.32
2099,Charles Blair,monicaavery@example.net,France,2024-05-30,Standard,27.91
2100,Kyle Myers,dananelson@example.com,Netherlands,2023-10-03,Basic,76.13
2101,Pamela Jenkins,kleinshane@example.org,United States,2022-01-02,Standard,20.92
2102,Nichole Vasquez,caitlyncooper@example.net,Canada,2020-03-29,Standard,137.04
2103,Tara Jones,dlivingston@example.org,Germany,2021-12-05,Premium,84.78
2104,Cory Harris,andrew88@example.com,India,2021-07-25,Standard,80.06
2105,Timothy Harris,christopheranderson@example.com,Germany,2020-09-12,Standard,90.64
2106,Daniel Ferrell,irodriguez@example.org,Australia,2023-09-05,Basic,66.59
2107,Brian Christensen,erikamiller@example.org,India,2021-01-28,Standard,32.26
2108,Jon Berry,mandypetty@example.com,Australia,2020-03-24,Basic,29.79
2109,Michael Phillips,nicholas33@example.com,Canada,2020-05-14,Standard,41.51
2110,Sean Carter,brittany29@example.com,United States,2025-03-11,Standard,86.09
2111,Anthony Hayes,dudleycody@example.com,Netherlands,2020-02-22,Premium,57.22
2112,Charles Ford,marilyn67@example.net,Canada,2023-10-31,Basic,55.29
2113,Roy Fowler,kcontreras@example.org,United States,2025-12-09,Basic,61.13
2114,Ashley Lee,lshannon@example.net,France,2022-02-09,Basic,59.87
2115,Katherine Simon,ijackson@example.com,Netherlands,2021-08-18,Basic,31.65
2116,Kimberly Mcdowell,bhall@example.org,Netherlands,2024-02-25,Basic,38.31
2117,Darryl Christensen,amyferrell@example.com,Canada,2021-01-10,Basic,64.49
2118,Jessica Becker,vasquezjacqueline@example.net,Germany,2023-05-29,Standard,53.92
2119,Kathleen Mccullough,chavezisabel@example.com,Netherlands,2024-01-16,Premium,106.98
2120,Charles Hopkins,michellesmith@example.org,Japan,2023-07-06,Standard,49.32
2121,Angelica Long,henrysoto@example.com,India,2024-04-23,Standard,44.33
2122,Melissa Sullivan,alexis58@example.com,United Kingdom,2022-06-05,Standard,99.83
2123,Kenneth Murphy,jessicamills@example.org,Netherlands,2024-07-31,Standard,50.70
2124,Kristin Ferguson,wnovak@example.net,Brazil,2025-02-20,Standard,25.19
2125,Joshua Smith,joe99@example.net,United Kingdom,2021-07-24,Basic,97.67
2126,Tiffany Holt,davidsellers@example.com,Germany,2020-05-14,Standard,38.92
2127,Melissa Romero,eileendaniels@example.net,United Kingdom,2025-04-23,Basic,47.17
2128,Lisa Spencer,deborah49@example.com,Australia,2024-10-24,Standard,59.54
2129,Katie Rivers,hollandjustin@example.com,France,2021-09-14,Standard,44.14
2130,Cynthia Stephens,dominguezscott@example.com,Brazil,2026-02-24,Standard,156.48
2131,Mary Johnson,mmyers@example.net,United States,2024-05-28,Basic,38.80
2132,Amy Burton,xhill@example.org,Brazil,2022-12-31,Standard,123.17
2133,Chris Hanson,isimpson@example.com,Australia,2025-06-03,Standard,33.13
2134,Beverly Black,twagner@example.org,Germany,2021-09-07,Standard,55.72
2135,Melanie Smith,troybrady@example.net,France,2024-11-23,Basic,52.82
2136,Derrick Johnson,faithsparks@example.com,Canada,2020-01-04,Premium,99.84
2137,Melissa Carroll,karla66@example.net,Germany,2023-08-01,Standard,110.05
2138,Paul Phelps,nunezgary@example.net,United States,2024-06-05,Basic,27.23
2139,Christina Gomez,john86@example.com,United Kingdom,2024-04-03,Standard,47.94
2140,Laura Adams,jacob32@example.net,India,2022-04-17,Standard,141.86
2141,Stephanie Armstrong,ogreer@example.org,Japan,2026-06-11,Basic,66.77
2142,Sydney Lopez,petersonfrank@example.org,Netherlands,2020-12-24,Premium,17.32
2143,Wayne Jackson,jennifer72@example.com,Brazil,2026-02-05,Basic,144.39
2144,Melissa Garcia,mirandawalker@example.net,France,2021-04-04,Standard,18.81
2145,Matthew Stone,castropeter@example.com,India,2020-12-13,Standard,35.64
2146,Frank Freeman,jherring@example.com,Japan,2025-11-27,Standard,67.28
2147,Marcus Rich,mallory30@example.org,Japan,2022-03-06,Standard,139.21
2148,Carmen Gonzalez,housedaniel@example.com,India,2021-04-03,Standard,48.72
2149,Christine Parker,brandi40@example.org,France,2023-05-15,Premium,20.16
2150,Daniel Thompson,kelly15@example.com,United States,2021-03-24,Basic,31.62
2151,Robert West,lisaalvarez@example.net,Australia,2022-04-27,Standard,173.14
2152,Maria Rodriguez,brandon94@example.org,Netherlands,2025-09-17,Standard,39.82
2153,Joseph Bright,johnsonmichael@example.com,Japan,2021-06-09,Standard,92.49
2154,Norma Smith,mhoffman@example.net,Canada,2026-06-30,Basic,57.89
2155,Hannah Martin,david88@example.net,Japan,2023-04-26,Basic,102.31
2156,Tyler Shields,savannahgrant@example.com,Japan,2023-08-18,Standard,128.97
2157,Edwin Jackson,csparks@example.net,Japan,2024-03-29,Basic,43.87
2158,Dr. Diana Chen,gmccarthy@example.com,Germany,2025-02-04,Standard,110.23
2159,Sarah Roberts,yoconnell@example.com,Australia,2022-11-05,Standard,37.20
2160,Robin Patterson,kevinmendez@example.org,United Kingdom,2024-01-18,Basic,19.69
2161,Eric Fowler,anthony00@example.org,Brazil,2025-10-13,Standard,59.65
2162,Sonya Wilcox,charlesyoung@example.net,Australia,2020-11-05,Standard,28.35
2163,John Boyd,miranda13@example.org,Netherlands,2021-11-02,Basic,23.69
2164,Eric Rosales,lpeters@example.net,Japan,2025-11-01,Basic,25.77
2165,Jonathan Jefferson DVM,ncruz@example.net,India,2025-09-11,Standard,74.70
2166,Eileen Gutierrez,rodneynolan@example.com,Brazil,2023-04-13,Standard,102.64
2167,Tamara Roberts,andersonmeghan@example.net,Canada,2022-03-18,Standard,45.17
2168,Rhonda Rodriguez,foxlinda@example.org,Canada,2021-06-30,Standard,91.67
2169,Sherry Brewer,jamesbrown@example.org,Brazil,2025-05-25,Standard,44.18
2170,Brandon Sanchez,claire06@example.net,United Kingdom,2020-09-06,Premium,51.96
2171,Joseph Wang,tracy38@example.com,France,2021-08-09,Standard,13.08
2172,Richard Yoder,fstone@example.net,Canada,2021-04-23,Standard,49.17
2173,Kristina Baker,qmarshall@example.net,Canada,2020-12-22,Standard,57.44
2174,Luke Dixon,nicholashuffman@example.org,United States,2020-02-16,Basic,35.74
2175,Brian Brown,qreyes@example.net,Brazil,2024-04-07,Premium,61.69
2176,Arthur Mcdaniel,jenniferhorne@example.net,United States,2024-02-18,Basic,47.89
2177,Mary Levy,scottlove@example.org,United States,2021-02-11,Standard,56.41
2178,Susan Lewis,nguyengerald@example.net,United States,2022-12-09,Basic,35.57
2179,Gabriel Nash,gkeith@example.net,Germany,2025-05-28,Standard,51.92
2180,Steven Nguyen,bowmanjoel@example.net,Netherlands,2020-02-06,Premium,103.37
2181,Justin Parker,jacqueline39@example.net,Canada,2022-09-29,Standard,25.92
2182,Patrick Snyder,umartinez@example.net,United States,2022-02-03,Basic,23.62
2183,Debbie King,lindseyroberts@example.org,Netherlands,2020-10-08,Basic,38.59
2184,Jeremy Summers,ucarr@example.org,Germany,2020-12-25,Standard,49.59
2185,Christopher Rivera,ksmith@example.org,United Kingdom,2024-01-23,Premium,90.13
2186,John Woodard,fwolf@example.net,Brazil,2020-05-17,Standard,67.87
2187,Alfred Leonard,devon88@example.org,Netherlands,2023-08-11,Standard,86.78
2188,Shari Kelley,taylormichael@example.net,Germany,2025-08-19,Standard,79.46
2189,Robert Parks MD,benjaminwilliams@example.net,France,2025-12-23,Standard,41.77
2190,Michele Watson,nbailey@example.net,Netherlands,2020-07-30,Standard,59.77
2191,Tammy Tyler,jack86@example.org,United Kingdom,2022-06-27,Standard,36.46
2192,James Miller,harrisjoshua@example.com,United Kingdom,2022-03-04,Standard,76.91
2193,Shelby Duncan,daniel15@example.org,Australia,2026-07-17,Standard,94.00
2194,Timothy Mcmahon,johnsonedward@example.net,Netherlands,2021-11-12,Basic,33.82
2195,Matthew Moss,elizabeth14@example.org,Australia,2020-02-07,Standard,31.27
2196,Wendy Miller,brianmorrow@example.org,Germany,2022-04-08,Premium,97.36
2197,Mark Dennis,hdavis@example.org,Netherlands,2020-07-07,Basic,64.68
2198,Toni Ortiz,clarkdavid@example.net,India,2025-05-14,Basic,50.72
2199,Audrey Reyes,brianobrien@example.net,India,2023-12-30,Premium,45.23
2200,Amanda Taylor,andersonhenry@example.org,Australia,2025-02-28,Standard,56.80
2201,Marcus Blair,dorothy87@example.org,Brazil,2020-03-30,Basic,89.09
2202,Joshua Guerrero,carterjames@example.com,United States,2021-07-15,Premium,127.97
2203,Ashley Duran,qcurtis@example.com,Germany,2025-03-21,Standard,73.42
2204,Melanie Garrett,gregory14@example.org,Netherlands,2021-04-17,Premium,59.33
2205,Vicki Hernandez,sandraheath@example.net,United Kingdom,2022-04-29,Standard,32.59
2206,Holly Ponce,nicholas09@example.org,Netherlands,2023-05-04,Standard,33.95
2207,April Galvan,efranco@example.net,Brazil,2022-11-03,Standard,84.80
2208,Crystal Chavez,david97@example.org,Australia,2026-01-16,Basic,125.18
2209,Kimberly Hughes,joshuacoleman@example.com,Germany,2023-10-30,Standard,38.82
2210,Paula Johnson,jasonjohnson@example.org,Netherlands,2020-09-13,Standard,65.22
2211,Christopher Hall,bconrad@example.org,France,2022-04-21,Standard,125.87
2212,Jessica Griffith,kramirez@example.net,Brazil,2020-05-22,Basic,99.37
2213,Carlos Heath,reynoldsmichelle@example.org,Japan,2025-07-23,Premium,47.70
2214,Melinda May,petersonjose@example.org,France,2022-09-29,Premium,179.90
2215,Caleb Jensen,jacquelinedelacruz@example.org,Australia,2024-11-09,Basic,75.11
2216,Jay Buchanan,kfrye@example.net,France,2024-02-23,Standard,75.20
2217,Jeffery Thompson,woodbrittany@example.com,Brazil,2023-02-12,Standard,31.10
2218,Danielle Hamilton,johnskinner@example.org,Canada,2021-08-08,Premium,54.06
2219,Kayla Williams,williamsbrian@example.org,United Kingdom,2024-05-12,Standard,62.63
2220,Ashlee Ross,shafferjill@example.com,Germany,2026-04-26,Standard,99.78
2221,Kelly Burnett,burnsrodney@example.org,Germany,2021-10-24,Premium,24.31
2222,Ashley Cooper,seth29@example.org,Brazil,2025-01-22,Basic,66.46
2223,Brian Brown,fordjames@example.org,Australia,2023-04-10,Standard,132.46
2224,Joseph Hill,martinnovak@example.com,Netherlands,2023-05-12,Standard,53.15
2225,Allison Cunningham,james62@example.org,Germany,2026-05-12,Standard,46.62
2226,Jeffery Jordan,michaelvillarreal@example.net,Germany,2022-07-16,Basic,80.06
2227,Cristian Lambert,tyler31@example.net,Japan,2024-12-09,Premium,49.92
2228,Sara Preston,catherinemoore@example.com,Germany,2021-07-02,Standard,29.12
2229,Kelly Rivas,fmorrow@example.com,Germany,2023-05-09,Basic,48.24
2230,Jeffery Collins,dsmith@example.com,Japan,2021-03-18,Basic,159.38
2231,Kevin Estrada,courtney01@example.org,Australia,2020-05-11,Premium,66.81
2232,Lauren Stephens,sloanbenjamin@example.net,United Kingdom,2021-01-05,Premium,103.87
2233,Lynn Adams,hooveranna@example.net,Brazil,2024-11-18,Standard,50.90
2234,Richard Williams,edwardselizabeth@example.net,Canada,2024-06-29,Basic,38.62
2235,Tanya Foster,mortonkenneth@example.net,Canada,2023-07-07,Premium,47.20
2236,Kevin Jennings,pfowler@example.org,Netherlands,2023-08-07,Standard,20.09
2237,Jason Reyes,jreyes@example.net,Australia,2021-12-05,Basic,63.45
2238,Mr. David Rivas,hernandeztodd@example.org,Japan,2023-01-22,Standard,38.38
2239,Donna Carroll,samuel38@example.net,Netherlands,2024-09-01,Premium,41.82
2240,Rodney Baker,forbessean@example.org,Netherlands,2026-06-21,Standard,45.00
2241,John Robertson,qcharles@example.org,United States,2025-11-30,Standard,90.02
2242,Mary Mccoy,danieljenkins@example.org,Japan,2024-08-14,Basic,40.81
2243,Michael Gilbert,cody81@example.org,Brazil,2022-05-06,Basic,145.71
2244,Tonya Simon,hlester@example.org,France,2025-05-14,Standard,88.87
2245,Tanya Shannon,sarah80@example.org,United Kingdom,2023-06-26,Basic,76.16
2246,Sophia Boyd,amanda21@example.com,Australia,2020-04-17,Standard,37.79
2247,Timothy Ryan,ashleyalexander@example.net,France,2023-04-23,Standard,67.79
2248,Francisco Estrada,cainjordan@example.org,Japan,2021-05-22,Standard,45.70
2249,Jamie Duran,meganjames@example.org,Australia,2023-07-16,Standard,72.46
2250,Leslie Moody,villawilliam@example.com,Japan,2021-01-09,Premium,153.62
2251,Paul Lane,gcastro@example.org,Australia,2022-04-19,Standard,118.43
2252,Henry Reeves,dbeck@example.com,United Kingdom,2021-03-19,Premium,51.23
2253,Jeffery Snyder,rebecca19@example.com,India,2023-03-28,Standard,41.09
2254,Courtney Sharp,gregorymitchell@example.net,Australia,2025-11-08,Standard,39.88
2255,Jennifer Carter,daniel79@example.net,Netherlands,2021-08-03,Standard,83.26
2256,Sandy Bennett,dyersara@example.net,Australia,2024-12-23,Premium,40.10
2257,Jesse Edwards,jenniferwalls@example.com,Netherlands,2021-10-11,Premium,29.87
2258,Charles Zavala,wallaceeric@example.com,Netherlands,2020-05-29,Standard,144.38
2259,Beth Shaw,bethany36@example.com,Australia,2023-09-08,Premium,28.46
2260,Lisa Beard,josephross@example.net,Netherlands,2023-08-05,Basic,49.11
2261,Nicole Wallace DDS,tracifoster@example.org,Australia,2024-01-22,Basic,22.52
2262,Daniel Gallegos,ejohnson@example.org,Netherlands,2026-04-21,Basic,58.00
2263,Carla Hoover,michaelcampos@example.net,India,2022-09-19,Standard,105.62
2264,Jason Smith,jenniferrodriguez@example.org,France,2021-04-27,Standard,127.25
2265,Jorge Morales,tinawilliams@example.com,United States,2024-05-22,Standard,89.53
2266,Kathleen Baker,kentmichael@example.com,United Kingdom,2023-12-29,Premium,133.91
2267,Denise French,pattersondebra@example.org,Japan,2020-08-01,Standard,118.62
2268,Kari Buck,emorales@example.com,United States,2021-06-22,Standard,67.31
2269,Laura Payne,bartondavid@example.com,Germany,2024-06-05,Basic,20.63
2270,James Whitaker,paynestephanie@example.net,United States,2024-04-10,Standard,40.47
2271,Ryan Garcia,collinmiller@example.com,Canada,2021-02-24,Standard,75.46
2272,Theresa Gardner,marydean@example.com,France,2021-04-13,Standard,77.36
2273,Jessica Conrad,hollyperkins@example.net,United Kingdom,2023-09-14,Premium,96.89
2274,Kevin Werner,sbradley@example.org,France,2026-08-08,Premium,145.66
2275,Catherine Kirk,rodriguezchristina@example.net,Canada,2025-07-29,Basic,31.08
2276,Stacy Williams,pvang@example.net,Brazil,2020-05-03,Basic,105.76
2277,Crystal Carlson,joneschristian@example.net,Australia,2024-08-29,Standard,84.54
2278,Michael Martinez,uclark@example.org,Canada,2026-02-09,Basic,27.97
2279,Mr. Kristopher Curtis,mark90@example.com,Australia,2022-07-09,Standard,27.89
2280,Anthony Knapp,lindsay48@example.net,France,2025-04-28,Standard,51.09
2281,Lisa Reynolds,rfleming@example.net,United Kingdom,2023-04-26,Standard,39.60
2282,Adrian Gibbs,ywilliams@example.com,United States,2022-11-26,Standard,115.45
2283,Steven Duncan,leroy57@example.com,Germany,2020-04-09,Standard,50.44
2284,Alyssa Anderson,kayla33@example.net,United States,2021-03-09,Basic,22.55
2285,Cathy Barnes,jonathan66@example.org,France,2025-07-17,Premium,76.19
2286,Crystal Brown,brian65@example.net,Netherlands,2025-11-27,Premium,44.59
2287,Edward Richmond,lmartin@example.org,India,2022-01-30,Standard,84.05
2288,Emily Taylor,epatterson@example.net,France,2025-05-09,Premium,35.97
2289,Douglas Lucero,christina60@example.org,Japan,2023-04-11,Standard,43.50
2290,Danielle Robles,watsonteresa@example.net,Canada,2024-01-06,Standard,108.37
2291,John Black,aholder@example.net,Australia,2020-12-22,Premium,94.04
2292,Shannon Thompson,folson@example.net,Germany,2025-10-08,Standard,93.17
2293,Nathan Sparks,scott04@example.com,Germany,2020-12-24,Premium,35.24
2294,Tamara Brown,daniellecoleman@example.org,Brazil,2021-10-14,Basic,63.97
2295,Michael Blair,jeremy75@example.org,Japan,2024-07-19,Basic,134.01
2296,William Gould,murraymichael@example.net,United Kingdom,2023-10-11,Standard,17.66
2297,Crystal Nguyen,kylemartinez@example.net,India,2025-08-22,Standard,105.19
2298,Jessica Torres,michael40@example.org,Canada,2020-11-06,Basic,28.34
2299,Craig Beard,justin75@example.net,India,2022-11-21,Standard,96.21
2300,Mrs. Kimberly Cannon,taylorjames@example.net,Australia,2024-05-28,Standard,36.09
2301,Angela Gonzales,nfleming@example.net,United Kingdom,2022-03-03,Basic,88.23
2302,Martin Newton,pduran@example.net,Brazil,2023-06-20,Standard,84.77
2303,Melinda Weiss,mjackson@example.net,United Kingdom,2025-07-21,Basic,97.92
2304,Rebecca Jones,agomez@example.net,United Kingdom,2022-04-19,Standard,32.16
2305,Mark Johnson,crivers@example.com,Japan,2024-07-14,Basic,127.48
2306,Rebecca Perez,,India,2021-10-19,Standard,55.44
2307,Sierra Smith,josephenglish@example.com,Canada,2020-05-05,Premium,79.42
2308,Jonathan Palmer,robertsonjennifer@example.com,India,2021-02-27,Standard,90.25
2309,David Santiago,kirbymichael@example.org,France,2022-07-10,Premium,226.01
2310,Joseph Ward,jose60@example.net,United Kingdom,2020-03-25,Standard,53.34
2311,Kristen Smith,alvarezchristine@example.com,Japan,2025-02-18,Basic,76.12
2312,Toni Hunt,john91@example.org,Netherlands,2020-07-24,Standard,24.25
2313,Virginia Rose,morgan69@example.net,Brazil,2021-01-31,Basic,28.34
2314,Willie Edwards,nicoleduran@example.net,Japan,2021-07-01,Standard,69.58
2315,Dawn Hall,marygarcia@example.com,Japan,2024-05-29,Standard,61.31
2316,Jane King,hensleyvalerie@example.net,Brazil,2020-12-25,Standard,163.17
2317,Jerry Boyd,david38@example.net,Canada,2025-05-30,Basic,103.06
2318,Miss Kathryn Myers,ashleygarcia@example.org,Brazil,2023-03-21,Basic,68.63
2319,Kayla Williams,sherryknight@example.org,Japan,2021-01-04,Standard,42.13
2320,David Small,garymartinez@example.org,India,2022-09-24,Standard,118.80
2321,Brian Kent,brownalexa@example.com,Germany,2020-09-27,Standard,54.02
2322,Sabrina Lopez,hespinoza@example.org,India,2024-04-27,Premium,92.08
2323,Cynthia Tran,srobles@example.org,Netherlands,2023-12-29,Premium,38.01
2324,Rachel Hill,debra19@example.net,India,2024-08-25,Standard,40.51
2325,Michael Davis,jamesparker@example.net,Australia,2022-07-28,Standard,63.18
2326,Paul Moon,gonzalezkendra@example.org,Germany,2022-06-21,Premium,70.28
2327,Leah Kim,woodlisa@example.com,India,2021-04-09,Basic,57.22
2328,William Barnett,riverarebecca@example.org,France,2021-06-03,Basic,53.49
2329,Jenna Watson,eadams@example.org,France,2024-06-23,Standard,80.27
2330,Mrs. Jillian Nguyen,fletcherjanet@example.org,Brazil,2021-12-17,Basic,69.44
2331,Julie Mills,lmendez@example.com,Canada,2026-01-05,Premium,22.03
2332,Joshua Phillips,richardsonanna@example.org,India,2023-03-17,Standard,72.17
2333,Caitlin Lawson,nicholasswanson@example.net,Brazil,2025-12-16,Basic,58.53
2334,Stephanie Knight,riceamber@example.net,Canada,2020-05-07,Basic,31.51
2335,Rachael Jones,rrice@example.net,France,2020-01-26,Basic,38.44
2336,Ryan Hudson,watsonbrittany@example.org,Australia,2024-09-01,Premium,50.77
2337,Tony Anderson,mjohnson@example.org,Brazil,2020-12-13,Premium,36.74
2338,Chelsea Smith,shawn89@example.net,India,2026-04-26,Standard,36.97
2339,Charles Jones,tranadam@example.net,United Kingdom,2025-06-24,Standard,56.73
2340,Autumn Tucker,gward@example.com,United States,2026-07-05,Standard,80.01
2341,Cody Jones,janice27@example.com,Brazil,2025-12-23,Standard,150.36
2342,Chad Adams,juanfranklin@example.net,Netherlands,2023-01-25,Premium,82.13
2343,Angela Brown,donaldhahn@example.com,Japan,2020-11-23,Standard,67.08
2344,Juan Becker,jennifer54@example.org,United Kingdom,2023-10-31,Standard,39.00
2345,Beth Kirk,todd05@example.com,India,2025-08-05,Standard,72.09
2346,Ryan Richardson,,India,2023-06-04,Standard,44.51
2347,Mark Robinson,pageandrew@example.net,Canada,2021-05-07,Standard,33.12
2348,Chad Abbott,robert07@example.org,Germany,2026-03-21,Basic,65.21
2349,Lisa Clay,gbraun@example.org,India,2020-01-30,Standard,51.98
2350,Susan Black,adam17@example.net,Brazil,2022-10-15,Premium,40.80
2351,Xavier Jones,haleylove@example.org,United Kingdom,2024-08-18,Basic,20.08
2352,Margaret Mullins,adam10@example.com,Canada,2020-09-19,Standard,76.22
2353,Sarah Blackwell,davisautumn@example.org,Germany,2020-11-26,Basic,60.40
2354,Brad Beard,zavaladiane@example.com,Netherlands,2021-08-29,Basic,25.36
2355,Andrew Ford,jeremy70@example.net,Netherlands,2020-02-23,Standard,85.33
2356,John Escobar,rwheeler@example.org,Brazil,2020-06-22,Standard,83.59
2357,Erin Carter,wileyaudrey@example.com,Germany,2020-10-28,Premium,85.31
2358,Laura Grimes,laurenboyd@example.com,United States,2022-11-13,Basic,22.71
2359,John Wilson,mcooper@example.com,Japan,2020-02-22,Standard,294.57
2360,Vanessa Harris,chunglaura@example.net,Canada,2024-01-29,Premium,45.54
2361,Amanda Cook,lisa13@example.net,United States,2022-06-20,Standard,25.39
2362,Michael Jones,michaelhoffman@example.net,Australia,2020-04-06,Standard,42.60
2363,Sierra Allen,jason57@example.com,India,2020-05-16,Basic,34.47
2364,Jessica Mcgee,robertbrown@example.com,United States,2026-04-21,Standard,45.62
2365,Whitney Macdonald DVM,jlee@example.org,United States,2023-04-26,Standard,241.37
2366,Janet Jarvis,amyponce@example.com,India,2024-09-25,Standard,44.35
2367,Anthony Velasquez,richard28@example.org,Germany,2025-05-30,Standard,74.22
2368,Heather Diaz,janet65@example.com,Netherlands,2023-02-13,Basic,85.19
2369,Alexandra Johnson,kmoore@example.org,United Kingdom,2023-01-06,Standard,158.01
2370,Michael Cross DDS,rachel51@example.org,United Kingdom,2024-03-10,Standard,77.15
2371,Julie Romero MD,prestoncory@example.org,Canada,2026-08-15,Standard,69.91
2372,Melanie Brown,thomaslinda@example.net,United Kingdom,2024-05-05,Premium,49.00
2373,Tamara Edwards,garyjohnson@example.net,United Kingdom,2026-06-17,Standard,48.71
2374,Mary White,holly12@example.org,Brazil,2020-08-28,Premium,155.77
2375,Scott Malone,kristen95@example.org,India,2026-07-15,Standard,15.30
2376,Tara Knox,millerdaniel@example.org,India,2026-06-27,Premium,53.93
2377,Lisa Johnson,tammy94@example.com,United States,2022-04-03,Premium,45.84
2378,Sarah Ford,bradley71@example.com,India,2020-02-02,Basic,46.67
2379,Maria Mcintyre,galvanjeanette@example.net,Netherlands,2024-04-12,Premium,98.37
2380,Lisa Booker,williamstoni@example.com,Japan,2022-03-12,Standard,36.16
2381,Gregory Pace,harrisphyllis@example.org,Germany,2022-01-22,Basic,88.92
2382,Diane Jones,rosshunter@example.net,Canada,2023-03-26,Basic,7.35
2383,Luis Mcclain,courtney13@example.net,Germany,2022-05-21,Basic,26.03
2384,Brianna Ward,michael35@example.net,France,2020-05-14,Basic,76.24
2385,Laura Schneider,johnsonrick@example.com,France,2021-08-10,Standard,26.55
2386,James Gonzales,jduncan@example.org,Germany,2022-02-10,Basic,47.24
2387,Michael Moran,bradley37@example.net,United Kingdom,2026-01-23,Standard,107.41
2388,Michael Downs,eileenhudson@example.com,India,2025-12-16,Basic,56.33
2389,Ryan Moore,andrewlong@example.com,Netherlands,2022-01-06,Standard,61.26
2390,Daniel Gray,alan25@example.org,United States,2024-04-02,Standard,22.46
2391,Joshua White,david62@example.com,India,2025-06-26,Standard,112.64
2392,Brittany Mccormick,burtondoris@example.net,Germany,2022-01-18,Standard,61.73
2393,Amanda Williams,mark11@example.org,Brazil,2022-05-22,Standard,34.02
2394,Mark Haley,ccombs@example.com,France,2022-07-26,Standard,25.69
2395,Steven Davis,pdixon@example.org,Netherlands,2020-10-12,Premium,51.16
2396,Abigail Kemp,ywallace@example.org,Japan,2023-05-23,Basic,49.29
2397,Vicki Hayes,susan75@example.net,United Kingdom,2024-09-30,Standard,94.71
2398,Emily Foster,christopherwatkins@example.net,United States,2023-11-02,Standard,67.08
2399,Cassidy Smith,stephanieallen@example.net,Canada,2021-02-28,Basic,111.27
2400,Joel Ford,stephengomez@example.org,Australia,2025-03-20,Standard,96.20
2401,Robert Wilkinson,nealdavid@example.com,United States,2020-05-27,Basic,37.12
2402,Michael Jackson,jenniferpierce@example.org,Japan,2022-04-18,Standard,45.44
2403,Kelly Browning,carlosmeadows@example.net,Canada,2025-04-06,Standard,74.40
2404,Brian Kim,parksariana@example.com,United States,2021-04-01,Basic,105.71
2405,Emily Brady,martin81@example.net,Brazil,2025-06-05,Basic,101.94
2406,Jose Fletcher,sjackson@example.org,Brazil,2023-12-29,Basic,77.19
2407,Cindy Kelley,sally78@example.net,India,2021-12-22,Standard,34.22
2408,Karen Jackson,jfranklin@example.net,Canada,2020-12-25,Standard,58.33
2409,Jose Jackson,martin40@example.net,United Kingdom,2020-12-06,Standard,147.18
2410,Lisa Herrera,dmartin@example.org,Brazil,2023-10-08,Standard,26.84
2411,Donald Freeman,derekdougherty@example.org,United States,2021-08-24,Standard,28.98
2412,Jason Ashley,diana28@example.net,Brazil,2023-03-31,Standard,33.72
2413,Mark Smith,barbara30@example.net,United Kingdom,2022-11-11,Premium,67.64
2414,Melissa Robinson,walterstiffany@example.com,Australia,2020-08-15,Standard,30.00
2415,Bethany Liu,davidgonzales@example.com,Canada,2022-03-30,Standard,254.50
2416,Jennifer Mercado,nathanlee@example.org,Germany,2024-03-04,Standard,61.55
2417,Samantha Cooper,mking@example.org,United Kingdom,2026-04-09,Standard,15.62
2418,Steven Davis,sarahgonzales@example.com,United Kingdom,2024-08-11,Premium,59.58
2419,Wanda Davis,davidjones@example.org,Netherlands,2025-11-21,Standard,39.08
2420,Tony Perkins,harrisonnicholas@example.net,Australia,2020-11-08,Basic,88.83
2421,Vincent Weaver,davidglover@example.com,France,2020-04-01,Standard,200.78
2422,Brad Melton,carl66@example.org,France,2023-12-15,Standard,44.81
2423,Justin Richardson,barnesalexis@example.org,Germany,2021-05-18,Basic,104.72
2424,Sherri Williams,zskinner@example.com,France,2022-11-30,Basic,34.95
2425,Regina Cox,jackiespears@example.org,Canada,2023-05-17,Basic,68.31
2426,Andrew Sanford,turnerjustin@example.com,Brazil,2023-02-01,Standard,185.74
2427,Chelsea Walker,rpetty@example.com,Japan,2022-03-21,Basic,41.89
2428,Carol Lopez,tcooper@example.net,United Kingdom,2020-02-14,Basic,90.60
2429,Wayne Scott,paulhamilton@example.org,Brazil,2023-10-18,Basic,52.25
2430,Kristen Flores,vwade@example.com,Canada,2023-05-20,Basic,40.33
2431,Tina Ferguson,craigrobertson@example.net,Brazil,2021-02-10,Standard,23.73
2432,Natalie Conrad,mavery@example.net,France,2022-06-09,Standard,116.80
2433,Kyle Fleming,danielleramsey@example.net,Canada,2024-09-18,Premium,63.61
2434,Michelle Rivers,jeffrey85@example.org,Netherlands,2023-09-07,Standard,12.28
2435,Joseph Walker,stacey25@example.net,United Kingdom,2022-01-03,Standard,50.07
2436,Ruben Charles,stacy03@example.org,Germany,2023-04-01,Premium,35.79
2437,Scott Osborne,xsullivan@example.net,Netherlands,2024-07-30,Premium,30.13
2438,Gary Chavez,khendricks@example.net,Canada,2023-09-23,Premium,169.66
2439,Jessica Elliott,jennifer53@example.com,Brazil,2021-02-12,Standard,121.86
2440,Amy Clark,phillip98@example.com,India,2025-03-26,Premium,34.84
2441,Joseph Odonnell,david25@example.com,Australia,2022-11-18,Standard,48.05
2442,Glenn Hodges,sara94@example.net,Japan,2026-07-30,Premium,37.87
2443,Eric Griffin,marcuscase@example.net,Brazil,2022-09-16,Basic,73.67
2444,Desiree Allen,castanedajohn@example.com,United States,2023-11-04,Standard,68.81
2445,Michael Baker,bakerpaul@example.com,United Kingdom,2021-08-01,Premium,35.92
2446,Elizabeth Stewart,johnmerritt@example.com,Netherlands,2023-09-12,Premium,49.15
2447,Matthew Ellis,jason07@example.net,Germany,2021-08-13,Premium,133.86
2448,Matthew Simon,woodwarderin@example.org,India,2023-08-09,Premium,110.98
2449,Bryan Richardson,wbentley@example.org,Australia,2020-06-10,Premium,34.57
2450,Daniel Ochoa,jdavis@example.com,United Kingdom,2025-08-12,Premium,35.82
2451,Debbie Richard,jocelyn26@example.net,Japan,2020-05-23,Standard,138.67
2452,Carla Wong,fwilliams@example.org,Australia,2025-01-25,Basic,115.13
2453,Samantha Walker,holtrobert@example.com,United States,2020-04-16,Standard,37.81
2454,Michael Russell,iford@example.net,Canada,2026-08-14,Basic,237.46
2455,Amber Hines,taylorrodriguez@example.org,Canada,2026-03-06,Basic,58.95
2456,Timothy Nguyen,lisa78@example.org,United States,2024-01-06,Standard,83.55
2457,Cassandra Anderson,johnsonsamantha@example.com,Netherlands,2021-01-08,Standard,202.21
2458,Larry Perez,jacob73@example.org,Netherlands,2022-12-23,Standard,149.73
2459,Lori Miller,hammondjeff@example.com,Canada,2021-03-04,Standard,48.92
2460,Gregory Fletcher,rebekahgonzalez@example.org,Brazil,2020-12-01,Standard,57.98
2461,Charlotte Barber,uthompson@example.org,United States,2020-01-16,Standard,31.56
2462,Tracy Bell,wbowers@example.org,India,2021-06-09,Premium,30.59
2463,Patricia Ramos,reneehernandez@example.org,Germany,2024-11-09,Basic,37.96
2464,Jack Wells,patriciamorrison@example.org,Netherlands,2023-12-20,Standard,50.74
2465,Brandon Bell,kimberlyperez@example.org,Germany,2022-04-21,Premium,113.39
2466,Judy Dixon,harrisonchristopher@example.org,Brazil,2020-03-17,Basic,22.71
2467,Renee Gallegos,ylawson@example.org,United Kingdom,2021-12-16,Basic,10.42
2468,James Gomez,patrickgarcia@example.com,Netherlands,2026-03-19,Basic,58.83
2469,Catherine Davis,patriciagrant@example.net,Canada,2023-12-06,Premium,47.06
2470,Pamela Ferguson,owade@example.com,Brazil,2024-05-26,Standard,49.36
2471,Dennis Thomas,kimberly73@example.com,Japan,2025-04-10,Premium,72.04
2472,Tamara Romero,tinahaas@example.org,United States,2020-07-05,Basic,41.13
2473,William Hodge,websterkelly@example.org,India,2025-04-11,Basic,74.05
2474,Cathy Navarro,jenniferortega@example.net,Canada,2023-02-15,Standard,71.53
2475,Gail Watson MD,richard62@example.net,Japan,2023-07-23,Premium,35.74
2476,Robert Jones,oallen@example.net,Canada,2025-03-15,Standard,66.02
2477,Desiree Carey,schmidtjoseph@example.net,India,2021-09-27,Standard,33.74
2478,Patricia Delgado,washingtonleslie@example.net,Japan,2025-11-02,Basic,114.99
2479,Matthew Hicks,eddie13@example.com,Germany,2023-12-30,Premium,116.17
2480,Jacob Brown,elizabeth39@example.net,United States,2020-06-28,Basic,48.48
2481,Benjamin Thompson,krystal05@example.com,Canada,2024-10-09,Standard,102.10
2482,Billy Miranda,richardsonronnie@example.net,Germany,2025-11-01,Basic,71.94
2483,Anna Le,mark40@example.net,Germany,2024-04-25,Basic,53.10
2484,Cody Woods,brittanyhayes@example.com,Australia,2021-09-05,Premium,37.85
2485,Christopher Smith,shepherdandrew@example.org,India,2022-11-23,Standard,41.07
2486,Eric Everett,udavis@example.net,Australia,2023-12-27,Standard,44.10
2487,Joseph Holland,karenjordan@example.net,France,2020-03-24,Basic,49.82
2488,Christopher Henry,hjohnson@example.com,India,2023-09-23,Basic,74.18
2489,Mrs. Jessica Price,zhall@example.net,Netherlands,2025-08-30,Premium,134.08
2490,Kimberly Alvarez,stevensmatthew@example.net,Australia,2020-06-13,Basic,105.48
2491,Melinda Mccullough,ogomez@example.org,United States,2024-06-09,Basic,75.50
2492,Erin Lopez,james91@example.net,India,2025-02-09,Basic,30.09
2493,Kevin Bell,hunter12@example.org,Brazil,2023-08-28,Standard,31.64
2494,Douglas Bowman,hamptontom@example.com,Brazil,2025-05-18,Basic,125.32
2495,Justin Foster,timothy00@example.org,Brazil,2021-12-29,Standard,78.78
2496,Jerome Cole,amy67@example.com,United States,2022-08-02,Standard,101.72
2497,Gregory Vazquez,nicole16@example.org,United Kingdom,2022-12-16,Standard,71.65
2498,Harry Hale,scottmark@example.org,Germany,2024-10-11,Basic,22.76
2499,Dominic Simmons,lgonzalez@example.net,Australia,2026-03-16,Standard,48.83
2500,Krystal Howard,sydneyalexander@example.org,Brazil,2023-01-03,Standard,22.54
2501,Linda Ball,nwalker@example.org,Brazil,2025-12-01,Basic,27.30
2502,Jason Clark,michealrodriguez@example.net,France,2021-04-01,Standard,74.85
2503,Joseph Horn,jimmy15@example.net,France,2020-12-14,Standard,54.02
2504,Danielle Compton,cheryl54@example.com,France,2024-01-03,Basic,42.11
2505,Rachel Conner,nancy43@example.com,India,2024-09-18,Standard,108.38
2506,Nicole Sanchez,cheryl69@example.net,Canada,2024-10-10,Basic,231.00
2507,Debra Ortiz,joshua74@example.org,Australia,2026-01-12,Basic,75.56
2508,Carolyn Walker,foxerica@example.net,United States,2025-09-16,Standard,69.83
2509,Timothy Mcneil,vincent29@example.net,Brazil,2025-08-24,Premium,61.23
2510,Dr. Jill Brown MD,cory21@example.org,Germany,2023-01-31,Premium,54.85
2511,Samuel Bailey,egill@example.com,Japan,2024-08-10,Premium,103.76
2512,Kevin Villarreal,crystal65@example.com,United States,2025-04-09,Standard,41.45
2513,Jeffrey Torres,benjaminsmith@example.com,France,2025-12-19,Standard,59.31
2514,Alexander Merritt,hernandezcheryl@example.net,France,2026-05-13,Standard,60.19
2515,Felicia Long,daniel13@example.net,Brazil,2023-12-13,Basic,80.64
2516,George Byrd,allison96@example.org,India,2022-12-28,Premium,82.13
2517,Angela Berry,jmaynard@example.com,Australia,2026-08-14,Basic,151.08
2518,Chelsea Dominguez,sherylgreen@example.com,Netherlands,2021-05-14,Standard,27.27
2519,Joshua Watson,fhughes@example.org,Germany,2023-02-25,Basic,10.52
2520,Michael Taylor,kennethwhite@example.com,United Kingdom,2021-12-18,Standard,117.46
2521,Daniel Rodriguez,jamesellis@example.org,United Kingdom,2020-07-13,Standard,180.96
2522,Melissa Owen,jesse79@example.com,United States,2025-11-09,Standard,47.13
2523,Rick Hinton,iharrington@example.org,Canada,2023-05-23,Basic,107.51
2524,Kevin Williams,jennifer29@example.com,Australia,2022-01-27,Premium,60.89
2525,Amy Baker,lucasteresa@example.com,India,2021-11-09,Basic,108.39
2526,Joshua Moody,turnermckenzie@example.org,United States,2024-02-03,Standard,19.29
2527,Diana Myers,stacey22@example.net,Germany,2021-12-21,Basic,103.05
2528,Casey Mcknight,shanerogers@example.org,Australia,2023-05-21,Standard,54.91
2529,William Lewis,albertsmith@example.com,United States,2026-01-28,Basic,48.09
2530,Jeremy Gross,halljeffrey@example.com,Netherlands,2021-10-20,Standard,71.16
2531,Robert Kim,santiagoronald@example.com,Germany,2023-10-22,Standard,52.95
2532,Nicole Edwards,ethomas@example.net,Germany,2024-01-19,Standard,52.20
2533,Todd Thompson,thompsondarlene@example.org,Germany,2020-11-28,Basic,62.15
2534,Carolyn Johnson,jessicahawkins@example.com,Japan,2023-02-23,Standard,22.78
2535,Judy Potts,jennifer20@example.org,Canada,2020-05-14,Premium,71.13
2536,Brandi Williams,davisjennifer@example.org,Canada,2023-07-29,Premium,73.27
2537,Julia Parsons,brian64@example.net,France,2020-07-05,Basic,47.25
2538,Erica Green,deckerthomas@example.net,Germany,2024-10-02,Standard,108.05
2539,Amber Ward,deanmarisa@example.org,United States,2024-12-08,Premium,45.30
2540,Julie Hernandez,amandaknapp@example.org,United States,2020-06-27,Standard,52.62
2541,Lauren Watts,whitelevi@example.org,Japan,2024-11-18,Basic,76.39
2542,Suzanne Hardy,ilong@example.com,Japan,2021-08-10,Basic,32.64
2543,Kenneth Shepard,staceywashington@example.net,Germany,2024-01-06,Standard,28.66
2544,Jimmy Palmer,corymiller@example.org,United Kingdom,2021-06-19,Standard,48.78
2545,Thomas Mendez,heidihaas@example.net,Australia,2024-11-05,Basic,41.79
2546,Andrew Soto,gibsonbrandon@example.com,United States,2024-08-13,Standard,189.80
2547,Lisa Benson,carmengomez@example.net,United Kingdom,2020-11-11,Standard,47.56
2548,Christopher Thomas MD,carlymoss@example.org,France,2021-08-24,Premium,64.79
2549,Catherine Smith,pgoodman@example.org,France,2020-11-13,Standard,87.12
2550,Frank Cochran,edward16@example.org,Germany,2026-02-06,Basic,32.58
2551,April Ryan,mhorn@example.org,Brazil,2021-07-11,Standard,55.15
2552,Taylor Smith,jamesroberts@example.com,Brazil,2021-08-04,Basic,45.61
2553,John Brock,lromero@example.com,United Kingdom,2024-10-24,Basic,34.53
2554,Melinda Jones,daltonchristina@example.com,Germany,2022-04-21,Basic,67.94
2555,Stephanie Sanders,jake77@example.com,Netherlands,2023-02-12,Basic,67.02
2556,David Lopez,ernestrich@example.net,Japan,2026-03-18,Basic,173.69
2557,Ian Hernandez,ywells@example.org,Japan,2025-06-10,Standard,95.84
2558,Brenda Jacobs,zmiller@example.com,Japan,2025-11-01,Standard,65.43
2559,Dustin Jones,valdezashley@example.org,Canada,2022-03-22,Standard,23.37
2560,Peter Haynes,jrobinson@example.net,Japan,2021-06-18,Standard,45.98
2561,Robin Brewer,phall@example.com,Japan,2025-10-01,Standard,37.45
2562,Catherine Reynolds,margaretsharp@example.net,Brazil,2025-11-13,Standard,60.65
2563,Michael Morgan,rogersjonathon@example.net,Netherlands,2020-08-14,Basic,33.55
2564,Sarah Williams,jamierodriguez@example.net,France,2020-10-25,Basic,28.85
2565,Samuel Davis,janetmoore@example.net,India,2022-03-08,Basic,108.65
2566,Susan Rodriguez,kimberlywatson@example.com,Canada,2024-11-09,Standard,53.02
2567,Wendy Evans,amanda68@example.com,Japan,2020-07-13,Standard,56.77
2568,Justin Brown,garciabrandi@example.net,Germany,2025-02-28,Basic,59.06
2569,Cassandra Reilly,vanessa20@example.org,United Kingdom,2022-09-25,Premium,43.03
2570,Erik Murphy,hramos@example.com,United States,2025-11-30,Standard,71.94
2571,Patricia Wilson,slittle@example.com,Germany,2022-01-20,Basic,53.24
2572,Ashley Thomas,nramsey@example.com,Netherlands,2025-06-04,Standard,126.03
2573,Alan Vaughn,lstokes@example.org,Germany,2023-01-27,Basic,33.32
2574,William Campbell,mitchellcheryl@example.net,Brazil,2020-03-23,Basic,115.31
2575,Ann Huffman,kpace@example.net,India,2025-07-28,Premium,63.71
2576,Linda Austin,whernandez@example.com,India,2020-08-15,Premium,150.81
2577,Joshua Brown,pearsonwillie@example.org,Canada,2022-01-08,Premium,43.92
2578,Carol Smith,bhenderson@example.net,Japan,2020-05-30,Standard,183.81
2579,Cheryl Foster,baileyjames@example.org,Australia,2021-08-09,Standard,167.82
2580,Debra Mercado,smithcrystal@example.com,United Kingdom,2021-04-17,Basic,80.31
2581,Candice Butler,andreasmith@example.com,United States,2020-07-05,Basic,115.07
2582,Jerry Ferguson,donnacunningham@example.net,United States,2021-04-14,Basic,68.54
2583,Shannon Thompson,dmartin@example.com,India,2020-10-25,Premium,42.99
2584,Sonya Harris,nicolemason@example.com,United States,2022-04-23,Basic,97.43
2585,Madison Ware,vrussell@example.org,United Kingdom,2020-02-26,Premium,17.10
2586,Juan Sanford,dthompson@example.org,Japan,2023-07-01,Basic,109.87
2587,Raven Harris,smithcharles@example.org,Japan,2025-01-03,Premium,35.23
2588,Katie Arellano,jenniferhernandez@example.net,Japan,2021-07-22,Premium,71.67
2589,Kelsey Nguyen,rachael79@example.net,United States,2022-06-18,Standard,40.77
2590,Matthew Henderson,sullivanpaula@example.com,Netherlands,2026-02-03,Basic,16.89
2591,Kimberly Garcia,margaret20@example.net,United States,2022-10-01,Standard,24.67
2592,Jeremy Ortiz,john19@example.org,Brazil,2023-10-26,Standard,39.35
2593,Kevin Riley,shull@example.org,United States,2024-12-01,Standard,35.65
2594,Nicholas Smith DDS,amberevans@example.net,United Kingdom,2025-12-26,Standard,40.08
2595,Jennifer Cruz,jacquelinebennett@example.net,Netherlands,2025-09-16,Standard,35.04
2596,Jerome Parker,cherylgomez@example.org,Australia,2026-05-18,Premium,64.21
2597,Lori Smith,matthewwalker@example.com,India,2021-02-02,Basic,68.58
2598,Alison Adams,irojas@example.net,Germany,2026-05-02,Basic,47.61
2599,William Torres,nthomas@example.com,Australia,2025-11-30,Standard,70.58
2600,Aaron Casey,zandrews@example.com,Australia,2022-03-27,Standard,31.15
2601,Harold Williamson,rparker@example.com,Australia,2025-06-13,Standard,32.13
2602,Rebecca Boone,richard18@example.org,United States,2021-04-04,Standard,28.67
2603,Lori Clark,jenkinsjohn@example.com,India,2026-04-30,Standard,69.00
2604,Deborah Stewart,osbornkelly@example.net,Japan,2025-07-14,Basic,58.82
2605,Erin Jackson,elizabethrobertson@example.com,Canada,2024-12-04,Standard,35.96
2606,James Tran,martindonald@example.com,Canada,2023-01-21,Standard,195.63
2607,Dawn Meyer,smithamy@example.com,Germany,2025-06-03,Basic,55.52
2608,Sheri Ballard,aaronwiley@example.net,United States,2021-01-11,Premium,27.43
2609,Nancy Green,timothy88@example.org,United States,2020-08-06,Basic,95.11
2610,Timothy West,tranrobert@example.org,United Kingdom,2022-07-21,Standard,29.72
2611,Gregory Myers,rose00@example.org,India,2024-12-01,Premium,68.59
2612,Dalton Pruitt,xgarcia@example.net,United States,2025-08-23,Standard,14.40
2613,Cheryl Gonzales,paul18@example.com,Japan,2021-02-03,Premium,41.54
2614,Suzanne Gaines,ryan90@example.net,Netherlands,2021-05-06,Standard,22.10
2615,Amanda Welch,schmidtfernando@example.net,Germany,2022-05-06,Standard,41.75
2616,Devon Phillips,ronaldoneal@example.org,India,2025-01-29,Standard,41.59
2617,Mr. Troy Hansen,david90@example.com,United Kingdom,2026-06-23,Standard,22.99
2618,Andrew Thomas,xcardenas@example.org,France,2024-06-03,Basic,90.00
2619,Shelby Taylor,darrylkent@example.net,India,2021-09-04,Basic,29.21
2620,Adam Young,ltate@example.org,Germany,2025-05-10,Standard,16.35
2621,Steven Torres,scott04@example.com,Canada,2024-04-05,Basic,123.74
2622,Jeffrey Jackson,gail55@example.net,Australia,2022-10-29,Standard,18.86
2623,Tracy Roberts,amandaedwards@example.com,France,2020-10-25,Standard,32.77
2624,David Anderson,jeffery29@example.org,India,2022-09-22,Standard,27.57
2625,Peggy Young,staceyarias@example.org,Australia,2020-12-16,Standard,35.68
2626,Devin Day,cynthiaford@example.org,Brazil,2022-12-24,Standard,28.93
2627,Kristen Jackson,christinapeters@example.net,Germany,2022-05-06,Standard,74.80
2628,Ashley Wilson,george52@example.net,Germany,2024-12-21,Standard,103.69
2629,George Williams,tracy91@example.com,Canada,2024-06-04,Standard,132.74
2630,Eric Ruiz,coxcarol@example.com,Canada,2025-07-03,Standard,100.54
2631,Joseph Paul,danielle52@example.com,Germany,2021-12-11,Basic,52.09
2632,Michaela Whitney,daniel71@example.com,Germany,2024-04-24,Premium,33.85
2633,Gavin Freeman,sgonzalez@example.net,France,2022-08-10,Premium,31.33
2634,Shane Jones,walkerdavid@example.org,Germany,2022-02-19,Premium,25.60
2635,Mrs. Amanda Wells,johnnewman@example.net,Australia,2023-08-08,Standard,57.25
2636,Karen Alvarez,lisahawkins@example.com,Japan,2025-06-21,Premium,82.03
2637,Arthur White,mitchellangela@example.org,Australia,2022-04-06,Basic,77.86
2638,Christy Murphy,aholt@example.com,Japan,2024-10-08,Basic,93.71
2639,Jose Boyer,timothyshaffer@example.net,United Kingdom,2020-11-19,Premium,75.04
2640,James Miller,roger73@example.com,United States,2023-01-05,Basic,23.02
2641,Jennifer Frederick,yramos@example.org,Canada,2022-03-08,Standard,123.96
2642,Dawn Bennett,jeffrey62@example.net,Germany,2022-12-05,Standard,98.30
2643,Laura Tyler,vgreen@example.org,Canada,2025-12-11,Standard,23.75
2644,Darren Smith,rodriguezamanda@example.net,France,2024-05-02,Basic,34.03
2645,Michael Fernandez,marissasutton@example.com,India,2021-01-18,Standard,201.58
2646,Edward Hill,salvarado@example.com,Netherlands,2024-05-29,Basic,39.10
2647,Christopher Bartlett,christine97@example.net,Canada,2023-09-25,Basic,38.44
2648,Hannah Meyer,madison75@example.net,Netherlands,2020-09-11,Standard,75.24
2649,Patrick Ford,kirbybrett@example.org,Germany,2023-02-12,Premium,80.70
2650,Lee Heath,wilkinskevin@example.net,India,2020-06-10,Standard,63.49
2651,Sydney Baker,murraysara@example.net,Netherlands,2026-06-26,Basic,55.61
2652,Shane Mills MD,lisa43@example.com,Canada,2025-11-23,Basic,54.42
2653,Joseph Peterson,millerjessica@example.net,Brazil,2024-02-28,Standard,85.96
2654,Lisa Odom,hsweeney@example.org,United Kingdom,2026-02-03,Basic,48.45
2655,Roberto Rojas,hillsabrina@example.net,India,2026-05-19,Basic,40.79
2656,Ethan Castro,marthagriffin@example.net,Canada,2021-03-01,Premium,79.97
2657,Richard Davis,lmiddleton@example.org,France,2025-02-20,Standard,53.18
2658,Paul Mack,julie80@example.net,Netherlands,2020-08-16,Premium,46.87
2659,Barbara Allen,james60@example.net,Brazil,2026-04-14,Standard,93.14
2660,Kenneth Wells,smithsusan@example.net,United States,2022-03-04,Standard,113.74
2661,Jeffery Berry,debbieedwards@example.org,Brazil,2020-06-21,Standard,52.28
2662,Drew Brown,margaret18@example.net,United Kingdom,2024-10-25,Premium,115.99
2663,Taylor Cantu,kevinespinoza@example.org,Australia,2022-06-16,Standard,86.61
2664,Jeremiah Robinson,wharris@example.com,United Kingdom,2024-06-14,Standard,91.37
2665,Harry Lindsey,william96@example.net,Germany,2021-03-22,Premium,149.01
2666,Shane Potter,bushcourtney@example.net,Germany,2023-07-27,Premium,25.18
2667,David Curtis,odavis@example.com,United Kingdom,2022-01-24,Premium,53.86
2668,Mr. Gregory Wiley,phoover@example.net,Brazil,2023-08-28,Standard,62.24
2669,Mary Massey,jamesjohn@example.net,Australia,2020-02-21,Standard,42.34
2670,Kimberly Fisher,thomaswhite@example.org,Japan,2024-03-14,Standard,58.28
2671,Joseph Gray,vortiz@example.org,United States,2026-06-27,Standard,26.19
2672,Loretta Horton,jonathan61@example.org,Japan,2026-02-22,Basic,54.95
2673,Madison Evans,cynthia35@example.net,United States,2022-09-03,Standard,37.97
2674,Justin Smith,brad51@example.org,United Kingdom,2022-03-27,Standard,59.05
2675,Jason Henderson,abaird@example.com,Germany,2021-11-15,Premium,135.26
2676,Joseph Riley,bakerjonathon@example.com,France,2020-10-09,Basic,274.28
2677,Amanda Simpson,laura09@example.com,United Kingdom,2023-03-29,Premium,59.29
2678,Jonathan Gallagher,heather90@example.net,Canada,2022-04-08,Standard,96.69
2679,Nicole Bell,sheena87@example.com,United States,2024-04-28,Basic,80.65
2680,Cynthia Decker,,Japan,2025-05-14,Standard,124.58
2681,Derek Gonzalez,amanda72@example.com,United Kingdom,2023-04-01,Premium,63.72
2682,Nina Combs,jshaffer@example.org,Canada,2021-08-01,Basic,28.58
2683,Leslie Wolf,kimberly03@example.com,Japan,2021-07-04,Standard,34.05
2684,Paul Nixon,hunterjamie@example.com,United States,2021-11-28,Basic,45.11
2685,Joanna Calderon,jessicalewis@example.com,Japan,2021-04-15,Basic,77.56
2686,Ashley Lynn,hallalan@example.org,Brazil,2023-08-25,Basic,169.78
2687,Charlotte Anderson,williamwalsh@example.com,Brazil,2021-03-26,Standard,83.12
2688,Andrea Boone,michaelcobb@example.org,France,2024-02-16,Standard,25.66
2689,Joanna Anderson,patriciacarr@example.net,France,2022-04-21,Standard,62.26
2690,Kathleen Vargas,katherine10@example.org,Brazil,2021-09-30,Standard,37.69
2691,Richard Larsen,cory32@example.com,United States,2025-01-11,Standard,24.06
2692,Troy Mclean,browntimothy@example.net,United Kingdom,2022-10-04,Premium,69.04
2693,Nicholas Grant,karenstephens@example.com,United Kingdom,2022-02-28,Standard,83.59
2694,Clifford Brooks,juliebird@example.net,France,2023-12-08,Standard,75.73
2695,Adrian Collier,ywilkinson@example.org,Canada,2024-12-12,Standard,59.06
2696,Amber Lee,geraldgarcia@example.net,Japan,2022-06-18,Basic,109.58
2697,Anthony Smith,gfox@example.net,Japan,2021-09-30,Standard,99.93
2698,Timothy Maxwell,pwest@example.org,United States,2025-12-12,Premium,28.84
2699,Robert Griffith,wheelerkimberly@example.org,Japan,2021-10-22,Basic,48.78
2700,Alexandra Marshall,duncanjames@example.net,France,2026-07-25,Basic,27.39
2701,Tyler Hart,anthony17@example.org,Canada,2025-12-29,Premium,46.97
2702,Collin Osborne,johnsonsteven@example.net,France,2023-12-29,Premium,47.20
2703,Robert Knight,fjackson@example.org,Australia,2025-02-25,Basic,46.98
2704,Cody Johnson PhD,pwilkerson@example.com,United Kingdom,2024-09-04,Standard,67.48
2705,Mrs. Carol Morton DVM,molly46@example.org,Japan,2024-03-06,Standard,30.76
2706,Jason Lucero,dflowers@example.com,India,2026-04-09,Standard,40.65
2707,Tara Anderson,mandymalone@example.com,United Kingdom,2020-02-15,Premium,50.84
2708,Daniel Matthews,douglas60@example.org,India,2026-03-30,Standard,49.54
2709,Lauren Torres,thomasjessica@example.net,France,2021-07-06,Standard,139.02
2710,Alexander Craig,esalinas@example.org,United Kingdom,2022-09-10,Standard,72.05
2711,Thomas Ruiz,wmay@example.com,France,2020-05-11,Standard,76.07
2712,Allison Arellano,pearsoncarrie@example.com,India,2022-03-13,Standard,45.26
2713,Joshua Rodriguez,josephcooper@example.net,Canada,2020-02-27,Premium,11.83
2714,Troy Herrera,andersondaniel@example.net,Brazil,2021-08-28,Standard,47.73
2715,Michele Oconnor PhD,jacksonrussell@example.com,India,2022-01-04,Premium,68.27
2716,Susan Palmer,jscott@example.com,Germany,2026-03-22,Basic,53.49
2717,Dr. Kathryn Adams DDS,dmartinez@example.com,France,2021-05-03,Basic,140.47
2718,Ann Cunningham,dixonjerry@example.net,Australia,2025-05-14,Standard,37.65
2719,Jeffrey Williams,henrychristine@example.net,Brazil,2022-10-21,Basic,75.28
2720,Patricia Dunlap,uduncan@example.net,Australia,2024-03-26,Standard,59.58
2721,Craig Nguyen,philliphayden@example.net,Brazil,2021-10-19,Standard,23.69
2722,Tony Williams,joshuaadams@example.com,United Kingdom,2020-08-20,Standard,84.80
2723,Donald Lopez,davidandrews@example.net,Canada,2020-01-21,Premium,97.36
2724,Katherine Mcmillan,jacksonwhitney@example.org,Netherlands,2023-09-08,Premium,69.40
2725,Daniel Robinson,michellehoward@example.com,Germany,2022-10-31,Standard,27.09
2726,Eddie Klein,smithamy@example.com,Netherlands,2023-03-04,Standard,45.00
2727,April Meyer,lchavez@example.org,Brazil,2025-07-20,Premium,92.83
2728,Troy Jefferson,martinezdavid@example.org,Canada,2020-10-01,Standard,37.18
2729,David Jennings,vbradley@example.net,Canada,2020-03-16,Premium,122.06
2730,Theresa Ray,sarahharmon@example.net,Japan,2022-06-06,Standard,22.71
2731,Joshua Quinn,nsingh@example.org,Canada,2021-08-05,Standard,57.98
2732,David Sanchez,amy18@example.com,Canada,2021-10-19,Basic,55.82
2733,Melinda Wright,johnsoncandice@example.net,Australia,2023-03-11,Standard,127.95
2734,Brent Conley,,India,2021-02-28,Premium,36.61
2735,Emily Bates,gmiller@example.net,Netherlands,2023-10-23,Standard,74.36
2736,Tonya Parker,heather58@example.org,France,2021-12-10,Basic,72.50
2737,Jack Nguyen,lopezjordan@example.net,United States,2025-08-22,Standard,98.72
2738,Tony Lawson,joshuajenkins@example.com,United Kingdom,2024-12-29,Standard,48.42
2739,Mike Davis,justin46@example.com,Canada,2023-08-30,Standard,123.62
2740,Michelle Ryan,josephschneider@example.org,United States,2022-03-02,Standard,28.24
2741,Kayla Carlson,barkeredwin@example.org,India,2024-05-21,Basic,82.08
2742,Gregory Eaton,tammy26@example.org,Japan,2020-01-24,Premium,36.82
2743,Richard Howard,ubaker@example.org,Germany,2023-12-05,Premium,74.85
2744,Jesse Smith,robertmoore@example.org,India,2023-01-28,Premium,81.55
2745,Kristen Rivera,moorecody@example.net,Germany,2021-06-14,Basic,63.93
2746,Mark Murphy,parksshawna@example.net,Japan,2023-10-16,Standard,150.04
2747,Andres Marshall,mitchellmichelle@example.com,Germany,2023-10-22,Basic,20.00
2748,Bradley Hoffman,jefferybaker@example.com,United States,2024-03-12,Standard,165.49
2749,Susan Gonzalez,stephenjohnson@example.net,France,2022-11-29,Basic,124.04
2750,Gregory Martinez,ashleybranch@example.net,Australia,2020-12-27,Premium,56.26
2751,Jessica Nguyen,stacey50@example.com,Brazil,2023-12-05,Premium,45.02
2752,Charles Gonzales,larry04@example.net,Netherlands,2020-03-31,Standard,46.43
2753,Brandon Young,melissaevans@example.org,Brazil,2021-11-09,Standard,127.48
2754,Debbie Bailey,victor34@example.com,United States,2023-11-08,Standard,57.02
2755,Todd Sherman,amiller@example.net,Brazil,2022-05-23,Basic,44.82
2756,William Hicks,margaretbarnett@example.org,Australia,2024-06-22,Standard,158.79
2757,Rachel Cisneros,ypadilla@example.com,Canada,2023-02-27,Standard,89.69
2758,Stacey Ortiz,joshuajones@example.net,Brazil,2020-05-21,Standard,63.53
2759,John Miller,rdixon@example.net,Australia,2020-04-20,Standard,31.78
2760,Jason Cantu,belindafowler@example.com,Germany,2022-11-06,Basic,56.64
2761,Erik Nelson,vincent74@example.org,France,2025-11-22,Standard,56.16
2762,Nicole Kelley,kyleparker@example.com,Australia,2026-04-09,Standard,39.71
2763,David Rodgers,hernandezmatthew@example.net,France,2022-09-09,Basic,38.81
2764,James Vazquez,frank49@example.org,Germany,2025-06-22,Basic,141.51
2765,Lisa Schroeder,dawn11@example.org,United States,2021-06-02,Basic,41.27
2766,Jessica Parker,schmidtsteven@example.org,Canada,2025-09-28,Standard,188.22
2767,Misty Rice,erica48@example.net,Brazil,2026-03-08,Premium,87.38
2768,Jennifer Cline MD,brenda68@example.org,Brazil,2022-09-22,Basic,79.51
2769,Robert Watson,velasquezvictoria@example.org,Germany,2021-07-31,Premium,67.32
2770,Scott Wilson,dianaramirez@example.net,United Kingdom,2020-04-03,Premium,40.87
2771,Jessica Colon,nwilliams@example.net,Japan,2026-04-11,Standard,83.48
2772,Kathy Brown,tylergarcia@example.net,Brazil,2023-03-02,Standard,48.20
2773,Kristopher Pierce,harrisbryan@example.net,Australia,2025-11-24,Basic,54.95
2774,Christine Ellison,millerlindsey@example.org,France,2021-09-30,Standard,46.52
2775,Kathleen Garcia,pli@example.org,United States,2025-09-27,Basic,16.45
2776,Paul Wilkerson,jgill@example.com,United Kingdom,2021-12-02,Premium,35.25
2777,Lisa Potter,jhenson@example.com,Canada,2022-07-27,Basic,82.81
2778,Sarah Fields,bowenjonathan@example.net,Netherlands,2023-10-29,Premium,37.05
2779,Jeffrey Walker,michelle01@example.org,United Kingdom,2026-01-15,Standard,26.18
2780,Megan Hood,jasminjohnson@example.org,Germany,2026-02-20,Basic,38.43
2781,Michelle Mcdonald,ruizkimberly@example.net,Netherlands,2025-04-14,Standard,26.57
2782,Ashley Gilbert,brodriguez@example.net,Germany,2026-05-04,Basic,84.18
2783,Leah Travis,davidharris@example.net,Japan,2025-07-17,Standard,38.05
2784,Dr. Andrew Johns,timothy18@example.org,France,2026-06-03,Premium,49.45
2785,Megan Moran,yoderadam@example.com,Brazil,2023-04-09,Standard,34.68
2786,Matthew Caldwell,kristen78@example.org,Germany,2023-11-18,Standard,65.17
2787,Carla Holloway,james23@example.com,Brazil,2021-01-06,Standard,54.09
2788,Pamela Arnold,yrichards@example.com,Japan,2024-06-12,Standard,91.73
2789,Robert Fleming,qgreen@example.com,Australia,2024-09-08,Basic,28.72
2790,Vickie Huynh,carl91@example.org,Australia,2025-04-16,Standard,32.17
2791,Stephanie Colon,christopherbrown@example.org,Brazil,2023-04-30,Standard,66.33
2792,Jack Krause,ejones@example.org,Brazil,2021-07-09,Standard,73.31
2793,Melissa Harvey,patricia24@example.org,Brazil,2022-09-07,Basic,32.31
2794,Connie Smith,beckyroberts@example.com,India,2022-04-14,Standard,194.07
2795,Emily Perez,rodgerscaroline@example.org,India,2023-11-01,Standard,69.85
2796,Jacob Aguirre,craigbuck@example.com,United Kingdom,2024-12-04,Standard,125.74
2797,Crystal Parrish,zwolfe@example.net,United States,2022-07-26,Basic,77.19
2798,Alan Wilson,jesse81@example.org,France,2021-08-26,Standard,113.90
2799,Robert Richards MD,rhonda64@example.org,India,2020-10-04,Basic,24.32
2800,Phillip Lin,floresjohn@example.com,Germany,2022-10-05,Standard,58.42
2801,Erin Garcia,amyjones@example.com,France,2025-02-21,Premium,29.77
2802,Gloria Green,brittanyhubbard@example.com,Germany,2021-01-15,Standard,44.95
2803,Robin Murray,odickerson@example.org,Brazil,2024-07-25,Standard,26.21
2804,Jessica Rojas,jessicasmith@example.com,Brazil,2020-01-01,Basic,254.70
2805,Hunter Alexander,kelsey67@example.com,Australia,2022-12-06,Standard,32.95
2806,Isaiah Trujillo,murraybruce@example.net,Netherlands,2026-04-05,Standard,205.97
2807,Dr. Daniel Tucker,pschmidt@example.org,Brazil,2025-08-25,Standard,46.50
2808,Elizabeth Jones,tiffany80@example.org,France,2023-01-15,Premium,84.03
2809,Anthony Hart,wesley57@example.net,Netherlands,2025-06-03,Premium,44.22
2810,Dr. Charlene Black,jordan68@example.com,Australia,2024-02-12,Basic,43.66
2811,Adam Delgado,wendy76@example.com,Japan,2025-04-28,Basic,106.55
2812,Shannon Mccarthy,jvega@example.com,United States,2024-02-26,Standard,58.73
2813,Charles Munoz,jared86@example.com,United States,2024-01-13,Standard,66.61
2814,Lisa Russell,patriciareynolds@example.net,United Kingdom,2025-07-13,Standard,44.11
2815,Leslie Hall MD,salinaszachary@example.net,Brazil,2021-07-16,Basic,24.88
2816,Alexander Warren,kimberly34@example.org,United States,2020-06-10,Standard,73.92
2817,Taylor Carlson,thomaslane@example.net,Japan,2026-02-03,Standard,46.45
2818,Michael Rojas,qpatterson@example.org,Canada,2024-04-01,Basic,53.73
2819,Sierra Porter,vcole@example.com,Canada,2025-06-09,Standard,67.75
2820,Shari Allen,max26@example.org,United States,2021-08-04,Standard,55.98
2821,Nicole Anderson,dylan27@example.org,Netherlands,2026-04-05,Standard,24.31
2822,Bridget Garcia,henrymccarthy@example.org,United States,2025-05-03,Standard,106.23
2823,Jessica Martinez,huffmaria@example.net,Germany,2026-03-19,Standard,48.56
2824,Brooke Ware,krodriguez@example.org,France,2023-07-06,Basic,155.69
2825,Crystal Brooks,daniel48@example.com,France,2024-10-16,Standard,86.78
2826,Scott White,houstonstephanie@example.org,France,2025-04-22,Standard,67.65
2827,Alexis Shea,roachjulie@example.net,Canada,2021-06-04,Basic,32.53
2828,Amy Payne,jack64@example.com,United Kingdom,2023-07-26,Standard,31.42
2829,Renee Miller,hayesnicole@example.org,Canada,2022-02-13,Standard,120.70
2830,Teresa Carter,seanosborne@example.com,Brazil,2023-04-02,Basic,100.77
2831,Thomas Bennett,jasongutierrez@example.com,Japan,2024-01-05,Premium,101.34
2832,Donald Wallace,melissaroy@example.com,Brazil,2024-07-09,Standard,94.73
2833,Amanda Sanders,ruthsmith@example.org,France,2026-05-04,Standard,39.77
2834,Sabrina Pierce,jordan25@example.net,Netherlands,2022-05-08,Premium,24.18
2835,Joel Moore,halejeffery@example.net,Japan,2020-06-24,Standard,26.06
2836,Bailey Hughes,fwhite@example.org,Netherlands,2021-07-18,Standard,56.81
2837,Ronald Higgins,denise49@example.com,India,2024-11-08,Standard,26.27
2838,Christopher Newman,vfoster@example.org,Canada,2026-07-20,Basic,41.61
2839,Lori Brooks,tiffany97@example.com,Netherlands,2020-01-11,Standard,14.43
2840,Robert Barnes,gsharp@example.net,Netherlands,2020-11-30,Premium,108.93
2841,Alison Williams,wchaney@example.com,United Kingdom,2023-05-10,Standard,38.77
2842,Sarah Larson,ortegasandra@example.net,United States,2024-04-22,Standard,55.85
2843,Terry Macias,jacobjones@example.com,Canada,2022-08-18,Standard,69.11
2844,Amanda Perez,christineramirez@example.net,Australia,2026-01-07,Standard,26.33
2845,Tyler Sanchez,michaellee@example.org,France,2021-04-02,Standard,209.48
2846,Hailey Mcpherson,williamslisa@example.net,Germany,2024-10-10,Standard,184.78
2847,Robert Vega,montgomeryjessica@example.com,Netherlands,2020-04-27,Basic,154.66
2848,Rhonda Mitchell,perezrichard@example.net,France,2022-02-17,Standard,44.51
2849,Christopher Horn,cindyfischer@example.org,United Kingdom,2024-07-16,Standard,22.73
2850,Robert Johnson,lellison@example.com,France,2021-10-28,Standard,30.08
2851,Ann Hobbs,daviddecker@example.com,United Kingdom,2023-05-01,Standard,63.27
2852,Terry Carr,wallacemathew@example.net,France,2023-04-20,Basic,70.58
2853,Jennifer Jones,stephaniewilson@example.org,United Kingdom,2024-05-21,Basic,107.65
2854,Terrence Cruz,xparker@example.com,France,2021-08-31,Standard,89.50
2855,William Davis,danielle93@example.com,France,2022-04-01,Basic,65.03
2856,John Hall,henrygriffin@example.net,United States,2026-01-11,Premium,45.92
2857,Chris Farrell,banderson@example.com,United States,2020-05-26,Basic,83.58
2858,Stefanie Simmons,gking@example.org,Germany,2023-04-22,Standard,22.63
2859,Kevin Keller,ostokes@example.org,Canada,2026-05-19,Basic,53.19
2860,Michael Brown,leslie24@example.org,Netherlands,2020-09-16,Standard,51.68
2861,Daniel Ingram,michellegomez@example.com,Germany,2024-12-15,Standard,56.51
2862,Amber York,perkinsdaniel@example.org,Japan,2021-08-17,Basic,47.17
2863,John Dickson,dlowery@example.net,Netherlands,2022-05-20,Basic,102.12
2864,Kathryn Young,heather42@example.org,Canada,2024-09-25,Basic,33.01
2865,Nancy Costa,courtney58@example.org,United Kingdom,2021-03-21,Basic,33.38
2866,Mark Gallegos,kelsey77@example.org,Germany,2021-08-05,Basic,80.17
2867,Victoria Jordan,suzannegilmore@example.org,Brazil,2023-06-09,Standard,22.92
2868,John Daniels,howardchristina@example.org,France,2025-06-20,Premium,60.44
2869,Jonathan Mueller,susan40@example.net,Australia,2026-05-27,Standard,39.61
2870,Michelle Woods,mariaweaver@example.com,Netherlands,2025-11-16,Basic,24.52
2871,Jennifer Martinez,bkramer@example.net,Brazil,2024-11-28,Basic,116.43
2872,Nancy Miller,michaelbradshaw@example.net,United Kingdom,2021-03-23,Basic,87.01
2873,Gregory Fischer,kjackson@example.org,Netherlands,2021-12-03,Basic,56.95
2874,Peter Zhang,michaelflynn@example.net,United States,2025-09-26,Premium,23.61
2875,Darlene White,ajackson@example.org,United Kingdom,2022-05-07,Premium,98.16
2876,Donald Roberts,davissonya@example.org,Australia,2020-07-05,Premium,26.28
2877,Jennifer Jackson,brookefrench@example.net,Brazil,2022-02-09,Basic,59.12
2878,Thomas Snow,awilliams@example.com,Canada,2022-04-30,Standard,203.09
2879,John Mitchell,mccartymichael@example.org,Japan,2020-01-28,Basic,109.64
2880,Philip Andrews,smithjesse@example.org,Canada,2022-12-24,Standard,50.38
2881,Christopher Huff,nathangonzalez@example.net,Canada,2026-01-21,Standard,60.97
2882,Melissa Barnes,millerbrittany@example.com,United States,2021-04-08,Basic,71.63
2883,Erica Campbell,huynhdouglas@example.com,Australia,2022-10-12,Standard,57.22
2884,Jeffrey Anderson,mcleankaitlin@example.org,Australia,2022-04-15,Standard,46.22
2885,Gabriel Ford,jeffery85@example.org,United Kingdom,2022-11-27,Standard,34.23
2886,Shannon Nunez,josephdavis@example.com,Canada,2024-02-06,Premium,81.99
2887,Marvin Sparks,tonyamercado@example.com,France,2022-09-01,Standard,78.53
2888,Curtis Garcia,justin16@example.com,Netherlands,2021-05-28,Standard,88.55
2889,Christopher Harrison,joshua41@example.net,Germany,2021-05-05,Basic,40.24
2890,Nicole Henderson,emills@example.com,United States,2020-09-29,Standard,60.38
2891,Amanda Ramirez,kristymunoz@example.org,France,2020-12-02,Standard,102.24
2892,Ariel Pierce,elamb@example.com,Netherlands,2026-04-16,Premium,126.35
2893,Krystal Thompson,boltonmary@example.com,United Kingdom,2023-06-19,Basic,109.91
2894,Eric Ingram,blakejackson@example.net,Netherlands,2022-12-22,Standard,25.92
2895,Richard Flynn,mackgary@example.com,Canada,2021-10-01,Basic,167.18
2896,Alexandra Howard,carmstrong@example.net,United Kingdom,2026-06-30,Standard,133.94
2897,Breanna Hansen,kendra53@example.com,France,2020-02-10,Basic,25.66
2898,Morgan Adams,campbelltaylor@example.org,Canada,2024-08-04,Standard,67.20
2899,Shannon Garrett,krauseaaron@example.com,United Kingdom,2025-09-06,Standard,82.70
2900,Donald Morris,timothy42@example.org,Japan,2021-08-16,Standard,62.82
2901,Billy Powers,conleyantonio@example.org,United States,2020-11-03,Standard,52.36
2902,Brandon Walker,torresmeghan@example.net,United States,2024-06-16,Premium,128.76
2903,Angela Goodwin,joshua70@example.com,Netherlands,2025-11-18,Premium,49.17
2904,Shawn Fischer,natalie46@example.com,France,2021-09-29,Standard,82.12
2905,Edward Benson,ztran@example.org,United States,2023-08-20,Basic,40.35
2906,Brittany Alvarez,lisa99@example.org,United Kingdom,2021-12-02,Basic,53.42
2907,Andrew Gibson,barbararodriguez@example.net,France,2024-01-17,Standard,12.77
2908,Stephen Johnson,psmith@example.com,India,2020-10-05,Premium,44.44
2909,Leslie Sanchez,perezjohn@example.com,Brazil,2025-07-12,Premium,164.38
2910,Robert Ruiz,sandersdeanna@example.net,Netherlands,2022-03-06,Premium,67.44
2911,Jason Mathews,kelleyderek@example.net,France,2025-05-11,Basic,102.29
2912,Matthew Jordan,kimberly90@example.net,Netherlands,2021-09-10,Basic,143.03
2913,Amber Ruiz,waynerivera@example.net,India,2022-12-10,Premium,99.57
2914,Melissa Steele,ashleyharris@example.net,Canada,2023-08-25,Standard,29.19
2915,Rebecca Little,barcher@example.net,Germany,2025-05-17,Standard,28.56
2916,Ronald Benson,anthonydana@example.net,India,2020-10-29,Basic,71.78
2917,Pamela Gardner,bakermelissa@example.com,United States,2023-12-18,Premium,36.95
2918,Daniel Combs,cvega@example.org,Australia,2021-08-06,Standard,82.12
2919,Alexis Lee,moralesfrancisco@example.net,Australia,2024-10-12,Basic,43.48
2920,Zachary Velasquez,katiehicks@example.net,Brazil,2021-02-19,Premium,35.45
2921,Tracy Hammond,tracyhoffman@example.com,Germany,2022-07-24,Premium,32.96
2922,Samantha Parker,stevenellis@example.org,Canada,2025-04-28,Premium,85.36
2923,Mitchell Garza,george94@example.org,United States,2020-08-20,Premium,70.32
2924,Elizabeth Mayo,teresamiller@example.org,United Kingdom,2025-02-23,Basic,24.08
2925,Jennifer Johnson,rodriguezmichael@example.net,Germany,2024-10-23,Premium,53.04
2926,Joshua Lee,egeorge@example.net,Netherlands,2025-06-14,Standard,127.41
2927,Denise Hoffman,jonathan98@example.org,United States,2023-09-21,Standard,46.69
2928,Seth Gregory,donna30@example.net,Germany,2024-02-26,Standard,101.46
2929,Scott Smith,owensamber@example.com,Germany,2024-04-29,Basic,53.73
2930,Brian Ware,rfinley@example.net,France,2022-04-11,Standard,11.46
2931,Lauren Sharp,garciadebra@example.com,India,2022-02-16,Standard,44.28
2932,Curtis Cole,rachelvaldez@example.org,Brazil,2022-03-21,Standard,61.40
2933,Jennifer Evans,wilsonbrian@example.net,Canada,2022-04-21,Basic,100.95
2934,Kimberly Holmes,nhobbs@example.org,Brazil,2021-10-21,Basic,22.47
2935,Tracy Pierce,gibsonrichard@example.net,Germany,2026-05-29,Premium,37.12
2936,Alicia Thomas,marissa85@example.org,Canada,2025-01-10,Standard,102.16
2937,Benjamin Fernandez,stephanie27@example.net,United States,2024-06-02,Standard,69.01
2938,Stacey Cruz,rgiles@example.org,Brazil,2020-09-15,Basic,122.67
2939,Justin Moreno,jacksonthomas@example.com,United Kingdom,2024-10-11,Standard,16.33
2940,Regina Gamble,allendavid@example.org,India,2025-07-03,Standard,51.19
2941,Gabriel Larson,qlee@example.com,Australia,2024-07-01,Premium,72.48
2942,Sheri Yoder,dawncook@example.net,Netherlands,2021-07-01,Premium,82.73
2943,Tara Thomas,whitejill@example.com,United States,2024-05-30,Standard,52.20
2944,Lauren Mcmillan,dianebrooks@example.com,France,2021-10-29,Premium,108.73
2945,Juan Adams,summerellis@example.org,Netherlands,2021-05-15,Basic,42.89
2946,James Juarez,tsullivan@example.org,United States,2026-04-20,Standard,47.80
2947,Casey Hubbard,andersonkaren@example.org,France,2025-12-15,Basic,72.37
2948,Dawn Molina,bobby53@example.net,United States,2024-10-12,Standard,84.21
2949,Tricia Russo,xclarke@example.com,United States,2023-10-11,Premium,84.35
2950,Shannon Hudson,mary88@example.org,France,2025-04-11,Standard,52.72
2951,Jennifer Hernandez,xwright@example.com,India,2022-06-16,Standard,96.15
2952,Robert Munoz,susanhall@example.org,Netherlands,2025-04-29,Basic,58.55
2953,Eric Velasquez,ecampbell@example.org,Australia,2022-01-16,Standard,19.99
2954,Joseph Lopez,denniswilliams@example.com,Canada,2025-08-22,Premium,31.14
2955,James Levy,ielliott@example.org,Canada,2023-05-23,Basic,32.55
2956,Leslie Preston,wthompson@example.com,United States,2025-05-10,Premium,28.06
2957,Cindy Walton,briannamclaughlin@example.net,Brazil,2024-09-06,Standard,54.34
2958,Michelle Hayes,zgrimes@example.net,Germany,2021-02-05,Premium,68.13
2959,David Fox,nathannorman@example.org,France,2024-10-12,Basic,38.74
2960,Robin Davis,millsmichelle@example.com,United Kingdom,2025-03-22,Standard,47.06
2961,William Powell,carriereese@example.net,Australia,2022-11-24,Standard,32.44
2962,William Hale,smithcarl@example.com,Japan,2021-09-12,Standard,34.58
2963,Andrea Sparks,nthomas@example.net,United Kingdom,2021-07-21,Basic,29.39
2964,Andrea Turner,melissaharrell@example.net,France,2026-06-18,Basic,48.37
2965,Steven Bridges,harrislisa@example.com,Germany,2025-05-10,Standard,44.50
2966,Maria Wall,landerson@example.net,United Kingdom,2025-10-08,Standard,72.86
2967,Brandy Kerr,vphillips@example.net,United States,2025-08-29,Basic,13.84
2968,George Hall,christine20@example.net,Brazil,2024-11-28,Standard,111.84
2969,Ashley Harding,bholder@example.net,Netherlands,2023-11-29,Standard,101.44
2970,Veronica Johnson,kmartinez@example.net,Japan,2020-03-26,Standard,43.14
2971,Jacob Burton,richard20@example.org,Germany,2022-03-14,Basic,33.89
2972,Jessica Cook,westricky@example.org,Brazil,2022-08-26,Standard,52.10
2973,Maria Wise,whernandez@example.net,France,2020-04-14,Standard,58.08
2974,Bryan Martin II,collinslaura@example.com,Brazil,2022-06-11,Basic,38.98
2975,Jared Smith,douglastimothy@example.net,India,2021-07-22,Standard,85.46
2976,Jon Arellano,mhenry@example.net,United Kingdom,2021-10-14,Standard,81.92
2977,Cassie Williams,perezchristopher@example.net,Netherlands,2024-07-19,Standard,186.25
2978,Craig Washington,martha99@example.net,Australia,2021-06-21,Basic,45.93
2979,Edward Davies,stevelee@example.net,United Kingdom,2023-02-07,Standard,23.55
2980,Devin Reynolds,melanie48@example.net,Germany,2022-10-30,Premium,70.67
2981,Patricia Edwards,ibrady@example.com,United States,2024-09-21,Standard,44.15
2982,Jennifer Jones,leblancnicole@example.net,Germany,2022-10-03,Premium,25.08
2983,Rachael Howard,hartmancrystal@example.net,Germany,2022-09-20,Standard,101.72
2984,Leslie Miller,qneal@example.org,Canada,2024-06-28,Standard,294.71
2985,Kristin Gomez,patrick40@example.net,Canada,2021-05-07,Basic,70.73
2986,Rhonda Morris,cooperamy@example.org,United Kingdom,2024-08-26,Standard,11.87
2987,Jacob Guzman,tgreen@example.net,Australia,2024-06-04,Basic,63.18
2988,April Mitchell,weeksbrandon@example.com,Germany,2022-04-24,Standard,233.78
2989,Steven Wilson,patriciaowen@example.net,Australia,2021-12-24,Basic,55.72
2990,Cassandra Brock,traci39@example.net,Japan,2026-05-19,Standard,81.82
2991,Pamela Rodgers,beckerbrianna@example.com,Australia,2021-11-11,Standard,62.47
2992,Melinda Ramirez,allennathan@example.net,Germany,2025-12-11,Standard,56.02
2993,Frank Franklin,kelleramanda@example.org,Brazil,2023-01-04,Premium,94.54
2994,Kyle Camacho,christopher64@example.net,Australia,2025-04-03,Basic,71.06
2995,Colton Duke,matthewbutler@example.org,Japan,2026-03-27,Standard,97.04
2996,Pamela Pittman,joseph08@example.net,United Kingdom,2024-03-08,Premium,68.83
2997,Wendy Williams,uwilliams@example.net,United States,2026-06-29,Premium,62.10
2998,Lisa Fernandez,blakeshelton@example.org,United Kingdom,2021-03-13,Basic,164.99
2999,Susan Cochran,michelle11@example.org,Brazil,2023-04-09,Basic,49.06
3000,George Williams,vgarcia@example.net,Canada,2025-07-16,Standard,25.75
3001,Kirk Powell,laurenallen@example.net,Germany,2026-01-17,Standard,30.31
3002,Kyle Ruiz,virginia22@example.org,United Kingdom,2024-05-18,Standard,40.35
3003,Elizabeth Barber,alvarezstephanie@example.com,United Kingdom,2021-08-22,Basic,33.85
3004,Tamara Woodard,boyererika@example.net,Netherlands,2026-04-27,Standard,63.15
3005,Samantha Armstrong,wallacebryan@example.com,Australia,2021-12-25,Standard,67.92
3006,Yolanda Anderson,barbarafisher@example.com,India,2020-01-19,Standard,42.25
3007,Jamie Smith,uwhite@example.net,France,2021-03-14,Basic,28.02
3008,Joseph Smith,theresataylor@example.com,United States,2024-09-05,Standard,27.94
3009,James Morales,todd87@example.org,Brazil,2023-11-04,Standard,47.67
3010,James Hamilton,sarah06@example.org,United Kingdom,2020-02-06,Standard,55.43
3011,Anita Schultz,watsondavid@example.net,Canada,2021-10-09,Premium,82.71
3012,Scott Willis,mary98@example.net,India,2024-11-10,Basic,76.45
3013,Allen Diaz,mcneilbrian@example.net,France,2024-07-11,Standard,57.38
3014,Tommy Sherman,franklinmatthew@example.net,Australia,2024-05-02,Standard,76.53
3015,Laura Holloway,xhorton@example.org,Japan,2020-03-26,Standard,64.36
3016,Amanda Roy,nwilliams@example.net,Canada,2021-10-09,Basic,90.28
3017,Deanna Nelson,fbailey@example.com,Australia,2026-05-01,Standard,44.00
3018,Diane Mitchell,bradleymitchell@example.net,Canada,2023-08-04,Standard,71.48
3019,Justin Higgins,jeffrey11@example.net,Canada,2023-09-25,Standard,63.74
3020,Stephen Bruce,wbailey@example.net,Canada,2020-12-19,Basic,106.81
3021,Melissa Hernandez,raymond62@example.org,Brazil,2024-11-25,Basic,76.82
3022,Jamie Young,djensen@example.com,France,2021-08-07,Standard,39.91
3023,Jay West,agarcia@example.org,Australia,2021-02-26,Standard,52.88
3024,Craig Marsh,shane26@example.com,Japan,2026-03-25,Standard,48.93
3025,Cristian Smith,diazmichael@example.org,Australia,2026-01-17,Standard,37.87
3026,Jenny Lamb,uhall@example.net,France,2023-07-28,Basic,22.67
3027,Jacqueline White,rodney58@example.com,Canada,2025-01-14,Basic,38.44
3028,Keith Brown,charles39@example.com,United States,2021-01-23,Standard,13.26
3029,Brent Cain,uschmitt@example.net,Japan,2021-04-10,Basic,71.20
3030,Kenneth Moss,usilva@example.net,United Kingdom,2022-03-18,Standard,31.17
3031,Jennifer Lewis,vgraham@example.com,Japan,2025-04-15,Standard,87.02
3032,Frank Lawson,paul18@example.org,Canada,2020-08-24,Premium,72.96
3033,Adriana Parks,courtney87@example.com,Netherlands,2024-04-30,Standard,58.15
3034,Sarah Solis,ingramtara@example.net,Canada,2020-03-15,Basic,34.61
3035,Ariel Lopez,weaverjohn@example.org,Netherlands,2024-06-16,Standard,46.42
3036,Samuel Thomas,morrisonryan@example.org,Netherlands,2025-06-13,Standard,43.89
3037,Zachary Sullivan,rlewis@example.org,United Kingdom,2024-04-25,Premium,29.81
3038,Christopher Foster,bill82@example.com,Canada,2025-12-29,Standard,41.21
3039,Christopher Kennedy,lbennett@example.net,United States,2021-10-20,Standard,35.97
3040,Sharon Pearson,christyfletcher@example.org,Brazil,2021-07-28,Standard,76.83
3041,Danielle Frey,taylorgina@example.org,India,2022-05-01,Basic,37.01
3042,Elaine Lewis,hendersonjacob@example.org,Australia,2022-09-21,Basic,60.94
3043,Stacy Smith,troy19@example.net,Canada,2024-03-06,Standard,60.58
3044,Derrick Peterson,urivera@example.org,France,2025-06-24,Premium,47.20
3045,Michael Dean,cbrown@example.com,India,2021-02-16,Standard,37.42
3046,Ronnie Kramer,andreawalker@example.org,Australia,2026-08-04,Standard,69.94
3047,Misty Hernandez MD,jasonmoore@example.com,United Kingdom,2022-01-09,Basic,51.98
3048,Jennifer Barber,nmcdonald@example.org,Germany,2020-03-22,Standard,27.10
3049,Alyssa Lang,friedmanrichard@example.com,Germany,2024-11-28,Premium,59.81
3050,Andrew Mendez,clarkmichael@example.org,Australia,2023-12-07,Basic,36.11
3051,Angela Holloway,claireflynn@example.org,United Kingdom,2025-03-13,Basic,43.76
3052,Steven Nelson,tmoody@example.net,France,2022-05-06,Basic,124.72
3053,Jessica Fisher,wkennedy@example.com,Brazil,2025-01-28,Basic,36.69
3054,Andrew Mann,ashley06@example.org,Australia,2023-12-22,Basic,18.88
3055,Rebecca Acevedo,lindabates@example.com,France,2024-12-06,Standard,29.76
3056,Ethan Tucker,sonya14@example.net,Brazil,2021-03-04,Premium,63.96
3057,Laura Washington,danschaefer@example.net,United States,2023-06-07,Premium,72.19
3058,Michelle Simmons,megan91@example.com,United Kingdom,2025-01-10,Standard,53.79
3059,Mary Thomas,lisa04@example.net,United Kingdom,2025-02-12,Standard,19.05
3060,Carlos Walker,bhampton@example.com,Germany,2022-06-27,Standard,48.08
3061,Joshua Padilla,patricia12@example.org,Japan,2026-07-31,Standard,77.43
3062,Kristina Morgan,guerrerorenee@example.com,United Kingdom,2024-01-03,Standard,49.62
3063,Patrick Huerta,allen12@example.net,Brazil,2025-02-24,Basic,76.35
3064,Michele Torres,derricklee@example.net,Brazil,2022-08-15,Premium,37.25
3065,Mike Francis,oevans@example.org,Australia,2024-03-17,Standard,58.76
3066,Susan Anderson,gbrown@example.net,Canada,2025-07-19,Premium,66.04
3067,Mr. Joshua Abbott,ifox@example.net,Japan,2023-05-23,Basic,22.49
3068,Nicholas Wolfe,hughesbrandon@example.net,Brazil,2023-12-07,Standard,56.59
3069,William Greene,barbara56@example.com,Canada,2020-11-14,Premium,98.70
3070,Loretta Bradley,peter58@example.com,Japan,2025-05-14,Standard,38.86
3071,Aaron Oliver,rlee@example.net,India,2026-05-24,Basic,41.57
3072,Joshua Berry,zmoore@example.org,Netherlands,2022-12-24,Standard,23.25
3073,Jason Kelly,robertcruz@example.org,India,2025-01-31,Standard,71.00
3074,Max Mills,jessica86@example.com,Japan,2024-06-07,Premium,36.81
3075,Heather Esparza,wmorris@example.com,Germany,2022-05-29,Premium,96.22
3076,James Griffin,jonathanjordan@example.org,United Kingdom,2020-05-12,Premium,108.97
3077,Heather Perry,istokes@example.com,Brazil,2020-04-02,Standard,137.86
3078,Shannon Green,jonathan12@example.org,Canada,2024-07-30,Standard,65.99
3079,Sandra Harris,afitzpatrick@example.org,United Kingdom,2026-07-05,Basic,110.91
3080,Cynthia Flores,bbarr@example.org,Brazil,2024-02-12,Standard,90.94
3081,Tyler Russell,ucamacho@example.org,Japan,2023-05-16,Premium,85.33
3082,Daniel Day,maciaskenneth@example.com,Netherlands,2026-04-14,Standard,43.89
3083,Kimberly Fitzgerald,thompsonlaura@example.com,Japan,2022-06-24,Standard,129.02
3084,Christy Contreras,anthonyfranklin@example.com,Brazil,2022-06-15,Premium,50.68
3085,Karen Washington,silvaryan@example.org,India,2021-12-05,Basic,83.00
3086,Kristi Rodriguez MD,rtaylor@example.com,France,2024-04-25,Premium,121.61
3087,Hector Carrillo,alisha45@example.org,Australia,2020-02-09,Premium,26.19
3088,Kathleen Fowler,gevans@example.org,India,2024-09-26,Standard,41.03
3089,Lori Dunn,ashleyrhodes@example.com,India,2023-08-08,Standard,107.78
3090,Danielle Thomas,dianereynolds@example.org,Germany,2022-04-21,Standard,71.28
3091,Lindsay Farmer,solistara@example.com,Brazil,2022-06-10,Standard,15.84
3092,Erik Williams,abigail90@example.com,India,2025-01-27,Standard,46.07
3093,Joseph Stevens,elliottscott@example.com,Germany,2023-10-14,Basic,16.30
3094,Tina Wilson,,India,2021-02-01,Standard,29.46
3095,Caitlin Smith,carl64@example.net,Canada,2020-09-12,Standard,37.98
3096,Jennifer Robertson,maryflores@example.net,United Kingdom,2023-12-22,Standard,34.16
3097,Colleen Maddox,daniel62@example.org,United States,2022-06-24,Standard,56.49
3098,Jamie Dean,pjohnson@example.com,Germany,2022-05-01,Standard,70.86
3099,Christine Sweeney,gabriel67@example.com,Canada,2024-04-17,Basic,73.05
3100,Ryan Lewis,alee@example.com,Australia,2025-12-23,Basic,19.86
3101,Rebecca Davis,watsontina@example.net,Canada,2022-01-06,Basic,76.90
3102,Samantha Hart,kenneththomas@example.com,United Kingdom,2025-12-28,Premium,61.28
3103,Tanya Young,ldean@example.org,Germany,2023-03-15,Standard,26.65
3104,Jerry Shaw,ohardy@example.net,Brazil,2022-11-17,Standard,28.51
3105,Ronald Brown,hoopernicole@example.org,Germany,2024-12-27,Premium,115.86
3106,Marcia Brown,rstewart@example.net,Germany,2026-01-15,Basic,135.71
3107,Andrea Moody,lisa79@example.com,Brazil,2023-11-05,Standard,95.27
3108,Angela Cardenas,ucrawford@example.org,India,2023-11-26,Basic,93.71
3109,Heather Brown,cameronkaitlyn@example.com,Netherlands,2020-03-19,Standard,47.45
3110,Jordan Franklin,jmorrison@example.net,Japan,2021-11-23,Basic,138.98
3111,Krista Ramos,jjackson@example.org,Japan,2024-09-26,Basic,60.77
3112,Jennifer Hernandez,aliciacallahan@example.org,Brazil,2021-07-02,Basic,62.35
3113,Rachel Morrison,lmaldonado@example.org,Australia,2020-11-03,Premium,30.87
3114,Keith Mccormick,joanna88@example.org,United Kingdom,2024-01-23,Basic,49.04
3115,Brandi Stokes,yboone@example.org,Germany,2025-03-12,Standard,149.73
3116,Sarah Carlson,zsmith@example.com,Netherlands,2020-08-01,Standard,56.41
3117,Mr. Justin Hughes,williamsbrenda@example.org,Netherlands,2022-11-21,Basic,76.25
3118,Sarah Stanley,jeffreywhitehead@example.net,Canada,2021-01-20,Basic,43.85
3119,Jason Murphy,pmorse@example.net,Brazil,2021-02-08,Basic,44.21
3120,Whitney Lee,yatkins@example.net,Germany,2025-05-05,Standard,43.68
3121,Brian Jackson,hannah07@example.com,France,2024-10-28,Standard,59.44
3122,Ryan Flores,craigmurphy@example.net,Japan,2021-10-13,Standard,19.70
3123,Larry Wiley,howarddawn@example.net,Brazil,2021-10-01,Premium,47.94
3124,Eric Holden,zacharypage@example.com,United States,2025-12-24,Basic,43.69
3125,John Williams,danieljones@example.org,Japan,2022-05-01,Premium,124.22
3126,Sarah Gonzalez,goodwinsharon@example.net,Japan,2023-03-02,Standard,260.06
3127,Paula Guzman,owilson@example.com,India,2024-02-21,Standard,22.20
3128,Kimberly Russo,aguilarsamuel@example.com,Germany,2026-05-25,Premium,26.87
3129,Jeffery Carter,jessebeltran@example.net,United States,2026-06-11,Premium,55.08
3130,Philip Hall,kcherry@example.com,Germany,2020-07-15,Premium,76.78
3131,Andrea Robinson,bswanson@example.com,Australia,2026-08-13,Standard,132.10
3132,Christine Wilson,christiecastillo@example.com,Canada,2025-08-11,Standard,63.54
3133,Michele Thomas,tdiaz@example.org,Canada,2020-06-12,Standard,80.01
3134,Patricia Clark,ghall@example.com,United States,2022-07-05,Basic,46.06
3135,Tammy Stanley,taylormaria@example.com,United States,2020-12-20,Premium,20.34
3136,James Haney,wendyperez@example.org,France,2021-05-01,Basic,45.74
3137,Jeffrey Price,casey54@example.net,United States,2022-03-31,Standard,68.41
3138,Sarah Fletcher,tlozano@example.com,Canada,2025-06-12,Premium,18.14
3139,Laura Gardner,hthompson@example.com,France,2024-10-08,Standard,57.30
3140,Tanya Wilson,dorseytony@example.net,United Kingdom,2024-04-18,Standard,40.52
3141,Angela Beck,ramosmatthew@example.org,India,2023-11-12,Standard,92.63
3142,Donna Murillo,ecunningham@example.net,Germany,2021-12-23,Standard,23.63
3143,Jasmine Preston,kristinevans@example.com,France,2023-08-18,Standard,110.06
3144,Noah Anderson,lisa37@example.com,Australia,2023-04-24,Basic,62.74
3145,Tricia Townsend MD,amandaroberts@example.net,Canada,2024-06-28,Standard,42.73
3146,Nicole Andrews,rogerfarrell@example.com,France,2026-03-10,Premium,83.64
3147,Chelsea Bennett,lmann@example.org,Brazil,2024-03-08,Standard,38.07
3148,Jennifer Cisneros MD,vmartinez@example.com,United Kingdom,2021-05-19,Premium,89.62
3149,Tammy Taylor,julie34@example.org,Australia,2025-04-11,Standard,37.38
3150,Kevin Williams,dennishale@example.org,United Kingdom,2026-03-19,Standard,54.22
3151,Jason Howard,jessicastanton@example.net,Germany,2023-12-07,Basic,109.76
3152,Chase Torres,davismichelle@example.net,Netherlands,2022-07-05,Standard,80.26
3153,Christine Frank,smartinez@example.org,Netherlands,2024-07-21,Basic,43.86
3154,Eric Oneill,bryan46@example.com,United States,2026-05-06,Premium,110.39
3155,John Anderson,hli@example.net,Germany,2023-01-08,Standard,46.74
3156,Maria English,carlrichards@example.com,United Kingdom,2022-12-11,Basic,51.58
3157,Jaime Gilmore,michael22@example.com,Japan,2025-01-06,Premium,61.26
3158,Tracy Calhoun,evansbrady@example.org,India,2020-01-16,Basic,61.20
3159,Nathan Clark,aaron25@example.com,India,2021-05-17,Premium,39.38
3160,Mr. Thomas Perez,kimberly48@example.com,France,2024-01-06,Standard,27.18
3161,Timothy Hill,turnerkari@example.org,Germany,2025-11-12,Standard,20.29
3162,Brittany Davis,brookstimothy@example.net,United States,2022-12-14,Premium,167.53
3163,Richard Ellis,,Germany,2025-11-21,Premium,35.52
3164,Shaun Smith,ulawrence@example.org,Canada,2025-10-15,Basic,126.57
3165,Jeffrey Davis Jr.,aguilarjustin@example.com,France,2025-11-03,Basic,31.97
3166,Karen Sanchez,wayne01@example.net,United States,2023-03-07,Basic,53.57
3167,Danielle Hamilton,jamie15@example.org,Germany,2022-12-19,Basic,52.49
3168,Mr. Joshua Davis,gjackson@example.org,United States,2020-12-21,Standard,47.19
3169,Gary Gibson,umccoy@example.com,Netherlands,2022-10-23,Standard,36.48
3170,Jeffrey Lane,russellamy@example.org,France,2021-05-01,Basic,98.48
3171,Dennis Mann,johnstokes@example.org,Japan,2026-02-25,Basic,98.25
3172,Cody Shaw,alexanderjohnson@example.org,Australia,2026-04-18,Premium,38.33
3173,Ronald Jackson,tiffany50@example.net,Germany,2020-11-28,Standard,32.74
3174,John Garcia,daviskristina@example.org,Australia,2021-02-13,Standard,66.45
3175,Brandon Heath,scottjoanna@example.net,Canada,2026-04-02,Standard,50.03
3176,Betty Farrell,norozco@example.net,India,2024-08-10,Basic,125.41
3177,Maurice Williams,benjamin53@example.net,Germany,2020-09-05,Premium,135.42
3178,Nancy Todd,btaylor@example.org,United Kingdom,2020-02-02,Standard,20.60
3179,Danny Garcia,wilsonjared@example.net,United Kingdom,2025-12-19,Premium,76.98
3180,William Hogan,darlenecox@example.net,Japan,2023-12-20,Standard,115.11
3181,Jennifer Campbell,johnharper@example.com,India,2020-01-28,Basic,71.94
3182,Robert Lynch,jaylopez@example.com,France,2024-04-04,Basic,61.46
3183,Jessica Lee,lmcguire@example.com,Canada,2022-08-23,Basic,123.44
3184,Danielle Christensen,julieblair@example.net,Brazil,2021-11-02,Standard,45.23
3185,Krista Weber,pweber@example.com,United Kingdom,2022-12-05,Premium,46.27
3186,Raymond Cook,christygreer@example.com,France,2024-07-06,Basic,61.97
3187,Gary Boone,wendyholden@example.com,Brazil,2023-03-13,Standard,31.95
3188,Shelia Dixon,tony62@example.com,India,2023-05-24,Premium,186.90
3189,Willie Robinson,gbutler@example.com,United States,2020-09-08,Premium,97.41
3190,Shawn Waters,ssweeney@example.com,Netherlands,2023-11-03,Basic,99.49
3191,David Clark,sandra66@example.net,France,2023-10-11,Basic,64.60
3192,Gina Wright,omartinez@example.net,United States,2024-02-21,Basic,44.75
3193,Brian Wells,james67@example.net,United Kingdom,2025-08-13,Standard,89.97
3194,Tiffany Mcgee,danielleboyer@example.net,France,2022-11-06,Basic,20.16
3195,Joshua Porter,mariolewis@example.net,Netherlands,2020-04-12,Basic,22.65
3196,Brian Cross,ksanchez@example.org,France,2026-05-27,Basic,50.95
3197,Lee Preston,kennethruiz@example.net,India,2020-02-12,Standard,61.46
3198,Kathryn Garcia,perrymichael@example.org,United Kingdom,2023-05-02,Standard,55.04
3199,Robert Wells,heatherdavis@example.org,France,2020-05-02,Standard,122.92
3200,Patricia Hahn,sbrown@example.org,Canada,2024-01-06,Standard,99.61
3201,Alicia Kemp,amanda67@example.net,United States,2020-02-12,Standard,75.73
3202,William Werner,kdennis@example.org,Japan,2023-09-22,Premium,84.15
3203,Jessica White,lbowers@example.com,Australia,2023-09-22,Premium,91.58
3204,Elizabeth Christensen,mary92@example.com,India,2021-10-09,Standard,51.07
3205,Paul Richards,sallylee@example.org,United Kingdom,2022-01-21,Standard,89.72
3206,Mary Holder,alexander69@example.com,Netherlands,2024-01-08,Standard,69.66
3207,Latoya Davis,whiterobert@example.com,Germany,2023-07-20,Standard,42.78
3208,Stephen Walker,rhayes@example.org,India,2020-11-01,Standard,51.92
3209,Ashley Bell,jeffrey10@example.org,Brazil,2024-12-09,Standard,120.44
3210,Denise Richards,wilsonkimberly@example.org,Japan,2023-02-04,Basic,61.62
3211,Thomas Barnes,leejesse@example.com,Japan,2024-04-20,Basic,22.43
3212,Robert Campbell,ndouglas@example.net,France,2025-05-10,Standard,32.34
3213,Daniel Jones III,christopher01@example.com,Australia,2024-07-03,Basic,31.83
3214,Michelle Alvarado,garciaalex@example.com,Canada,2022-05-22,Standard,90.86
3215,Tammy English,ingrambrandon@example.com,United States,2026-08-13,Standard,24.97
3216,Tammy Powell,hernandezanna@example.com,France,2025-08-03,Basic,11.48
3217,Danielle Thomas,adkinscharles@example.net,United Kingdom,2024-06-18,Standard,85.13
3218,Dean Moore,jonathanwoodard@example.com,Germany,2025-08-05,Premium,140.84
3219,John Joyce,clarkjames@example.com,Australia,2022-01-31,Basic,56.97
3220,Thomas Reyes,tuckersheila@example.net,Netherlands,2021-05-26,Standard,62.55
3221,Rachel Wilson,nguyentimothy@example.net,Japan,2024-11-17,Standard,21.03
3222,Ryan Smith,kirstendavis@example.net,Canada,2021-08-26,Premium,27.20
3223,Timothy Peters,kevinmarshall@example.org,Canada,2021-01-13,Basic,24.99
3224,Mark Stewart,robertsdavid@example.net,Brazil,2020-12-17,Premium,66.14
3225,Jeffrey Sweeney,epeck@example.net,Netherlands,2022-11-24,Basic,28.69
3226,Cynthia Kramer,travis46@example.org,Germany,2020-02-26,Basic,76.57
3227,Ashley Odom,johnsondana@example.com,France,2020-05-23,Standard,50.20
3228,Christian Bailey,pattonyolanda@example.org,United Kingdom,2025-01-14,Premium,49.22
3229,Anthony Carlson,jonesjohn@example.com,Brazil,2021-06-14,Standard,110.76
3230,Joshua Olsen,lchurch@example.com,United States,2024-09-30,Premium,41.85
3231,Eric Jones Jr.,gary52@example.net,United Kingdom,2023-01-14,Premium,17.48
3232,Michele Hill,justin17@example.net,Germany,2020-03-31,Basic,41.56
3233,Tiffany Walker,ronald94@example.net,Germany,2021-03-17,Basic,56.35
3234,Gina Hayes,johnsondaniel@example.net,Australia,2023-04-20,Premium,46.27
3235,Charles Mooney,xclark@example.net,Canada,2023-09-03,Premium,70.51
3236,Jared Hodges,flittle@example.com,United Kingdom,2026-06-11,Standard,22.29
3237,Karen Alvarado,richard04@example.com,Canada,2024-12-18,Standard,49.51
3238,Daniel Hatfield,carteryolanda@example.com,United Kingdom,2023-04-28,Basic,68.27
3239,Richard Hunt,ahicks@example.org,Germany,2024-10-05,Standard,54.05
3240,Mrs. Kimberly Brown,mcdowelladam@example.net,Germany,2026-03-31,Premium,24.37
3241,Aimee Russell,vanessa17@example.org,Canada,2023-08-19,Basic,50.90
3242,Mary Taylor,walterrodriguez@example.com,Brazil,2024-12-24,Premium,57.89
3243,Adam Ramirez,andreawhite@example.net,Germany,2025-07-30,Basic,77.49
3244,Ms. Elizabeth Smith MD,michelle83@example.com,United States,2022-07-23,Basic,219.82
3245,Ashley Wilson,shaun13@example.com,France,2025-02-06,Basic,53.05
3246,Walter Acevedo,michaeljohnson@example.com,United Kingdom,2024-11-17,Basic,61.91
3247,Roger Moody,fredday@example.net,Brazil,2021-12-14,Standard,29.20
3248,Heather Burns,oroberts@example.net,United States,2020-02-06,Standard,37.55
3249,Timothy Smith,georgesteven@example.org,India,2023-06-18,Basic,25.03
3250,Sean Harding,johnsonkevin@example.net,Brazil,2025-12-09,Standard,129.16
3251,Kayla Escobar,kevinaustin@example.org,United Kingdom,2026-05-24,Premium,97.03
3252,Stephen Anderson,keith86@example.com,Netherlands,2021-05-26,Premium,26.32
3253,Lisa Johnson,thompsondarlene@example.net,Germany,2020-04-20,Premium,140.80
3254,Tracy Nunez,katelynjimenez@example.net,Australia,2025-02-10,Premium,27.52
3255,Anne Holloway,stevenrichards@example.org,United States,2025-03-09,Standard,26.21
3256,Kenneth Flores,pking@example.net,France,2025-08-19,Standard,113.29
3257,Elizabeth Tate,angela57@example.com,Germany,2021-05-05,Basic,59.10
3258,Lacey Williams,jacob06@example.net,Canada,2024-03-05,Standard,52.09
3259,Jessica Bennett,michael28@example.net,Japan,2020-05-27,Basic,79.83
3260,Peter Watson,pricerobert@example.org,Canada,2021-09-25,Basic,121.94
3261,Timothy Barnes,millerlucas@example.com,France,2020-07-06,Basic,36.06
3262,Daniel Smith,evansrachel@example.org,Australia,2020-11-17,Standard,80.57
3263,Louis Sanders,james69@example.net,France,2024-01-16,Premium,103.61
3264,Robin Schmidt,kevin72@example.com,Germany,2026-07-05,Standard,76.16
3265,Eric Smith,johntaylor@example.com,France,2023-10-09,Standard,25.29
3266,Nathan Peterson,hillshawn@example.org,Netherlands,2025-07-20,Standard,94.44
3267,Jimmy Singleton,uburke@example.net,United States,2022-09-28,Standard,48.97
3268,Alexis Ramirez,cruzmary@example.net,Germany,2026-06-30,Basic,23.05
3269,Lisa Morgan,shannon33@example.org,Brazil,2023-06-09,Standard,35.96
3270,Tammy Taylor,michael31@example.com,Brazil,2026-06-23,Standard,66.97
3271,Brenda Graham,rperez@example.org,France,2020-02-15,Standard,67.25
3272,Christopher Washington,rebeccavaughn@example.net,Japan,2022-05-01,Basic,58.59
3273,Jason Weaver,carolinecalderon@example.org,Netherlands,2021-04-19,Standard,70.69
3274,Stephanie Reyes,rebeccahoward@example.org,United Kingdom,2020-01-16,Premium,121.08
3275,William Weiss,thomasmooney@example.org,India,2026-01-18,Standard,20.32
3276,Kathryn Turner,maddoxdavid@example.org,France,2026-07-25,Basic,26.48
3277,Kevin Rodriguez,adrian20@example.com,United Kingdom,2024-04-13,Premium,66.51
3278,Larry Miller,dawnlewis@example.net,Japan,2022-12-02,Standard,95.28
3279,Maria Jordan,smithdebbie@example.org,Canada,2026-05-17,Basic,44.18
3280,Megan Graves,vthomas@example.com,Japan,2021-07-03,Premium,42.30
3281,Nicholas Riley,palmermiguel@example.net,France,2024-10-22,Basic,62.51
3282,Vanessa Taylor,jeremymitchell@example.com,India,2025-02-10,Standard,78.19
3283,Thomas Ferguson,christophercruz@example.net,United States,2025-08-15,Standard,53.85
3284,Sara Wallace,mitchellnicholas@example.com,Canada,2021-03-26,Standard,92.87
3285,Lucas Gaines,mendezsierra@example.com,Brazil,2022-05-04,Standard,62.63
3286,Michelle Morgan,santiagoterri@example.com,Canada,2025-04-26,Premium,66.34
3287,Richard Moore,gregory76@example.org,Japan,2023-10-01,Premium,41.03
3288,Jennifer Jones,underwooddeborah@example.com,Japan,2024-07-02,Standard,29.00
3289,John Payne,moorejohn@example.net,India,2026-06-17,Basic,102.70
3290,Christine Sanchez,ojohnson@example.com,United Kingdom,2025-05-09,Standard,106.65
3291,Christopher Melton,jamestucker@example.net,India,2022-06-03,Basic,53.42
3292,Jose Gutierrez,hcardenas@example.net,Japan,2025-08-12,Standard,50.92
3293,Cheryl Williams,smiller@example.org,Germany,2024-05-24,Premium,64.90
3294,Kimberly Velez,shawnrogers@example.org,France,2020-06-17,Basic,52.43
3295,David Cooper,morganwarner@example.org,Canada,2024-08-30,Standard,15.46
3296,Nicole Nichols,njames@example.org,Brazil,2024-12-17,Standard,308.41
3297,Grant Jones DVM,dakota83@example.net,Netherlands,2024-04-10,Basic,109.24
3298,Donald Harrell,samanthataylor@example.org,Netherlands,2021-11-24,Standard,56.07
3299,Edward Jordan,klara@example.net,Canada,2021-04-27,Basic,71.98
3300,Wyatt Stewart MD,monicawood@example.org,United Kingdom,2024-07-04,Standard,63.32
3301,Timothy Cruz,tracydavenport@example.net,India,2023-06-24,Standard,56.83
3302,Edward Simmons,qmadden@example.net,Germany,2022-06-10,Basic,55.82
3303,Sandra Smith,joshuapham@example.com,Japan,2021-11-18,Premium,26.17
3304,Lauren Arellano,ugarrett@example.org,Brazil,2022-10-20,Basic,136.08
3305,Brenda Chambers,imurphy@example.com,France,2022-01-18,Standard,83.89
3306,Michelle White,wcannon@example.com,United States,2022-10-09,Standard,48.10
3307,Richard Scott,jodipark@example.net,Canada,2022-10-05,Basic,77.49
3308,Jeffrey Patton,michelle12@example.net,India,2025-08-10,Basic,35.22
3309,Johnny Pierce,rachel22@example.org,India,2020-10-02,Basic,57.20
3310,Julie Wiley,mitchellmichael@example.com,Germany,2022-02-27,Standard,45.01
3311,Judy Harris,darren84@example.net,Brazil,2021-10-03,Basic,68.82
3312,Terri Meza,claytonchavez@example.net,United Kingdom,2021-06-03,Standard,40.42
3313,Tammy Hale,jamesbrewer@example.org,Canada,2023-06-16,Standard,65.85
3314,Jill Foster,levi67@example.com,Brazil,2024-02-03,Standard,26.82
3315,Rachel Morton,qmccoy@example.org,United Kingdom,2025-04-12,Standard,141.26
3316,Sophia Petersen MD,hgonzalez@example.org,Germany,2023-07-22,Basic,109.93
3317,Thomas Martinez,vancejennifer@example.net,Germany,2026-02-12,Basic,25.03
3318,Christy Sweeney DDS,kerri83@example.org,United Kingdom,2020-12-21,Standard,31.99
3319,William Fernandez,yjohnson@example.net,Netherlands,2021-04-22,Standard,64.02
3320,Daniel Smith,vjimenez@example.net,Germany,2021-04-27,Basic,36.13
3321,Sherri Greene,danielle49@example.com,Germany,2021-10-12,Standard,59.35
3322,Mike Williams,hartmitchell@example.com,Canada,2020-07-29,Standard,81.85
3323,Tara Brooks,dustinhowell@example.org,Germany,2023-12-09,Premium,118.51
3324,John Cobb,jonesrachel@example.com,Netherlands,2025-01-14,Standard,80.80
3325,Laura Todd,fernandezbrandon@example.net,United Kingdom,2023-04-28,Basic,68.05
3326,Dillon Brown,mitchelldanielle@example.org,Canada,2023-11-18,Standard,46.03
3327,Daniel Rivera,gcruz@example.com,Brazil,2022-09-12,Basic,44.94
3328,Francisco Wagner,hilldebbie@example.com,France,2023-11-29,Standard,17.49
3329,Kelli Stewart,bobbyfowler@example.org,Japan,2024-08-29,Premium,29.09
3330,Brandon Ho,seth77@example.net,Netherlands,2020-07-25,Standard,49.50
3331,Steven Rose,mooresteven@example.net,United Kingdom,2023-04-07,Standard,75.26
3332,Jose Price,timothygarcia@example.org,Brazil,2025-10-11,Standard,102.17
3333,Ronald Gonzales,krodriguez@example.net,Netherlands,2023-07-25,Premium,40.02
3334,Andrew Flores,elizabethmoore@example.org,France,2023-09-01,Standard,19.68
3335,David Schneider,cooktiffany@example.org,Australia,2020-03-14,Basic,17.71
3336,Kimberly Wright,chapmanrobert@example.com,France,2026-01-01,Basic,34.03
3337,Katrina Campbell,vanessalane@example.net,United Kingdom,2024-06-05,Premium,49.43
3338,Ricardo Olson,jross@example.org,Canada,2021-08-28,Premium,29.80
3339,Jessica Washington,jonesmark@example.com,France,2020-01-06,Standard,52.99
3340,Richard Peterson,adamgolden@example.org,United Kingdom,2021-04-30,Basic,258.72
3341,Jessica Castro,rachelmurray@example.com,Netherlands,2024-11-08,Premium,60.50
3342,Michelle Martin,jonathanjones@example.com,France,2024-04-01,Standard,46.50
3343,Walter Smith,nancywood@example.com,Japan,2025-10-05,Basic,35.58
3344,Tammy Martinez,ameyers@example.net,India,2025-03-28,Basic,52.60
3345,Michelle Jackson,fowlerkathy@example.org,Brazil,2023-10-31,Premium,46.61
3346,Tiffany Wilson,eleon@example.com,India,2020-11-01,Premium,48.95
3347,Jean Smith,donald27@example.net,Canada,2022-01-21,Standard,59.05
3348,Ronald Moran,smithrebecca@example.org,Japan,2025-03-12,Premium,77.76
3349,Michael Williams,donald44@example.com,Japan,2021-12-28,Standard,99.16
3350,John Todd,sallison@example.net,Brazil,2025-01-28,Standard,21.26
3351,Karen Bennett,rmichael@example.net,Netherlands,2021-02-23,Standard,43.77
3352,Jennifer Williams,zbailey@example.com,United States,2026-06-12,Standard,32.90
3353,Derek Smith,pwarren@example.org,United States,2023-10-14,Basic,154.84
3354,Micheal Gonzalez,edwin42@example.net,Germany,2026-03-29,Basic,34.07
3355,Brandon Jones,sweber@example.org,United States,2026-05-29,Basic,23.31
3356,Michael Mendoza,john90@example.com,Canada,2020-08-27,Basic,34.84
3357,Martin Wilson DVM,robertfarmer@example.com,Australia,2026-06-07,Standard,83.23
3358,Ronald Hernandez,benjamin10@example.org,Canada,2023-12-08,Premium,83.70
3359,Kenneth Clark,johnsonantonio@example.com,Netherlands,2024-10-20,Premium,35.83
3360,Tamara Harris,megan59@example.com,Canada,2024-06-20,Standard,44.72
3361,Brandon Lopez IV,keith83@example.com,United Kingdom,2024-12-24,Standard,16.21
3362,Wesley Page,fkennedy@example.com,Germany,2026-05-03,Basic,37.69
3363,Cynthia Moore,ymercer@example.com,United Kingdom,2023-03-02,Standard,32.64
3364,Ruth Russell,christophercooley@example.com,Australia,2024-12-31,Standard,84.86
3365,Gary Garrison,dustin82@example.com,France,2025-12-01,Premium,32.77
3366,Andrew Johnson,vanessajimenez@example.org,Netherlands,2022-12-03,Basic,21.29
3367,Melvin Bennett,andrewmyers@example.org,France,2025-06-27,Basic,13.95
3368,Diana Holloway,floresbridget@example.net,Brazil,2026-04-21,Basic,121.37
3369,Anthony Newman,zrich@example.net,United Kingdom,2020-01-08,Premium,125.93
3370,Susan James,vanessaflores@example.com,Australia,2023-06-09,Premium,38.14
3371,Andrew Williams,lisadavis@example.org,Australia,2021-09-13,Premium,160.14
3372,Rhonda Collins,cameronramos@example.org,India,2022-12-13,Standard,164.79
3373,Trevor Brown,thompsondawn@example.org,Japan,2021-03-29,Standard,16.36
3374,Thomas Mccarthy,colleenwilliams@example.net,United Kingdom,2022-10-18,Premium,27.05
3375,Jennifer Ferguson,fbutler@example.org,India,2023-11-22,Standard,113.07
3376,Miss Jessica Jones,huntlisa@example.org,United States,2025-07-08,Standard,29.98
3377,Susan Robinson,kimberly47@example.org,France,2020-08-31,Basic,44.19
3378,Megan Harmon,johnsonmichael@example.net,Japan,2023-01-20,Basic,199.72
3379,Lisa Roberts,atkinsryan@example.org,India,2025-02-27,Premium,80.74
3380,Brenda Henderson,codyrichards@example.org,India,2022-10-17,Standard,63.86
3381,Nina Garcia,thomasrussell@example.com,United Kingdom,2024-06-23,Basic,84.03
3382,Karen Kane,ssimmons@example.org,Canada,2024-05-05,Premium,49.93
3383,David Gardner,dominiquedaniels@example.org,United Kingdom,2021-03-19,Standard,158.53
3384,Carolyn Moore,angel62@example.com,United Kingdom,2025-08-28,Standard,8.11
3385,Kayla Hudson,creynolds@example.net,United Kingdom,2021-01-12,Standard,97.55
3386,Erika Lopez DVM,sethsanders@example.com,Germany,2022-03-17,Standard,101.35
3387,Krystal Rodriguez,fordbeverly@example.org,Japan,2026-01-29,Basic,48.73
3388,Frank Morrison,matthew77@example.com,United Kingdom,2020-06-01,Standard,51.82
3389,Susan Wood,bjames@example.net,Germany,2024-10-23,Standard,117.14
3390,Donna Mejia,stewartsandra@example.net,France,2026-06-04,Premium,100.58
3391,Mr. Kenneth Ashley,mcclainkimberly@example.com,United States,2020-01-05,Basic,59.76
3392,Heather Davis,brittanyrush@example.com,United States,2021-05-02,Standard,32.75
3393,Amanda Marks,hmiller@example.com,Australia,2023-08-17,Basic,189.62
3394,Kristopher Little,kim09@example.org,Japan,2020-06-26,Standard,64.29
3395,Wendy Sims,fhoffman@example.com,United Kingdom,2023-02-23,Standard,48.15
3396,Nicholas Hernandez,schroederbrittany@example.org,Germany,2022-05-26,Basic,56.63
3397,Donald Duncan,brownwilliam@example.net,Brazil,2020-01-09,Standard,25.39
3398,Christopher Perez,moralesdawn@example.com,United Kingdom,2020-02-17,Basic,152.11
3399,Alexis Jackson,rickyclark@example.org,Brazil,2023-08-29,Premium,44.47
3400,Todd Burnett,smithstephanie@example.net,France,2020-02-03,Standard,52.61
3401,Michael Andrews,rebeccacurtis@example.com,Netherlands,2023-03-12,Standard,21.07
3402,Kathleen Casey,john40@example.net,Germany,2022-06-16,Basic,42.33
3403,Matthew Harper,romankathryn@example.com,Australia,2020-08-19,Basic,45.52
3404,James Leach,fgregory@example.com,Japan,2021-04-02,Basic,130.17
3405,Gary Jones,michaeltorres@example.com,Brazil,2023-01-18,Premium,51.91
3406,Jennifer Pennington,jrios@example.net,Brazil,2025-08-23,Standard,50.19
3407,Edward Figueroa,elizabethbrennan@example.net,France,2022-12-22,Basic,113.45
3408,Jessica Moore,donnamcintosh@example.net,India,2022-06-01,Standard,26.80
3409,Sandra Holmes,ncollier@example.com,United States,2021-10-14,Standard,23.50
3410,Joseph Smith,ericvalencia@example.com,Australia,2021-10-15,Standard,54.60
3411,Ronald King,john69@example.net,Brazil,2023-02-09,Standard,61.73
3412,Sharon Johnson,monicadaniel@example.net,Canada,2024-11-28,Standard,83.05
3413,Heather Le,hineskrystal@example.com,Germany,2024-09-22,Standard,24.96
3414,Alejandra Ellis,amandamorales@example.org,India,2021-04-14,Basic,118.64
3415,John Perez,gerald93@example.net,United States,2021-05-21,Premium,121.94
3416,Richard Reed,lmeadows@example.com,Japan,2025-02-14,Basic,22.03
3417,George Haney,allensara@example.org,Canada,2025-04-05,Premium,36.10
3418,Abigail Riddle,gomezerica@example.net,Germany,2026-05-17,Standard,38.76
3419,Greg Dyer,barrettsusan@example.org,United Kingdom,2021-12-25,Premium,41.03
3420,Melinda Holloway,reginacarlson@example.net,France,2024-07-10,Premium,42.54
3421,Robert Hardy,woliver@example.com,Japan,2021-01-09,Basic,190.59
3422,Denise Melton,rodriguezjohn@example.com,Australia,2024-10-15,Basic,49.19
3423,Jeffrey Lowe,dhoward@example.com,Australia,2023-04-03,Standard,19.31
3424,Jack Walker,lindacooper@example.net,United Kingdom,2023-06-10,Standard,26.05
3425,Troy Green,angelarhodes@example.com,Japan,2024-01-29,Basic,14.47
3426,Lori Richards,zdavila@example.net,Netherlands,2023-12-11,Standard,39.31
3427,Emily Sutton,clayton74@example.com,United Kingdom,2022-04-15,Standard,49.07
3428,Cody Bruce,whale@example.com,Japan,2025-08-25,Premium,46.33
3429,Brandon Bridges,pbryant@example.com,Canada,2022-03-01,Standard,27.44
3430,Michelle Farmer,contrerasmaria@example.com,Germany,2024-01-20,Basic,140.25
3431,Jeff Palmer,kathleenscott@example.org,Japan,2020-10-19,Standard,95.39
3432,Adrian Howell,dixonkristen@example.com,Japan,2022-06-24,Basic,37.35
3433,Cynthia Tyler,colemanjim@example.net,Canada,2024-09-16,Premium,23.28
3434,Johnny Brown,sandraharper@example.org,France,2023-11-30,Standard,47.34
3435,Tabitha Martinez,antonio59@example.net,United States,2023-07-13,Basic,17.46
3436,Tiffany Lewis,ralexander@example.org,Australia,2023-11-16,Premium,57.31
3437,Amanda Shaw,mariaschmidt@example.net,United Kingdom,2023-10-02,Basic,46.65
3438,Lawrence Allen,sandovaldebra@example.org,France,2021-11-09,Standard,33.47
3439,Cynthia Sanchez,michael28@example.org,India,2023-01-25,Basic,245.36
3440,Cody Lynch,thomaswang@example.com,Australia,2020-10-06,Premium,61.20
3441,Lori Lee,higginskelly@example.org,United States,2025-01-18,Basic,32.61
3442,Jeffrey Gilbert,boydjasmine@example.net,Japan,2021-12-26,Basic,28.11
3443,Savannah Beck,rosemiller@example.org,Australia,2023-04-10,Standard,86.46
3444,Alan Thomas,rwebb@example.net,Canada,2026-05-24,Premium,43.00
3445,Steven Choi,frysharon@example.net,Japan,2020-11-23,Basic,19.82
3446,Sarah Thomas,browningjason@example.org,United Kingdom,2020-05-14,Premium,31.98
3447,Luke Moore,manningjessica@example.com,Germany,2020-11-14,Standard,25.43
3448,Michael Graham,randyyoder@example.com,United States,2022-09-09,Standard,71.58
3449,Jose Hayes,bwilson@example.com,United States,2023-07-06,Basic,38.69
3450,Sara Miller,ramoskelly@example.net,United Kingdom,2024-11-04,Standard,93.35
3451,William Smith,brianhill@example.org,Australia,2024-07-31,Standard,27.29
3452,Kristen Johnson,hnewton@example.org,France,2026-03-24,Basic,19.45
3453,Carolyn Stewart,juliecollins@example.com,Canada,2023-04-30,Standard,113.02
3454,Richard Nelson,zchavez@example.org,Brazil,2025-10-21,Standard,73.39
3455,Elizabeth Jones,joshuacohen@example.com,Australia,2020-02-26,Basic,81.62
3456,Bernard Sanchez,johncoleman@example.net,France,2024-08-02,Basic,246.76
3457,David Brooks,seanjones@example.com,France,2023-10-17,Standard,67.42
3458,Joseph Payne,gardnererik@example.org,Netherlands,2024-06-15,Basic,105.70
3459,Melinda Jones,laura20@example.net,Japan,2021-02-02,Standard,100.39
3460,Jason Smith,umills@example.net,Canada,2024-06-10,Standard,42.42
3461,Lindsay Owens,wongjacqueline@example.org,Australia,2023-08-28,Standard,89.94
3462,Alexander Anderson,deborah67@example.org,United Kingdom,2023-12-09,Premium,63.14
3463,Joyce Hamilton,holly10@example.com,India,2022-05-25,Premium,33.46
3464,Christopher Ellis,ann08@example.net,Japan,2022-08-26,Premium,26.28
3465,Rebecca Torres,christopher19@example.org,France,2024-08-05,Standard,121.91
3466,James Morgan,sarah69@example.com,Canada,2020-09-15,Standard,46.74
3467,Jeffrey Navarro,greeneshawn@example.com,Canada,2025-03-05,Standard,257.15
3468,Charles Coleman,wattsemma@example.net,Canada,2026-02-20,Basic,69.97
3469,Jessica Robinson,richard26@example.com,Canada,2025-09-06,Premium,37.96
3470,Joshua Christian,watsontroy@example.com,Netherlands,2024-02-17,Basic,36.05
3471,Claudia Rios,cburgess@example.org,India,2024-03-11,Premium,51.31
3472,Stacey Thompson,elizabeth14@example.com,Brazil,2022-07-23,Standard,38.38
3473,Michael Jones,nharris@example.org,Australia,2026-03-09,Premium,209.59
3474,Mark Garcia,gbutler@example.net,United States,2026-01-31,Standard,29.15
3475,Joseph Fisher,kennethperez@example.net,Japan,2023-10-19,Standard,23.96
3476,James Davila,bgreen@example.com,United States,2025-09-08,Premium,100.24
3477,Juan Chan,ewatkins@example.org,Germany,2024-02-12,Standard,78.98
3478,Mr. Martin Morales,aaronramirez@example.org,Canada,2023-02-11,Basic,79.34
3479,Catherine Crane,hannahmiller@example.com,Canada,2026-08-13,Standard,71.07
3480,Kyle Ramirez,stanleygary@example.org,Netherlands,2023-01-07,Standard,54.80
3481,Brianna Davis,velezbrendan@example.net,Japan,2022-01-13,Premium,41.95
3482,Caleb Lee,gjackson@example.org,Canada,2022-03-29,Premium,50.72
3483,Theresa Pearson,herrerasean@example.net,Brazil,2020-03-22,Standard,28.99
3484,Rachel Acosta,ccook@example.net,United Kingdom,2026-07-11,Standard,194.93
3485,Lori Brown,marissa74@example.net,United States,2021-03-29,Basic,38.32
3486,Douglas Nash,sarahtaylor@example.com,Brazil,2020-10-08,Premium,54.77
3487,Manuel Alvarado,vanessa58@example.net,Australia,2023-06-15,Standard,88.92
3488,Sarah Grimes,reynoldstravis@example.net,United Kingdom,2023-02-03,Premium,88.14
3489,Brandon Carlson,richard31@example.com,United States,2026-06-21,Standard,173.71
3490,Jennifer Barnes,marissa72@example.net,Netherlands,2024-02-16,Basic,113.82
3491,Ann Combs,chelsea37@example.net,United Kingdom,2025-07-16,Premium,39.13
3492,Stacy Brown,alicianorris@example.net,United Kingdom,2022-12-23,Standard,98.15
3493,Alexandria Jones,heidiwilson@example.org,Brazil,2020-12-10,Standard,36.11
3494,Ashley Walker,ybailey@example.net,France,2022-10-31,Basic,32.96
3495,Louis Rose,robertmartinez@example.org,Netherlands,2023-03-17,Standard,61.64
3496,Amy Alvarez,beth04@example.net,Australia,2024-11-21,Standard,33.25
3497,Faith Walker,carolynbrady@example.com,Japan,2025-03-28,Basic,110.48
3498,Laurie Blake,pmckee@example.net,Australia,2026-02-11,Standard,50.47
3499,Mark Thomas,hernandezmelissa@example.net,Japan,2025-05-31,Standard,70.96
3500,Andrea Greene,kimberly51@example.com,Canada,2020-10-20,Basic,148.02
3501,Sarah Leach,marcusgilmore@example.org,Canada,2024-05-02,Standard,33.11
3502,Wendy Mann,marilyn62@example.org,United Kingdom,2025-01-31,Basic,65.10
3503,Cynthia George,hshepherd@example.net,Japan,2025-11-20,Standard,58.55
3504,Brandon Price,jonathan38@example.com,Netherlands,2021-06-30,Standard,67.77
3505,Kelly Doyle,morrisonalan@example.com,Netherlands,2024-09-14,Basic,31.44
3506,Stephen Riley,curtisroy@example.net,Canada,2022-09-07,Standard,43.11
3507,William Carr,rtaylor@example.net,Germany,2020-08-20,Standard,33.85
3508,Chelsea Curtis,jacquelinemurray@example.net,United States,2024-05-27,Standard,66.37
3509,Cindy Howell,barneswilliam@example.org,India,2020-11-02,Basic,55.11
3510,Barbara Sandoval,sarahchavez@example.com,Germany,2022-07-10,Standard,67.87
3511,Maria Moss,theresa24@example.org,Brazil,2021-08-17,Basic,16.23
3512,Robert Jenkins,clifford98@example.net,Germany,2020-10-08,Standard,94.30
3513,Adrian Snow,jackyoung@example.com,Netherlands,2025-11-23,Premium,55.48
3514,Philip Tran,bankskyle@example.com,United States,2025-10-13,Standard,32.93
3515,Robert Molina,eric02@example.net,Brazil,2024-11-22,Basic,41.23
3516,Steven Davis,wolfekyle@example.com,Netherlands,2021-12-03,Standard,77.53
3517,Aimee Lang MD,vsandoval@example.com,Japan,2021-05-08,Standard,16.23
3518,Ana Lee,troy39@example.net,Brazil,2026-03-20,Basic,203.55
3519,Frederick Davis,floresmariah@example.org,Brazil,2023-04-28,Premium,157.53
3520,Mary Underwood,romeromakayla@example.com,Canada,2021-08-27,Standard,91.97
3521,Derek Curry,johnsonjames@example.com,Germany,2024-08-23,Basic,93.09
3522,Dr. Jeffrey Beck,austinfrye@example.org,Canada,2024-04-01,Basic,49.93
3523,Cynthia Medina,xgreene@example.org,Australia,2020-12-10,Premium,22.24
3524,Kimberly Webster,carrollchristopher@example.org,Japan,2022-10-20,Basic,54.72
3525,Matthew Trevino,houstonlaura@example.com,Canada,2023-11-25,Premium,128.06
3526,Debra Lee,aaron62@example.net,India,2022-09-24,Standard,76.03
3527,Dawn Kennedy,emily89@example.org,Australia,2021-08-10,Premium,22.30
3528,Logan Dennis,crosbyjoan@example.com,United Kingdom,2023-02-12,Basic,92.39
3529,David Hoffman,xparsons@example.com,Australia,2025-09-14,Standard,103.49
3530,Alex Adams,iacevedo@example.net,Netherlands,2021-07-29,Basic,62.47
3531,Peter Hansen,lori09@example.com,United Kingdom,2024-12-05,Standard,15.88
3532,Renee Jacobs,chelsea70@example.org,Canada,2022-09-23,Premium,40.79
3533,Sara Ruiz,ncampbell@example.com,Japan,2026-06-04,Standard,134.14
3534,Abigail Gill,bradley71@example.net,Germany,2022-02-19,Premium,48.21
3535,Donald Mitchell,joshua88@example.com,India,2022-08-16,Premium,25.62
3536,Kevin Carr,hestrada@example.com,Australia,2020-05-13,Standard,27.21
3537,Sarah Johnson,stephen61@example.com,United States,2020-10-17,Standard,22.36
3538,Susan Miller,fsilva@example.com,India,2025-02-13,Premium,110.52
3539,Joan Rogers,laurengreen@example.net,United Kingdom,2025-09-09,Standard,43.28
3540,April Morgan,acalderon@example.com,Canada,2020-07-23,Standard,50.20
3541,Matthew Green,racevedo@example.org,Canada,2026-06-06,Standard,54.25
3542,Margaret Graham,jamesbenson@example.com,Japan,2024-08-10,Standard,53.25
3543,Rachael Ortiz,andrew45@example.org,Japan,2020-01-06,Standard,42.81
3544,Nicole Baker,toddcollins@example.org,Germany,2021-07-24,Standard,17.56
3545,Kimberly Jackson,laurahamilton@example.com,Netherlands,2020-09-28,Basic,34.32
3546,Erin Baird,laurie14@example.org,Netherlands,2020-06-11,Premium,20.33
3547,Christopher Bennett,ambersavage@example.com,United States,2024-09-28,Standard,82.24
3548,Donna Sanchez,willie16@example.org,France,2023-02-21,Standard,42.11
3549,Frank Bell,dvillarreal@example.net,Canada,2022-03-02,Basic,37.66
3550,Brenda Dunn,cortezchristopher@example.org,India,2026-03-22,Standard,181.29
3551,April Carter,fburke@example.net,Canada,2023-12-02,Standard,61.71
3552,Olivia Williams,dylan77@example.com,India,2023-11-27,Basic,21.77
3553,Nicole Lewis,paulperry@example.org,United States,2026-07-15,Standard,83.41
3554,Richard Gray,erin39@example.com,United States,2025-08-16,Premium,113.52
3555,Christina Wood,jessemedina@example.net,United States,2025-01-03,Basic,73.01
3556,Joan Robinson,tdavis@example.net,Japan,2024-05-25,Premium,32.41
3557,Stephen Thompson,blackwellkevin@example.com,India,2024-02-24,Premium,31.88
3558,Jill Edwards,yzamora@example.org,France,2024-05-01,Standard,76.27
3559,Lisa Cervantes,hicksrachel@example.net,Germany,2020-01-31,Premium,42.78
3560,Marie Everett,kristen59@example.com,Japan,2023-02-13,Standard,51.54
3561,Rachel Humphrey,devon53@example.com,Brazil,2025-04-19,Basic,168.88
3562,Jason Alvarez,riverskristen@example.com,France,2026-06-16,Standard,42.95
3563,Henry Parker,bakeredward@example.com,Germany,2022-01-04,Premium,68.69
3564,Paul Miranda,tbell@example.org,Brazil,2022-11-30,Standard,63.61
3565,Amber Rosales,brianchapman@example.org,United Kingdom,2025-10-07,Premium,120.53
3566,Brittany Garner,hogannathan@example.com,United Kingdom,2020-07-04,Basic,41.01
3567,Holly Peterson,matthew85@example.net,Brazil,2021-12-28,Basic,41.40
3568,Jessica Johnson,robinhancock@example.org,India,2023-11-18,Basic,23.48
3569,Zachary Doyle,hensleybenjamin@example.com,India,2026-03-01,Basic,75.47
3570,Nicole Ward,brownjohn@example.com,Brazil,2020-03-01,Basic,84.68
3571,Kathryn Vargas,mmiller@example.net,United States,2021-03-28,Premium,83.03
3572,Melanie Flores,fbass@example.org,France,2020-08-30,Basic,55.00
3573,Billy Cross,kaitlynwest@example.com,Australia,2020-10-11,Standard,81.70
3574,Maria Dixon,fwest@example.net,United States,2020-05-04,Standard,64.07
3575,Michael Garrison,ramirezsteven@example.net,United Kingdom,2020-02-28,Standard,40.43
3576,Natalie Joseph,jkelley@example.net,United Kingdom,2021-06-20,Standard,103.12
3577,Martin Jones,richard99@example.com,Netherlands,2025-05-09,Standard,55.94
3578,Laura Lopez,jacquelineholt@example.org,India,2022-01-07,Premium,19.15
3579,John Allen,bodonnell@example.com,Germany,2020-07-25,Premium,86.37
3580,Henry Robinson,jthompson@example.org,Germany,2024-10-12,Basic,16.69
3581,Mr. David Arnold,patelnicholas@example.com,Germany,2026-07-22,Basic,58.72
3582,Dean Evans,kingjessica@example.net,Canada,2026-06-10,Standard,17.16
3583,Diane Smith,maria03@example.com,Japan,2021-06-13,Standard,50.36
3584,Mr. Hunter Miller,sabrinaperez@example.net,Australia,2025-12-30,Basic,65.04
3585,Damon Montes,fgutierrez@example.com,United Kingdom,2026-05-12,Standard,70.46
3586,James Adams,charles30@example.org,United Kingdom,2022-03-18,Standard,96.31
3587,Trevor Walls,ibarton@example.org,Brazil,2024-09-15,Basic,56.10
3588,Hailey Dean,dana17@example.net,Germany,2024-08-02,Standard,65.56
3589,Rebecca Jones,lambalexandra@example.net,India,2021-01-03,Standard,21.65
3590,Robert Franco,teresaspencer@example.com,India,2021-09-30,Standard,62.77
3591,Joshua Dunlap,bennettmichael@example.net,Brazil,2025-07-16,Standard,65.81
3592,Steven Cannon,matthewslarry@example.net,Brazil,2023-04-16,Standard,13.34
3593,Sharon Lopez,haneysusan@example.org,Brazil,2020-04-19,Standard,73.60
3594,Christopher Norris,jadehendrix@example.org,Canada,2022-10-30,Premium,76.90
3595,Ashley Brown,audrey30@example.net,Japan,2024-02-15,Premium,97.89
3596,Elizabeth Morales MD,eric34@example.org,Germany,2023-06-06,Standard,39.88
3597,Anthony Brown,cookdanielle@example.com,Brazil,2024-12-01,Premium,52.82
3598,Jerry Patel,benjaminbrown@example.com,Germany,2020-03-18,Premium,21.36
3599,Louis Turner,englishchristina@example.net,Australia,2026-02-23,Basic,132.58
3600,Elizabeth Travis,luis66@example.org,Brazil,2024-05-22,Premium,57.05
3601,Brenda Mcmillan,david82@example.net,India,2023-12-12,Premium,32.12
3602,Taylor Lowery,matthew06@example.com,Japan,2024-02-17,Basic,53.36
3603,Vickie James,johnsonteresa@example.net,India,2026-04-10,Standard,48.01
3604,Mallory Moore,smithpaula@example.net,Canada,2021-12-22,Basic,22.72
3605,Roger Buckley,dennis16@example.net,United States,2023-10-12,Basic,66.41
3606,Mark Jackson,gloriachen@example.com,Canada,2025-05-14,Standard,73.59
3607,Amanda Lee,khouston@example.com,Netherlands,2023-09-02,Premium,25.79
3608,David Bates,tyler10@example.org,Canada,2021-08-10,Premium,84.13
3609,Michael Moore,travis28@example.net,Australia,2025-02-06,Basic,36.73
3610,Debra Morgan,williamsdeanna@example.com,United Kingdom,2025-09-10,Premium,60.27
3611,Teresa Thomas,qmoss@example.org,Canada,2025-07-04,Standard,64.88
3612,Erin Forbes,christopher52@example.net,France,2026-03-08,Premium,88.90
3613,Jennifer Shaffer,mccarthydylan@example.net,Australia,2024-11-16,Standard,24.02
3614,Jason Howard,robertsanthony@example.org,United Kingdom,2023-04-27,Premium,123.00
3615,Lisa Peterson,olivia47@example.com,United States,2023-10-24,Standard,56.95
3616,Lauren Rivera,scottchristopher@example.net,United Kingdom,2023-02-04,Standard,163.22
3617,Steven Murphy,qmccarty@example.org,Netherlands,2023-03-23,Standard,23.43
3618,Kiara Mcintosh,ryan23@example.net,Japan,2024-02-28,Basic,20.99
3619,William Davila,yluna@example.com,Germany,2024-10-25,Standard,75.17
3620,Carl Pennington,charlesprice@example.org,India,2024-08-03,Basic,64.57
3621,Kristi Smith,dyervictoria@example.net,United Kingdom,2025-02-25,Standard,77.04
3622,Stephanie Miller,timothy94@example.net,Japan,2021-02-18,Basic,16.57
3623,Nathan Scott,lewisallen@example.com,Netherlands,2020-12-06,Standard,63.19
3624,Elizabeth Lawrence,jessica82@example.net,Germany,2021-09-13,Standard,156.82
3625,Isaiah Parker,greenlisa@example.net,France,2024-09-05,Basic,28.53
3626,David Howard,,Japan,2024-11-01,Basic,50.59
3627,Samantha Rivera,bernardrobert@example.org,Japan,2026-05-09,Standard,63.15
3628,Justin Lin,davidcross@example.com,Netherlands,2025-07-21,Basic,56.03
3629,Sandra Rivera,hbriggs@example.net,United Kingdom,2022-08-21,Premium,72.54
3630,Kimberly Lopez,brittanyjackson@example.net,Netherlands,2025-05-02,Standard,94.49
3631,Paige Rodriguez,aliciamartin@example.net,Germany,2025-08-11,Basic,60.52
3632,Jordan Cooper,ericbrooks@example.org,Australia,2023-09-04,Standard,21.60
3633,Kathryn Bishop,erin67@example.com,United Kingdom,2023-05-18,Standard,62.36
3634,William Gross,zramirez@example.net,Canada,2026-01-05,Standard,99.47
3635,Hunter Gonzalez,mariah75@example.org,United Kingdom,2020-11-02,Standard,78.73
3636,Erin Fuller,wmorris@example.net,Brazil,2022-08-05,Standard,14.24
3637,Angie Jennings,thill@example.com,Australia,2020-08-23,Standard,78.09
3638,Philip Combs,tara62@example.com,Germany,2023-09-08,Standard,106.72
3639,Danny Austin,tylerchristine@example.com,United Kingdom,2020-08-12,Standard,104.51
3640,Stephen Carr,kristin15@example.net,France,2022-05-14,Standard,102.22
3641,Aimee Lamb,bmoreno@example.org,India,2021-05-14,Standard,63.22
3642,Brian Mueller,michaelgordon@example.org,India,2023-08-12,Basic,128.74
3643,Mark Thompson,millerjill@example.net,Japan,2025-05-17,Standard,36.32
3644,Cindy Barton,duane84@example.net,United States,2026-01-30,Standard,37.77
3645,Kelly King,timothyortiz@example.org,Australia,2024-02-15,Standard,52.33
3646,Denise Leon,friedmanlinda@example.net,United States,2025-06-03,Standard,47.08
3647,Felicia Robinson,reneespencer@example.org,India,2020-11-07,Basic,74.41
3648,Paul Garcia,nicholasibarra@example.com,Netherlands,2023-04-28,Standard,129.99
3649,Kevin Stafford,mark46@example.org,Brazil,2020-03-22,Basic,40.19
3650,Samantha Powell,gilbertsamuel@example.com,Brazil,2022-06-11,Basic,61.71
3651,Jennifer Horton,tylerwilliams@example.com,Netherlands,2023-10-20,Standard,92.62
3652,Michelle Nicholson,claire11@example.net,United Kingdom,2020-10-26,Basic,10.45
3653,Carolyn Miller,riley28@example.com,United Kingdom,2020-03-23,Basic,76.23
3654,Megan Gibson,tara38@example.org,France,2020-02-11,Basic,32.39
3655,David Dunlap,ana12@example.com,Netherlands,2020-07-30,Standard,31.39
3656,April Hoffman,raymond84@example.com,Canada,2024-01-23,Standard,167.30
3657,Stephanie Terry,guerramaria@example.org,France,2020-11-22,Premium,59.21
3658,Barry Armstrong,lawsoncalvin@example.com,Japan,2021-07-16,Premium,48.46
3659,Michael Jordan,kerry49@example.org,Japan,2022-01-15,Basic,72.97
3660,Kelly Schneider,christine28@example.net,Brazil,2022-10-13,Basic,91.43
3661,Richard Aguilar,cnelson@example.com,Australia,2024-08-01,Standard,34.18
3662,Deborah Leon,olsonmichael@example.com,United Kingdom,2025-01-16,Basic,27.86
3663,Mary Garcia,danielletorres@example.com,United Kingdom,2026-05-01,Standard,72.73
3664,Sandra Baker,lowen@example.org,Japan,2026-03-05,Premium,99.67
3665,Sean Reed,tuckerstacey@example.net,India,2022-05-22,Standard,27.34
3666,Ashley Herring,brittney71@example.org,Germany,2024-06-11,Standard,34.98
3667,Cynthia Jones,steven34@example.net,France,2025-01-01,Basic,28.39
3668,Jacob Hayden,heather72@example.org,Canada,2025-11-17,Standard,51.71
3669,Vincent Walters,richard13@example.com,Netherlands,2023-11-16,Standard,58.86
3670,Daniel Ortega,cody85@example.net,Japan,2020-08-31,Premium,55.49
3671,Hannah Smith,johnthomas@example.com,Australia,2025-11-27,Standard,61.13
3672,Jonathan Valdez,todd94@example.com,Canada,2022-12-02,Standard,86.89
3673,Deborah Bowman,ywilliams@example.net,Japan,2023-10-08,Basic,35.55
3674,Rachel Little,robertallen@example.net,United Kingdom,2026-08-12,Basic,22.34
3675,James Watkins,bsmith@example.com,Canada,2020-04-13,Premium,91.25
3676,Katherine Lawrence,gschultz@example.com,United Kingdom,2021-01-28,Basic,66.85
3677,Laura Vang,terrimartinez@example.com,United States,2026-08-14,Basic,60.65
3678,Amanda Murray,victorcampbell@example.net,Japan,2023-10-21,Premium,23.39
3679,Gregory Byrd,charlotteprice@example.org,Germany,2021-06-22,Standard,114.05
3680,Julia Gibbs,changsamuel@example.org,Japan,2020-11-28,Basic,107.66
3681,Cassandra Rice,autumn78@example.com,Netherlands,2024-02-01,Basic,46.72
3682,Holly Cochran,erin62@example.org,United Kingdom,2026-06-07,Basic,69.74
3683,James Wright,elizabethtownsend@example.net,Brazil,2021-05-15,Basic,82.91
3684,Michael Kelly,krystaltucker@example.org,Brazil,2020-11-27,Basic,67.25
3685,Joseph Lewis,dwilliams@example.com,Brazil,2025-02-15,Basic,36.38
3686,Nicole Salazar,rasmussenjerry@example.com,Japan,2020-03-21,Basic,42.97
3687,Emily Vasquez,nelsonbrandon@example.com,Brazil,2021-04-09,Basic,52.53
3688,Tammy Edwards,theresa36@example.com,Canada,2022-02-18,Standard,54.28
3689,Victor Gonzalez,ealexander@example.net,Brazil,2025-08-30,Basic,36.90
3690,Regina Schroeder,beckrobin@example.net,France,2026-01-22,Standard,59.50
3691,Alexander Thompson,jbridges@example.org,Japan,2022-01-16,Standard,162.99
3692,Kevin Baker,howard63@example.net,France,2025-03-12,Basic,87.85
3693,Todd Garcia,thomaswilliam@example.net,Germany,2021-03-23,Standard,102.59
3694,Mark Jackson,emilykrueger@example.org,India,2025-11-13,Standard,53.20
3695,Rachel Payne,lindamiller@example.org,United Kingdom,2025-10-28,Standard,58.66
3696,Peter Flores,meganpatrick@example.com,France,2025-10-24,Basic,105.93
3697,Catherine Parks,crystal46@example.com,United Kingdom,2024-11-14,Standard,33.59
3698,Raymond Patel,joshua11@example.net,Germany,2023-04-17,Basic,38.45
3699,Alicia Morgan,christopher67@example.org,Netherlands,2020-01-11,Basic,99.20
3700,Melissa Robinson,harrismargaret@example.net,United Kingdom,2023-02-22,Standard,59.22
3701,Stephanie Atkins,xpalmer@example.org,Germany,2025-09-25,Basic,32.81
3702,Benjamin Stanley,greenemily@example.org,Australia,2024-12-18,Standard,59.47
3703,Ashley Ramos,jamesmorris@example.org,United States,2023-03-07,Basic,79.24
3704,Sherry Foster,rhondasmith@example.org,France,2024-05-24,Standard,125.93
3705,Wendy Stanley,taylor70@example.net,Canada,2022-09-23,Standard,33.66
3706,Jamie Yang,igraham@example.org,Japan,2020-05-13,Basic,45.88
3707,Mallory Lopez,aaron67@example.net,Australia,2023-11-01,Standard,165.78
3708,Kelli Hoffman,porterbobby@example.net,Japan,2023-06-18,Basic,31.97
3709,Stephen Lambert,dakota69@example.org,India,2023-05-18,Standard,76.71
3710,Dawn Jordan,pkirk@example.com,Netherlands,2020-01-04,Standard,49.67
3711,Mitchell Cohen,daniel91@example.com,Brazil,2022-10-17,Basic,71.20
3712,Laura Sanford,chelseasmith@example.com,Canada,2020-11-01,Premium,98.01
3713,Robert Bolton,obrewer@example.com,India,2023-05-07,Standard,74.44
3714,Scott Hansen,hfleming@example.net,Brazil,2023-10-16,Standard,57.74
3715,Julie Smith,lopezvictoria@example.org,India,2020-05-12,Standard,51.46
3716,Marcia Sanders,gregory53@example.org,Germany,2023-09-02,Standard,22.02
3717,Aaron Thompson,kimberlypeterson@example.org,Brazil,2021-05-21,Standard,37.56
3718,Katrina Richardson,wduncan@example.org,Australia,2025-02-23,Premium,40.56
3719,Wyatt Gardner,wyatt29@example.org,Netherlands,2020-01-29,Premium,58.30
3720,Jerry Mcclure,james91@example.org,United Kingdom,2022-02-07,Standard,22.91
3721,Jamie Robinson,melissa74@example.com,Germany,2026-05-17,Standard,64.92
3722,Robert Davis,david21@example.com,Brazil,2020-01-16,Premium,122.24
3723,Madison Mann,jaimeduncan@example.com,France,2021-11-08,Basic,21.31
3724,Johnathan Vasquez,huynhmatthew@example.net,France,2022-11-13,Standard,80.20
3725,Jonathan Solomon,mlyons@example.org,France,2025-05-31,Basic,266.26
3726,Victor King,charles46@example.org,India,2021-01-02,Basic,90.07
3727,David Cruz,kathleenwelch@example.net,Australia,2025-06-10,Basic,39.92
3728,Sean Graham,darius87@example.com,United Kingdom,2021-08-04,Standard,23.82
3729,Troy Cameron,smithjoshua@example.com,Netherlands,2023-06-19,Standard,71.31
3730,Margaret Kennedy,qrhodes@example.org,Canada,2020-07-09,Premium,43.47
3731,Jennifer Poole,bradleyperez@example.com,Canada,2026-01-20,Standard,26.14
3732,Deborah Oneill,wcook@example.com,United Kingdom,2024-01-26,Basic,32.45
3733,Shannon Willis,chankevin@example.com,India,2024-04-03,Premium,110.05
3734,Wanda Hughes,nswanson@example.org,Netherlands,2026-03-13,Basic,57.37
3735,Richard Silva,megan27@example.org,Germany,2022-10-26,Standard,43.35
3736,Ashley Williams,lisa47@example.com,Germany,2024-06-20,Basic,48.00
3737,Patrick Barnes,cmyers@example.com,Brazil,2026-05-25,Standard,63.16
3738,James Ray,khernandez@example.com,Canada,2024-04-20,Standard,52.39
3739,Lisa Scott,william40@example.org,India,2025-03-25,Basic,53.20
3740,Ryan Gray,wrice@example.net,Australia,2021-12-07,Standard,54.68
3741,Andrea Stone,sandrafinley@example.net,United States,2025-05-30,Basic,72.11
3742,Shannon Ware,ecasey@example.org,Australia,2023-07-22,Standard,228.42
3743,Matthew Hudson,xgonzales@example.com,Germany,2026-06-28,Basic,17.88
3744,Clinton Mcgee,othomas@example.com,Japan,2020-02-04,Basic,32.05
3745,Jeffrey Allen,yjones@example.org,United States,2023-10-01,Standard,120.35
3746,Matthew Johnson,david89@example.com,Australia,2026-01-04,Premium,90.38
3747,Paula Williams,karlmartin@example.org,Brazil,2021-11-21,Basic,29.61
3748,James Cobb,jasonlawrence@example.org,Brazil,2020-05-22,Standard,284.66
3749,Valerie Zimmerman,davenportstephanie@example.com,Germany,2024-05-19,Standard,212.23
3750,Jeffrey Hobbs,rossmaurice@example.org,Germany,2021-03-18,Basic,20.16
3751,Greg Olson,kimberly94@example.org,Netherlands,2023-12-31,Standard,45.70
3752,Stephen Peters,johnsonpatrick@example.com,Australia,2024-04-12,Premium,33.75
3753,Kenneth Molina,amanda53@example.org,Canada,2024-08-03,Standard,52.22
3754,Kendra Smith,scottmichael@example.com,Japan,2024-01-18,Standard,22.32
3755,Holly Owen,terriortiz@example.com,Netherlands,2023-03-14,Standard,42.22
3756,Toni Stephens,bhawkins@example.net,Germany,2022-09-02,Basic,52.00
3757,Beverly Martinez,sheltonbobby@example.net,Germany,2022-01-18,Standard,148.49
3758,Michelle Nguyen,starkaustin@example.org,United Kingdom,2020-07-31,Standard,43.25
3759,Mary Fernandez,nbrandt@example.net,Canada,2021-11-15,Standard,47.05
3760,Stephen Crawford,xknight@example.com,Netherlands,2023-04-28,Basic,26.88
3761,Rebecca Thompson,kingeric@example.com,India,2021-07-26,Standard,119.53
3762,Brian Smith,wellselizabeth@example.com,Brazil,2025-06-26,Standard,38.42
3763,Aaron Nguyen,kathleenweaver@example.net,Brazil,2024-12-30,Standard,18.66
3764,Brittany Smith,whitetony@example.com,India,2023-12-28,Standard,113.79
3765,Stephen Ward,jessicadouglas@example.org,Japan,2025-01-31,Standard,84.17
3766,Lisa Barrett,stacey16@example.com,Brazil,2022-03-12,Basic,129.66
3767,Shannon Flores,brownpamela@example.com,Australia,2024-05-06,Standard,19.74
3768,Laura King,chanmichael@example.com,Netherlands,2024-02-15,Premium,43.38
3769,John Kerr,marciahall@example.net,Netherlands,2024-07-06,Premium,28.71
3770,Walter Romero,kelly83@example.org,United Kingdom,2025-01-16,Basic,78.51
3771,Jennifer Mann,pthomas@example.net,France,2024-07-08,Standard,161.32
3772,Anthony Miller,,United Kingdom,2021-12-26,Standard,71.26
3773,John Adams,matthew92@example.org,Brazil,2024-03-19,Standard,82.01
3774,Brendan Williams,vincent19@example.net,Japan,2024-11-14,Premium,53.53
3775,Alyssa Anderson,cunninghamtyler@example.com,Brazil,2022-07-15,Standard,64.22
3776,Nathaniel Gomez,duncanbrandon@example.net,United Kingdom,2024-04-04,Standard,33.19
3777,Aaron Adams,jeremyhernandez@example.net,India,2024-08-30,Standard,36.93
3778,Theodore Cooper,karenrichards@example.net,Canada,2022-11-19,Standard,55.80
3779,Rebekah Brewer,robin11@example.com,Canada,2022-01-19,Standard,35.63
3780,Kyle Beltran,,Germany,2026-02-15,Standard,39.26
3781,Ashley Conner,dcook@example.com,France,2020-05-22,Standard,15.60
3782,Lauren Moore,robin48@example.com,India,2023-09-17,Standard,63.09
3783,Benjamin Evans,michaelmiller@example.net,Germany,2026-04-21,Standard,48.50
3784,Richard Castillo,pluna@example.net,Netherlands,2023-06-16,Standard,27.30
3785,Shannon Dean,kenneth43@example.net,France,2022-04-15,Premium,158.69
3786,Jamie Woods,kstone@example.net,Brazil,2025-11-28,Standard,74.39
3787,Maria Conley,rebecca43@example.net,Canada,2024-08-21,Premium,53.23
3788,Margaret Martinez,hinesjeremy@example.net,Canada,2020-05-08,Basic,48.57
3789,Michelle Bradley,aperkins@example.org,Japan,2024-06-17,Basic,50.89
3790,Mr. Cameron Koch,guzmanrobert@example.com,Japan,2021-06-28,Standard,11.79
3791,Beth Green,xreyes@example.net,France,2025-11-03,Basic,103.51
3792,Kyle Miller,sandrawalker@example.net,France,2025-08-13,Standard,50.48
3793,John Rodriguez,sandra01@example.net,Canada,2020-11-16,Standard,66.38
3794,Thomas Green,goodwinjack@example.org,Australia,2022-09-22,Standard,68.54
3795,Derek Hull,robert00@example.net,Canada,2021-02-19,Standard,87.90
3796,Mrs. Rebecca Martin,jeffrivera@example.net,Canada,2022-12-08,Basic,85.76
3797,Lisa Cohen,maryestes@example.net,Japan,2026-03-26,Basic,86.55
3798,Mrs. Linda Clarke,zcobb@example.org,Japan,2020-01-15,Standard,155.58
3799,Nicholas Young,ryandurham@example.net,Netherlands,2026-01-30,Standard,16.39
3800,Laura Warner,alex32@example.net,France,2026-06-05,Standard,45.70
3801,Ryan Collins,reynoldsmegan@example.com,Brazil,2021-03-06,Basic,37.69
3802,Emily Hopkins,shannonburns@example.net,Australia,2020-03-21,Basic,35.69
3803,James Vasquez,kleinjustin@example.net,India,2025-10-06,Premium,17.02
3804,Trevor Shepherd,jenniferbrady@example.net,Germany,2024-12-15,Standard,11.93
3805,David Andrews,sophia39@example.org,Brazil,2021-05-11,Basic,50.40
3806,Leslie White,ramirezmelissa@example.net,Japan,2023-11-27,Standard,112.63
3807,Jesus Wright,greg78@example.net,United Kingdom,2023-06-03,Standard,52.59
3808,Gerald Soto,mcclainjohn@example.com,Australia,2022-12-13,Premium,65.08
3809,Ryan Hernandez,brentodom@example.com,United States,2021-12-11,Standard,45.94
3810,Jacqueline Klein,bmahoney@example.net,Germany,2024-04-05,Standard,49.07
3811,Frederick Jones,pmoore@example.org,India,2022-08-24,Standard,23.20
3812,Allen Erickson,martinezlorraine@example.com,United Kingdom,2025-11-18,Premium,69.91
3813,Kevin Burch,stacey58@example.com,Canada,2025-02-09,Basic,18.66
3814,Megan Shah,hilledwin@example.net,United States,2026-03-01,Standard,22.02
3815,Jacqueline Watson,ftorres@example.net,United States,2022-05-25,Basic,28.74
3816,Patricia Jones,andersonjesse@example.org,Germany,2023-12-06,Standard,104.64
3817,Haley Smith,richardlynn@example.net,Germany,2021-01-26,Basic,233.70
3818,Valerie Jensen,jessicacollins@example.com,Germany,2020-04-18,Basic,32.68
3819,Emily Crawford,srodriguez@example.com,United States,2025-05-27,Standard,87.17
3820,Jose Banks,shannonphilip@example.org,United States,2023-10-06,Basic,46.93
3821,Brandi Christian,robert06@example.org,Canada,2020-05-15,Premium,51.78
3822,Shane Smith,patricia63@example.com,Japan,2026-05-08,Basic,47.17
3823,Anthony Lawson,uayers@example.org,Australia,2025-06-03,Premium,37.48
3824,Linda Murray,wmason@example.net,Brazil,2021-12-30,Standard,46.10
3825,Allison Mahoney,torresgina@example.net,France,2021-10-22,Basic,91.87
3826,Thomas Hubbard,mcgeebrittany@example.org,Australia,2022-12-08,Standard,13.49
3827,Charles Guerra,doconnor@example.net,Japan,2023-07-20,Basic,46.93
3828,Stephanie Douglas,medinajamie@example.com,United States,2022-08-21,Standard,27.67
3829,Walter Kennedy,jmays@example.net,Australia,2023-03-10,Premium,90.18
3830,Gregory Johnson,christopher56@example.net,United States,2024-08-26,Basic,98.61
3831,Caitlin Mendoza,zcook@example.net,Germany,2022-02-23,Standard,75.21
3832,Roger Ramsey DVM,smithstacy@example.net,Canada,2022-02-27,Premium,169.22
3833,Mark Ellis,nunezsherry@example.com,United States,2023-03-11,Premium,33.22
3834,Nathaniel Norman,robert07@example.net,United Kingdom,2023-02-15,Basic,33.23
3835,Kelly George,brandonross@example.com,Canada,2022-04-10,Standard,49.59
3836,Christine Murray,dakota45@example.com,Netherlands,2021-06-22,Standard,62.01
3837,Jeffrey Rose,greentimothy@example.net,Brazil,2021-03-06,Basic,44.22
3838,John Garcia,ecole@example.net,Canada,2020-03-05,Standard,19.94
3839,Lawrence Diaz,btorres@example.org,France,2021-04-13,Basic,45.22
3840,Ann Williams,tclark@example.org,Canada,2025-11-07,Basic,23.48
3841,Brandy Moreno,jclark@example.org,India,2021-08-25,Standard,224.17
3842,Karen Allen,roy33@example.com,Germany,2021-07-27,Standard,101.95
3843,Mr. Christopher Perry,corysimpson@example.net,United Kingdom,2024-10-11,Basic,71.17
3844,Briana Ortega,justin72@example.org,United Kingdom,2024-07-02,Standard,56.02
3845,Alexander Brown,stephaniemoses@example.com,Netherlands,2021-07-07,Standard,51.58
3846,Mary Willis,kenneth08@example.net,India,2020-06-14,Basic,47.53
3847,Joseph Mendoza,ashleycrawford@example.net,India,2026-06-23,Standard,20.06
3848,Ricky Campbell,nicholas63@example.org,India,2023-08-29,Standard,42.90
3849,Donna Edwards,kelseybrown@example.org,France,2022-06-01,Premium,71.30
3850,Michelle Rodriguez,christine30@example.com,Japan,2023-01-21,Standard,46.30
3851,Brittany Harvey,redwards@example.com,Brazil,2025-09-04,Basic,42.78
3852,George Chavez,michaelboyd@example.com,Japan,2020-10-13,Basic,64.16
3853,Andrew Walker,crystal00@example.org,Canada,2020-10-13,Basic,164.30
3854,Vanessa Garcia,benjamin67@example.com,Brazil,2024-08-23,Premium,34.65
3855,Samantha Garcia,christian58@example.net,Germany,2023-06-08,Standard,53.06
3856,Jason Reynolds,kelseyhunter@example.org,Brazil,2025-02-17,Basic,112.25
3857,Juan Wise MD,hornjeff@example.org,Canada,2022-04-11,Standard,25.21
3858,Gabriel Wells,silvapatrick@example.org,United States,2024-07-13,Standard,25.06
3859,Charles Lloyd,maria44@example.com,Japan,2023-09-29,Basic,64.61
3860,Jenna Ramsey,heather24@example.net,Japan,2025-04-12,Standard,191.85
3861,Andrew Hahn,mirandayoung@example.org,Australia,2026-06-30,Standard,44.95
3862,James Matthews,gentryanthony@example.org,France,2025-05-29,Standard,217.09
3863,Maureen Ortiz,morakristin@example.net,Canada,2024-08-02,Basic,108.73
3864,Rachel Marks,qmiller@example.com,United Kingdom,2020-05-22,Basic,59.40
3865,Ethan Gould,rivaslisa@example.net,Australia,2023-12-06,Standard,69.19
3866,Maureen Lewis,pamelabarber@example.com,Australia,2022-05-17,Standard,25.70
3867,Craig Jones,novakjeffrey@example.org,Netherlands,2022-02-24,Standard,43.98
3868,Emily Rush,rodriguezmichaela@example.net,Japan,2024-03-31,Standard,20.95
3869,Jill Matthews,sandra32@example.com,France,2021-05-17,Basic,48.01
3870,Aaron Garner,collinsshannon@example.net,Netherlands,2022-01-12,Standard,89.72
3871,Matthew Gordon,romanraven@example.com,France,2021-05-20,Basic,54.70
3872,Heather Lozano,chadgonzalez@example.com,France,2022-05-30,Standard,30.40
3873,William Greene,leroy22@example.com,United Kingdom,2021-09-10,Standard,29.63
3874,Willie Cole,gibsonjoseph@example.org,Netherlands,2022-04-01,Premium,34.33
3875,Larry Hall,christine99@example.net,Netherlands,2023-03-13,Premium,50.11
3876,Cody Mccoy,ericksonphillip@example.net,United Kingdom,2021-11-26,Premium,17.43
3877,Peter Hayes,chad60@example.org,India,2026-08-02,Basic,28.02
3878,John Gould,shelbywarner@example.net,United Kingdom,2024-12-19,Basic,58.31
3879,Joseph Sullivan,christophercopeland@example.org,United Kingdom,2020-12-04,Basic,116.24
3880,Andrew Galvan,kenneth12@example.com,India,2025-09-06,Standard,27.59
3881,Kyle Mcdowell,brownscott@example.net,Germany,2024-06-03,Basic,34.18
3882,Leslie Hicks,ohampton@example.net,Canada,2025-10-19,Standard,70.42
3883,Brian Mcneil,mcdonaldrachael@example.org,Canada,2024-11-03,Basic,70.44
3884,Travis Hubbard,ayates@example.org,India,2023-05-06,Basic,30.63
3885,Rhonda Cabrera,desireeedwards@example.com,United Kingdom,2025-05-14,Premium,62.32
3886,Kenneth Blake,wallacedakota@example.org,Germany,2021-09-28,Standard,31.82
3887,Brandon Mitchell,haneyjoshua@example.org,United States,2023-02-06,Premium,60.11
3888,Jenny Ramirez,duffylisa@example.com,Australia,2026-07-16,Standard,66.92
3889,Monica Mercer,jesusstanley@example.com,United Kingdom,2023-01-11,Premium,90.53
3890,Mrs. Meghan Cardenas,nathaniel23@example.net,Netherlands,2024-12-12,Basic,64.62
3891,Michael Richards,michaelmeadows@example.org,France,2026-05-14,Standard,111.86
3892,James Rodriguez,paulpowell@example.com,United Kingdom,2025-02-25,Standard,14.99
3893,Jesse Nixon,dholland@example.org,Japan,2026-04-11,Standard,176.81
3894,Nathan Hickman Jr.,kathryn24@example.net,India,2022-09-29,Standard,85.05
3895,Marc Glenn,megan65@example.net,Australia,2020-05-22,Basic,14.60
3896,Blake Schaefer,qtran@example.org,Australia,2026-04-09,Premium,60.32
3897,Karen Lynch,joshuagonzalez@example.org,Australia,2024-09-06,Standard,168.71
3898,Justin Garcia,bpineda@example.org,Australia,2022-02-10,Basic,89.53
3899,Mitchell Price,malloryford@example.org,Japan,2025-01-17,Standard,63.99
3900,Shawn Christensen,angel98@example.net,India,2022-05-28,Basic,84.76
3901,Linda Smith,nturner@example.net,India,2022-11-05,Standard,41.32
3902,Shane Greene,elaine55@example.com,Canada,2021-08-22,Standard,50.12
3903,Annette Weaver,johnanderson@example.net,India,2023-07-06,Standard,91.19
3904,Heidi Martinez,vsanders@example.net,Japan,2020-06-20,Basic,38.86
3905,Anthony Williams,murphychristine@example.org,Germany,2022-12-27,Premium,120.65
3906,Nicole Miller,bowerslaura@example.org,Germany,2021-10-11,Standard,50.32
3907,Justin French,roger61@example.net,Australia,2024-11-14,Premium,76.94
3908,Michael Hawkins,taylorchristopher@example.org,India,2024-02-24,Premium,37.37
3909,Jaime Berry,dianalee@example.com,United States,2023-11-07,Basic,50.94
3910,Sarah Woods,duranglenda@example.net,United Kingdom,2022-06-24,Standard,29.32
3911,Dennis Martinez,emilyrobinson@example.org,Brazil,2024-10-05,Standard,31.96
3912,Savannah Mcmillan DVM,pfry@example.net,Canada,2022-11-15,Standard,86.07
3913,Patricia Moreno MD,ijones@example.org,France,2020-09-16,Standard,86.66
3914,Victoria Short,andrewlewis@example.org,Japan,2020-09-27,Standard,64.78
3915,Michelle Poole,castillobryan@example.net,Brazil,2022-02-18,Standard,31.71
3916,Jessica Allen,jakegreen@example.org,Australia,2022-07-18,Premium,66.81
3917,Emily Garrett,,France,2024-08-07,Standard,23.84
3918,David Perez,gutierrezsteven@example.com,United States,2023-10-27,Standard,53.81
3919,Greg Kramer,marquezjessica@example.net,Brazil,2024-09-24,Basic,44.96
3920,Susan Thompson,nicolereid@example.com,Canada,2024-10-22,Standard,119.26
3921,Sarah Martin,stevengreen@example.net,United Kingdom,2025-07-03,Standard,61.15
3922,Deanna Sutton,lawrencemeadows@example.com,Australia,2021-07-01,Basic,190.45
3923,Jessica Rodriguez,kathleen36@example.net,United Kingdom,2026-08-15,Standard,32.19
3924,Jeffery Johnson,joneskrista@example.org,India,2025-12-08,Premium,96.73
3925,Emily Bailey,floresvictor@example.org,United States,2021-11-23,Standard,82.48
3926,Penny Schmidt,wiserenee@example.net,Japan,2020-12-20,Basic,53.65
3927,Alexis Blair,jacksonmichael@example.org,Japan,2021-10-14,Premium,35.22
3928,Christopher Ramsey,dmckay@example.org,Netherlands,2021-10-12,Premium,16.06
3929,Fred Phillips,bfoster@example.org,Canada,2025-11-15,Standard,200.30
3930,Laura Burns,thompsonluis@example.net,Germany,2026-02-10,Standard,26.87
3931,Ronald Davila,jennifercordova@example.net,Brazil,2020-07-16,Standard,107.13
3932,Dawn Hayes,kathryn19@example.net,Canada,2022-04-18,Premium,71.64
3933,Tracey Bryant MD,jonestimothy@example.org,Brazil,2026-07-22,Basic,65.47
3934,Julie Jordan,whernandez@example.com,Australia,2024-02-26,Standard,66.47
3935,Caitlyn Clark,martinstacy@example.com,France,2022-07-18,Standard,70.83
3936,Travis Lyons,danielsmichael@example.org,Japan,2020-11-01,Standard,214.78
3937,John Nixon,courtneygamble@example.net,Germany,2021-11-27,Standard,53.40
3938,Kelly Harris,laurenwilliams@example.com,Brazil,2023-02-27,Standard,33.62
3939,Dr. Donna Bailey,danaperez@example.com,United States,2023-05-06,Basic,57.53
3940,John Smith,,United Kingdom,2022-06-30,Standard,37.57
3941,John Gallegos,jkirk@example.com,Brazil,2024-08-06,Premium,20.72
3942,Jessica Barron,kimjennifer@example.com,Japan,2021-05-22,Standard,65.96
3943,Erin Rivera,knguyen@example.net,United States,2022-10-04,Premium,91.99
3944,Brian Torres,smithmichael@example.org,United States,2020-05-30,Basic,13.87
3945,Anthony Clark,jennifer26@example.org,Brazil,2025-03-11,Basic,208.36
3946,Christian Pena,ferrelldennis@example.org,Australia,2024-07-22,Standard,197.45
3947,Charles Fuentes,aaronstrong@example.net,Brazil,2025-01-10,Basic,155.51
3948,Veronica Saunders,james75@example.org,Australia,2025-08-17,Standard,60.90
3949,Jason Sanders,melissacastro@example.net,Japan,2020-07-10,Standard,48.81
3950,Sara Ruiz,hendersonrachel@example.com,France,2024-07-14,Standard,104.89
3951,Theodore Brown,albert30@example.com,India,2020-08-20,Standard,119.68
3952,April Jennings,priceryan@example.com,Japan,2023-07-17,Basic,22.26
3953,Nicholas Davis,kelly58@example.org,Brazil,2026-07-22,Standard,22.60
3954,Carolyn Smith,levans@example.com,Australia,2025-02-12,Premium,66.62
3955,Albert Bishop,kennethwilson@example.org,United States,2025-05-26,Standard,77.68
3956,Nathan Lee,tgilbert@example.com,Germany,2026-03-10,Standard,54.24
3957,Melissa Anderson,mary55@example.org,Australia,2025-02-04,Standard,59.99
3958,Miss Makayla Young,nguyenmary@example.org,France,2023-06-18,Standard,153.02
3959,Gerald Berg,jody47@example.com,India,2024-08-27,Premium,81.40
3960,Thomas Parsons,caitlinwilliams@example.org,United Kingdom,2024-10-21,Standard,68.63
3961,Joshua Medina,luis62@example.com,France,2022-02-22,Basic,36.65
3962,Kevin Montes,fwilliams@example.com,Germany,2025-05-04,Standard,33.49
3963,Katie Mann,scotttamara@example.net,France,2023-03-31,Standard,55.92
3964,Stephen Bridges,iwilson@example.com,Australia,2022-09-07,Basic,114.01
3965,Michael Moyer,gregoryfrey@example.org,United States,2021-01-24,Standard,83.93
3966,Noah Gomez,donna59@example.org,United States,2025-06-25,Basic,25.06
3967,Vickie Davis,cramos@example.com,United Kingdom,2023-01-05,Basic,115.64
3968,Michael Blake,kristenmayo@example.net,Canada,2026-02-03,Standard,138.30
3969,Erika Parrish,jjenkins@example.com,Brazil,2020-04-22,Standard,42.70
3970,Stephanie Kelly,millerpaul@example.net,Brazil,2020-07-26,Basic,92.88
3971,Mary Brandt,cbuck@example.org,Australia,2020-08-27,Premium,33.14
3972,Linda Bennett,darrenharris@example.com,France,2026-05-22,Standard,42.64
3973,Paul Anderson,sextonjames@example.com,Netherlands,2021-06-26,Standard,62.34
3974,Steven Yang,adrianmcneil@example.com,Netherlands,2021-06-20,Standard,62.03
3975,Stephen Singleton,jessicaarmstrong@example.net,India,2022-12-03,Standard,39.14
3976,Taylor Gaines,stevenschultz@example.com,United States,2022-03-19,Standard,129.65
3977,Kelly Gomez,jasonrhodes@example.net,France,2020-06-22,Basic,44.74
3978,Kayla Hunt,williamgross@example.net,Netherlands,2023-11-29,Basic,50.34
3979,Julie Horton,paynekatie@example.org,Australia,2021-03-12,Basic,39.86
3980,Julie Crawford,josephpeggy@example.org,United Kingdom,2023-12-05,Premium,26.65
3981,Michael Day,christina94@example.com,Australia,2022-02-10,Basic,32.24
3982,Amanda Powell,molly44@example.org,Japan,2024-02-17,Standard,35.13
3983,Gwendolyn Pena,juliataylor@example.net,United Kingdom,2026-06-27,Standard,39.44
3984,Amanda Mcbride,kayla59@example.org,United Kingdom,2025-08-27,Basic,61.73
3985,Kelli Blevins,john98@example.org,Canada,2021-07-26,Premium,15.84
3986,Helen Wyatt,murraycatherine@example.net,Australia,2020-09-03,Basic,27.50
3987,Jason Andersen MD,oromero@example.net,United States,2022-05-13,Premium,194.27
3988,Megan Burns DVM,twoods@example.org,Brazil,2024-08-03,Premium,23.32
3989,Michael Owens,brianramos@example.net,Canada,2026-05-02,Standard,96.44
3990,Emily Johnson,rdavis@example.net,Canada,2025-08-26,Basic,51.28
3991,Brittany Gonzalez,vasquezamanda@example.com,France,2021-09-23,Standard,41.16
3992,Lindsey Anderson,justin33@example.com,Netherlands,2025-04-13,Standard,85.03
3993,Zachary Taylor,evelyn02@example.org,France,2026-07-02,Premium,39.82
3994,Michael Page,kedwards@example.com,United Kingdom,2024-06-08,Premium,67.61
3995,Amy Taylor,mitchellshannon@example.com,Brazil,2024-12-03,Basic,45.51
3996,Ricky Rivera,johnolson@example.org,Netherlands,2022-01-27,Standard,34.76
3997,Michael Hatfield,richardsjennifer@example.com,Canada,2024-11-05,Basic,15.21
3998,John Jones,gentryeduardo@example.org,France,2021-03-26,Standard,23.29
3999,Rebecca Lloyd,qmccann@example.com,India,2025-12-01,Standard,53.75
4000,Matthew Davis,mirandadaniel@example.net,France,2020-01-03,Standard,17.61
4001,Erika Kim,timoconnor@example.org,Netherlands,2024-03-17,Basic,38.03
4002,Susan Weaver,jgarcia@example.org,United Kingdom,2021-02-21,Basic,59.82
4003,Douglas Grant,dianachen@example.com,India,2020-12-05,Standard,79.88
4004,Robert Peterson,john04@example.com,United Kingdom,2023-09-19,Standard,164.33
4005,Aaron Jimenez,brent63@example.net,United Kingdom,2024-09-15,Premium,17.91
4006,Jason Andersen,sandra33@example.net,France,2025-10-06,Premium,39.07
4007,Christopher Harmon,bakermadison@example.org,United Kingdom,2020-05-09,Premium,51.70
4008,Dr. Tiffany Coleman,richardbennett@example.net,Japan,2023-02-21,Standard,56.21
4009,Jeremy Rush,whitegina@example.org,Japan,2020-10-09,Basic,28.33
4010,Mason Moon,moralesstephen@example.net,Brazil,2020-10-04,Basic,37.12
4011,Carrie Brown,hardincarlos@example.com,Australia,2025-08-07,Standard,110.26
4012,John Martin,johnnycarr@example.com,Netherlands,2025-06-22,Basic,75.58
4013,Melissa Fischer,reyesjessica@example.net,Japan,2023-10-21,Premium,120.11
4014,Brooke Gillespie,briannareid@example.org,Canada,2020-10-04,Standard,82.54
4015,Bradley Thompson,danielhorn@example.org,United Kingdom,2023-07-16,Basic,88.26
4016,Charles Hall,dwilliams@example.net,Japan,2021-03-18,Standard,32.41
4017,Anthony Mitchell,rwallace@example.org,Germany,2024-11-28,Basic,137.18
4018,Stephanie Mahoney,travis88@example.com,Germany,2025-08-18,Standard,70.42
4019,Sandra Burgess,rossedward@example.net,Australia,2022-10-26,Basic,160.96
4020,Kenneth Brown,choitina@example.org,France,2025-09-29,Standard,64.95
4021,Brenda Ibarra,jonathan65@example.net,Canada,2020-02-09,Basic,40.56
4022,Samantha Lucas,kortiz@example.com,Brazil,2025-06-08,Premium,78.16
4023,Daniel Pierce,scott45@example.org,Netherlands,2020-08-07,Basic,10.42
4024,Aaron Terry,taylor88@example.com,India,2022-10-22,Basic,77.19
4025,Amy Hamilton,robert77@example.com,Japan,2023-07-26,Standard,39.38
4026,Thomas Gardner,rebeccapalmer@example.net,Netherlands,2024-08-09,Standard,30.10
4027,Joseph Pope,,Netherlands,2022-06-11,Standard,57.16
4028,Andrea Schneider,williamzhang@example.com,Germany,2026-04-05,Standard,84.00
4029,Craig Vasquez,cscott@example.org,Australia,2022-12-15,Premium,50.51
4030,Kimberly Smith,yjohnson@example.net,Brazil,2020-03-28,Premium,108.07
4031,Eric Kennedy,charlesfranco@example.net,Brazil,2021-08-09,Basic,21.69
4032,Stephanie Beard,cynthia27@example.net,United Kingdom,2021-05-07,Basic,53.51
4033,Debra Roberson,dennis53@example.com,Japan,2025-06-20,Basic,138.69
4034,Deborah Smith,millercassandra@example.net,France,2020-12-22,Standard,43.94
4035,Michael Chan,ssmith@example.org,Brazil,2022-12-18,Standard,87.34
4036,John Banks,gtucker@example.com,United States,2023-05-17,Standard,58.57
4037,Jeff Kelley,ruizjustin@example.com,Canada,2023-02-25,Basic,142.93
4038,Maria Carter,jessica96@example.com,India,2022-11-09,Basic,145.13
4039,Timothy Duncan,santiagomark@example.org,United Kingdom,2024-09-09,Standard,26.12
4040,Norman Johnson Jr.,williamstaylor@example.org,Japan,2023-10-01,Standard,27.74
4041,Michael Conrad,brandon54@example.net,Canada,2021-08-24,Basic,107.59
4042,William Jackson,jacquelinewilliamson@example.org,Canada,2022-11-18,Premium,78.94
4043,Matthew Craig,ndiaz@example.net,Canada,2025-01-14,Basic,30.82
4044,Nicole Hayes,danielle96@example.com,Australia,2022-08-21,Standard,46.88
4045,Michael Gilbert,jonathan25@example.org,Germany,2021-12-10,Standard,40.55
4046,Duane Bailey,elizabeth20@example.com,Australia,2026-02-19,Premium,58.38
4047,Anna Villanueva,scottwilliams@example.net,India,2022-08-17,Premium,93.98
4048,Sheena Clarke,johnpineda@example.net,Canada,2021-02-20,Standard,73.77
4049,Jamie Wilson,xfigueroa@example.net,United Kingdom,2025-12-02,Basic,62.59
4050,Jon Davis,awang@example.net,Canada,2025-04-26,Standard,46.19
4051,Kelly Gilbert,qturner@example.org,United Kingdom,2020-06-05,Standard,79.90
4052,Logan Robertson,fblack@example.com,France,2025-10-18,Basic,55.77
4053,Douglas Williams,stephanierobles@example.net,United States,2022-05-01,Standard,124.21
4054,Laura Kim,sean45@example.org,Japan,2022-09-30,Premium,60.44
4055,Jeremy Garza,jonathanhubbard@example.com,India,2022-05-23,Premium,95.35
4056,Kelly Owen,valenzuelachristopher@example.org,Netherlands,2022-12-24,Standard,27.35
4057,Tonya Wright,,Brazil,2022-12-08,Standard,55.00
4058,Monica Carlson,nprince@example.net,Brazil,2025-09-18,Standard,28.44
4059,Jonathan Clark,charleskelly@example.net,Germany,2026-04-29,Basic,59.24
4060,Timothy Patel,mcummings@example.net,Japan,2020-11-03,Standard,79.58
4061,Gregory Faulkner,dyerdylan@example.com,Japan,2024-05-27,Premium,96.99
4062,Gary Payne,ibates@example.org,Canada,2020-12-18,Standard,61.41
4063,Kimberly Garcia,lynnholmes@example.com,Germany,2020-05-21,Premium,128.21
4064,Michael Lynch,tanyanash@example.com,India,2024-05-20,Basic,90.29
4065,David Bryant,sean60@example.com,Netherlands,2023-08-02,Standard,64.90
4066,Victoria Hobbs,olsonamy@example.com,France,2022-08-10,Standard,55.78
4067,Mr. Robert Cooper Jr.,bakerchristian@example.org,India,2020-09-13,Standard,56.10
4068,Kathy Banks,rodneylin@example.com,United Kingdom,2020-02-12,Standard,126.78
4069,John Carter,ilawrence@example.net,Australia,2025-07-07,Basic,174.05
4070,Aaron Hull,william74@example.org,Germany,2022-04-10,Premium,64.86
4071,Mrs. Stephanie Smith,jenniferperkins@example.net,Australia,2022-06-16,Basic,91.38
4072,Matthew Brown,sydney62@example.net,Australia,2025-08-07,Standard,130.21
4073,Ashley Pittman,johnhuang@example.net,Germany,2026-04-08,Basic,25.75
4074,Richard Bailey,kristin79@example.org,Brazil,2020-09-25,Standard,43.73
4075,Robert Taylor,morsechad@example.com,Netherlands,2021-06-30,Standard,82.71
4076,Roberta Johnson,jacquelineallen@example.org,United States,2020-05-12,Standard,28.26
4077,Eugene Hall,qrogers@example.net,Germany,2025-03-22,Standard,68.91
4078,Thomas Allen,tjohnson@example.org,United Kingdom,2020-11-21,Standard,87.42
4079,Stephen Santos,lewisscott@example.net,Brazil,2022-05-11,Standard,125.65
4080,Diane Bryant,ajones@example.net,Netherlands,2024-02-05,Standard,53.84
4081,Jennifer Hensley,,Australia,2024-01-13,Standard,25.51
4082,Katherine Boone,andersoncharles@example.net,France,2022-02-12,Standard,80.81
4083,Jennifer Flores,zryan@example.org,United States,2021-09-12,Standard,41.04
4084,David Hamilton,michael85@example.net,Germany,2020-03-05,Standard,71.11
4085,Melanie Thompson,christopher02@example.net,Japan,2022-06-16,Standard,65.22
4086,Kimberly Reynolds,charlesjackson@example.net,Netherlands,2020-04-23,Standard,62.26
4087,Kevin Espinoza,pruittleslie@example.net,Netherlands,2022-07-18,Basic,104.87
4088,Wanda Cole,gregory82@example.net,France,2021-07-19,Standard,100.25
4089,Sara Jackson,murphybradley@example.org,United States,2022-03-22,Standard,39.42
4090,Christopher Smith,udavis@example.org,Japan,2026-05-22,Basic,70.94
4091,Beth Ramos,hduffy@example.com,United Kingdom,2021-11-09,Basic,9.15
4092,Michaela Strickland,igardner@example.com,France,2024-02-09,Standard,75.83
4093,Allen Sanchez,thomasrice@example.net,India,2024-08-26,Basic,56.39
4094,Sandra Kim,wagnerroberta@example.com,Canada,2025-06-09,Basic,153.07
4095,Crystal Walker,fryeadrian@example.org,Germany,2026-05-13,Premium,29.02
4096,Jeffery Lee,lisa57@example.org,Canada,2022-08-01,Standard,79.56
4097,Dr. Andrew Scott II,micheleyork@example.com,Australia,2025-05-02,Standard,40.97
4098,Patty Walker,janice73@example.org,Australia,2025-12-18,Standard,38.81
4099,Alison Fletcher,georgecooper@example.com,United States,2024-03-17,Standard,131.76
4100,Terry Boyd,bobby25@example.com,France,2021-02-13,Basic,38.90
4101,Elaine Garcia,tinaflynn@example.com,Canada,2022-09-06,Premium,79.35
4102,Kevin Walsh,imaddox@example.org,Canada,2025-12-16,Standard,58.77
4103,Richard Russo,ricardo73@example.net,United Kingdom,2026-04-05,Standard,183.11
4104,Tammy Baker,tfranklin@example.com,United Kingdom,2023-09-21,Standard,52.01
4105,Christopher Charles,oporter@example.org,Canada,2022-11-21,Standard,12.13
4106,Tamara Kim,justinguzman@example.com,Brazil,2020-05-21,Basic,59.09
4107,Lucas Case,hopkinsrodney@example.org,United States,2021-03-19,Standard,54.17
4108,Alexander Peters MD,susan64@example.org,United States,2023-05-15,Basic,84.41
4109,Tyler Johnston,millersherry@example.org,France,2021-08-26,Standard,95.85
4110,Dr. James Stephens II,bensonjohn@example.net,Japan,2025-12-12,Basic,35.22
4111,Kimberly Bolton,ddunn@example.com,Japan,2022-09-12,Basic,100.86
4112,Daniel Bryant,fernandezandre@example.org,Germany,2022-02-15,Premium,35.39
4113,Joanna Martin,markellis@example.org,United States,2022-01-26,Standard,34.43
4114,Jeffrey Oliver,ujones@example.com,United States,2026-05-25,Standard,37.73
4115,Heather Simpson,lterry@example.net,Germany,2026-07-03,Premium,83.07
4116,Erika Wong,cheryl55@example.org,France,2022-11-07,Standard,41.69
4117,Brian Palmer,tanderson@example.net,Canada,2022-04-15,Standard,77.06
4118,Christopher Edwards,priscilla83@example.net,United States,2020-09-19,Basic,16.73
4119,Maria Mason,douglas07@example.net,Australia,2020-09-07,Standard,28.48
4120,Michelle Davis,fosterlawrence@example.org,Netherlands,2025-04-06,Premium,31.52
4121,Dan Clarke,travis45@example.org,Australia,2022-08-09,Standard,50.85
4122,Julie Johnson,thomascruz@example.net,United Kingdom,2022-06-13,Standard,179.22
4123,Scott Jackson,kevinbrown@example.net,Canada,2021-08-02,Standard,76.13
4124,Donna Doyle,floydjoann@example.com,Japan,2024-05-23,Standard,17.51
4125,Mathew Bauer,brandilutz@example.com,Australia,2023-03-08,Standard,195.35
4126,Juan Williams,johnstonchristopher@example.net,Canada,2023-04-28,Standard,68.58
4127,Michelle Campbell,michaelarmstrong@example.net,Canada,2022-07-28,Premium,168.04
4128,Thomas Young,qfranklin@example.org,Netherlands,2021-01-16,Premium,273.75
4129,Linda Blevins,markrussell@example.org,Germany,2025-12-14,Premium,58.27
4130,Deborah Shaw,harriskevin@example.net,Germany,2021-03-04,Standard,43.59
4131,Loretta Holt,thomas33@example.net,Japan,2021-02-05,Standard,165.99
4132,David Weiss,apatterson@example.org,France,2022-08-13,Standard,65.80
4133,Sonya Zimmerman,tateedward@example.org,India,2022-01-26,Standard,33.26
4134,Elizabeth Johnson,mcknightbenjamin@example.com,Netherlands,2024-07-22,Standard,37.24
4135,James Jenkins,hawkinsdeanna@example.net,United States,2022-02-02,Premium,107.62
4136,Sheila Johnson,eric19@example.org,Australia,2022-12-30,Premium,80.57
4137,Justin Velasquez,chadrobinson@example.com,United States,2024-06-22,Standard,38.38
4138,Sierra Garrett,clintonhaley@example.org,Brazil,2021-03-06,Standard,46.96
4139,Wanda Pruitt,tbrown@example.net,Canada,2020-07-22,Standard,40.34
4140,Kristine Montgomery,smithdiana@example.net,United Kingdom,2020-09-23,Basic,84.05
4141,Nathan Harrington,uroberts@example.org,Netherlands,2025-06-19,Standard,80.54
4142,Deborah Richardson,hinesvalerie@example.com,India,2026-03-10,Standard,93.38
4143,James Brown,rubiochase@example.net,United Kingdom,2020-04-11,Basic,59.56
4144,Michael Delgado,wchavez@example.net,France,2022-02-27,Standard,34.77
4145,James Conley,jeremypetersen@example.net,Netherlands,2021-06-25,Standard,54.99
4146,Matthew Farrell,gmoyer@example.net,Germany,2025-11-21,Standard,147.30
4147,Tricia Finley,stewartpamela@example.com,Japan,2026-07-26,Standard,47.73
4148,Sergio Johnson,nheath@example.org,United Kingdom,2020-02-27,Standard,109.47
4149,Tracy Sanders,brittney46@example.net,India,2021-06-10,Standard,26.95
4150,Joel Johnson,michelletaylor@example.org,Brazil,2022-01-21,Standard,92.38
4151,Lauren Delacruz,harmonlucas@example.org,Germany,2024-08-19,Standard,59.26
4152,Clayton Evans,hillbrandon@example.com,France,2026-01-03,Basic,54.68
4153,Elaine Keith,lloydrichard@example.net,Netherlands,2023-06-18,Premium,25.56
4154,Kyle Smith,cindycurtis@example.org,Germany,2023-01-20,Standard,42.21
4155,Sara Thomas,hlopez@example.com,Japan,2025-11-21,Standard,83.37
4156,Seth Lewis,andrea54@example.com,United States,2023-11-23,Premium,135.05
4157,Tamara Stone,shannonstephanie@example.org,India,2022-11-20,Basic,42.19
4158,Susan Kelley,kimberlyyoung@example.com,India,2023-04-29,Premium,82.59
4159,Troy Patel,kgonzalez@example.net,Germany,2024-09-12,Basic,45.01
4160,Joseph Gutierrez,scottjoe@example.com,United States,2025-07-25,Basic,110.14
4161,John Davis,zachary74@example.org,United Kingdom,2025-09-21,Standard,27.06
4162,Christopher Ramos,rossdaniel@example.com,France,2024-09-02,Premium,34.99
4163,Abigail Garcia,qjohnson@example.com,Germany,2026-02-16,Standard,58.43
4164,Debra Lloyd,,Japan,2024-06-15,Standard,24.83
4165,Daniel Gray,scott81@example.net,Brazil,2023-02-24,Basic,50.97
4167,Jennifer Goodman,nataliejones@example.net,Brazil,2023-06-09,Standard,69.96
4168,Casey Sanders,matthew46@example.com,France,2024-08-21,Standard,69.72
4169,Mr. Derek Johnson IV,noahmullins@example.org,United States,2025-12-06,Standard,20.33
4170,Heather Jenkins,crystal54@example.com,Netherlands,2021-11-21,Basic,45.85
4171,Anna Moses,ojohnson@example.org,Germany,2020-09-04,Premium,60.33
4172,Jamie Matthews,edwinrowe@example.org,United States,2024-05-02,Standard,172.44
4173,Christine Yates,gloria17@example.net,United States,2022-04-11,Standard,49.69
4174,Erika Shelton,amandabarrett@example.org,United Kingdom,2021-01-09,Basic,9.99
4175,Allen Moran,ysmith@example.net,Netherlands,2020-06-18,Standard,94.22
4176,Brian Lopez,russellsamantha@example.com,United States,2024-08-05,Standard,103.89
4177,Lori Hoffman,melissa03@example.com,France,2024-01-25,Premium,73.28
4178,Michael Thompson,monicaali@example.com,Australia,2023-08-21,Standard,49.51
4179,Mr. Micheal Ray,,Canada,2023-12-16,Basic,151.45
4180,Louis Hughes,torreshoward@example.com,United States,2022-10-28,Standard,47.86
4181,Heather Graham,kelly17@example.net,India,2021-02-01,Basic,43.77
4182,Ashley Rasmussen,gcooper@example.org,United States,2023-12-25,Standard,39.26
4183,Kevin Logan,wongsean@example.com,Brazil,2025-02-16,Standard,62.45
4184,Jason Lewis,brenda35@example.net,Germany,2020-05-05,Standard,55.06
4185,Katelyn Davis,madelinehenderson@example.net,Japan,2024-09-18,Premium,83.50
4186,Theresa Martinez,brownsean@example.com,Canada,2026-05-25,Standard,48.06
4187,Nancy Allen,daisy57@example.com,India,2021-05-18,Standard,37.33
4188,Michael Castaneda,morgan94@example.net,Japan,2020-09-17,Standard,71.58
4189,Gregory Hernandez,colleenvance@example.org,Australia,2025-09-19,Basic,87.42
4190,Kaitlyn Howard,daniellewebb@example.net,Netherlands,2020-05-18,Premium,79.61
4191,Daniel Hull,kbarrett@example.net,Australia,2021-01-07,Basic,57.75
4192,Tiffany Kennedy,ymcclure@example.com,India,2022-07-02,Standard,125.84
4193,Amy Warren,petersonann@example.net,United States,2020-03-18,Premium,32.68
4194,Diamond Randolph,rmoyer@example.net,Germany,2023-07-12,Premium,41.30
4195,Barbara Turner MD,freemanbarbara@example.org,United Kingdom,2022-03-19,Standard,316.63
4196,Daisy Chang,patrick11@example.net,United States,2024-03-29,Standard,115.01
4197,Elizabeth Hull,tcox@example.org,France,2021-10-28,Premium,54.33
4198,Kimberly Pearson,susanli@example.net,France,2023-08-14,Standard,24.10
4199,Miss Tracy Hansen DVM,tara23@example.com,Canada,2023-11-19,Premium,40.40
4200,Stacy Chen,dellis@example.com,Brazil,2025-05-30,Standard,33.61
4201,Matthew Wise,john51@example.org,France,2026-02-18,Standard,22.49
4202,Kenneth Richards,piercefrank@example.org,United States,2024-02-25,Premium,51.92
4203,Joshua Ward,awade@example.net,Australia,2024-02-22,Standard,65.61
4204,Heather Brown,andrealewis@example.net,Netherlands,2020-07-13,Standard,45.74
4205,April Smith,richard82@example.org,Japan,2025-02-13,Standard,79.04
4206,Victoria Griffin,wsmith@example.net,Canada,2025-07-13,Standard,43.41
4207,Nicole Butler,tonyfrank@example.net,United Kingdom,2025-03-30,Basic,23.95
4208,Jonathan Pittman,lwalton@example.org,Australia,2022-03-07,Standard,40.89
4209,Jonathan Wheeler,duncanpamela@example.net,Germany,2022-08-18,Premium,40.73
4210,Jason Sutton,tvasquez@example.net,Germany,2024-06-18,Premium,81.78
4211,Debra Peterson,ebailey@example.com,Australia,2020-11-23,Standard,115.66
4212,Donald Ayala,scott67@example.com,India,2022-02-25,Standard,64.60
4213,John Bell,waynegriffin@example.net,United Kingdom,2026-03-01,Premium,85.91
4214,Amy Kim,leematthew@example.org,Brazil,2020-12-01,Premium,17.56
4215,Calvin Paul,randyfrey@example.org,France,2020-04-22,Basic,22.29
4216,Logan Baldwin,michael57@example.org,India,2023-06-08,Basic,100.44
4217,Amanda James,duartesteven@example.com,Netherlands,2020-02-17,Premium,65.39
4218,Denise Ross,christopher85@example.org,Japan,2023-09-04,Basic,195.04
4219,Christina Wolf,irichardson@example.com,Japan,2025-03-17,Basic,122.66
4220,Thomas Russell,brownlauren@example.org,India,2020-01-16,Standard,39.11
4221,David Hernandez,jamesvasquez@example.org,Netherlands,2020-12-24,Standard,58.59
4222,Steven Wall,heidi28@example.org,Canada,2021-07-31,Basic,31.87
4223,Christine Johnson,tylerthompson@example.com,Germany,2023-06-08,Standard,84.57
4224,Stacey Smith,jennifersummers@example.net,Brazil,2020-07-14,Standard,44.91
4225,Jeremy Adams,douglas34@example.org,France,2024-02-23,Basic,21.53
4226,Mark Eaton,jesusgill@example.net,Japan,2021-11-26,Standard,31.33
4227,Angela Ward,amandarichardson@example.net,Canada,2020-08-01,Standard,29.21
4228,Daniel Garcia,omacdonald@example.org,France,2024-11-07,Premium,60.91
4229,Janice Smith,karen17@example.com,Brazil,2022-12-08,Standard,88.41
4230,Nicholas Vazquez,tphillips@example.com,Netherlands,2024-06-14,Premium,45.59
4231,Julie Barnett,richardsonelizabeth@example.net,France,2024-12-09,Premium,43.74
4232,Lori Cole,uroberts@example.org,Australia,2025-04-30,Basic,55.54
4233,Nicholas Anderson,xboyd@example.net,Australia,2025-11-12,Premium,20.39
4234,Lisa Lawson,cynthiaarmstrong@example.org,United Kingdom,2024-06-17,Standard,16.39
4235,Christopher Wheeler,ericamiller@example.com,Japan,2022-04-03,Standard,39.43
4236,Melanie Luna,katherine65@example.com,Netherlands,2024-01-21,Standard,47.72
4237,Adam Graham,,United States,2024-02-10,Basic,139.77
4238,Jimmy Mooney,xlittle@example.org,Netherlands,2022-03-26,Standard,60.36
4239,Laura Patel,fbutler@example.com,Netherlands,2021-09-24,Standard,30.02
4240,Stephanie Smith,douglassilva@example.net,United Kingdom,2023-05-20,Basic,53.98
4241,Brian Gomez,jacob27@example.com,France,2023-06-02,Standard,116.14
4242,Kenneth Odom,rallen@example.com,India,2024-01-12,Premium,123.44
4243,Donna Harris,candacescott@example.com,Canada,2022-09-16,Basic,60.52
4244,Matthew Richardson,luke46@example.com,Brazil,2024-03-24,Standard,72.42
4245,Chase Phelps,harrisonwilliam@example.org,Netherlands,2023-01-28,Basic,65.93
4246,Jamie Bennett,batesjill@example.com,France,2023-09-21,Standard,91.68
4247,Michael Lopez,michaelmyers@example.com,Japan,2024-02-20,Basic,135.39
4248,Linda Jones,justinwagner@example.com,Netherlands,2022-06-28,Premium,29.46
4249,Larry Turner,gsmith@example.net,India,2025-02-09,Basic,24.60
4250,Christine Trevino,ufoster@example.org,Japan,2024-06-21,Premium,34.51
4251,Kristin Duncan,roberttorres@example.com,Brazil,2021-01-09,Basic,29.04
4252,Todd Davis,elizabethpalmer@example.net,Netherlands,2026-06-30,Premium,18.70
4253,Linda Simpson,ynorton@example.net,Netherlands,2020-08-15,Standard,56.48
4254,Holly Herring,xcarter@example.net,India,2024-12-19,Basic,105.06
4255,Michelle Barnes,smithmichael@example.com,Canada,2020-11-15,Premium,24.44
4256,Cynthia Alexander,jonathan73@example.net,India,2020-09-23,Standard,46.46
4257,Jonathan Armstrong,manningkristin@example.net,Australia,2020-02-21,Premium,28.82
4258,Joshua Shannon,paul51@example.net,Canada,2021-06-15,Standard,134.54
4259,Kimberly Young,lramos@example.net,United Kingdom,2023-01-11,Standard,67.39
4260,Robert Romero,qhill@example.com,United Kingdom,2023-12-23,Premium,43.95
4261,Chase Williams,wesleyfoster@example.net,Japan,2020-02-13,Premium,70.01
4262,Carol Arias,zramirez@example.net,United States,2025-10-04,Standard,129.51
4263,Linda Thompson,kim35@example.com,United States,2023-03-20,Basic,28.03
4264,Rodney Gordon,lopezcurtis@example.com,Japan,2023-08-06,Basic,40.58
4265,Eric Howell,smithamy@example.org,Japan,2023-07-30,Premium,59.09
4266,Christy Powell,tsimmons@example.net,Australia,2025-02-16,Basic,33.24
4267,Barbara Harmon,bhill@example.net,Japan,2020-04-27,Standard,60.81
4268,Amanda Webster,simmonsjacob@example.org,Australia,2023-10-11,Premium,107.39
4269,Michelle Dawson,whale@example.net,Germany,2025-09-16,Standard,33.05
4270,Ronald Martinez,littlerebecca@example.org,United Kingdom,2026-06-23,Standard,28.64
4271,Mike Morales,jasonwatson@example.net,Japan,2021-01-07,Basic,38.76
4272,Pamela Johnson,briggszachary@example.com,India,2024-04-08,Basic,37.93
4273,William Wilkerson,kristen73@example.net,France,2021-07-22,Standard,25.93
4274,Anna Weaver,lopezkelly@example.com,Netherlands,2022-12-01,Basic,91.04
4275,Keith Lane,angelica61@example.net,United States,2026-01-23,Standard,85.14
4276,Shawn Rogers,robingarrett@example.net,India,2020-09-28,Basic,69.59
4277,Timothy Jenkins,powersjodi@example.net,Canada,2024-07-13,Premium,132.81
4278,John Herrera DDS,bmiller@example.net,Australia,2020-08-28,Basic,60.04
4279,Theresa Atkinson,carlaharris@example.org,Japan,2024-12-29,Standard,72.41
4280,Victor Robinson,andre19@example.com,Netherlands,2026-01-11,Standard,16.84
4281,Vernon Williams,charleslee@example.net,Canada,2024-08-01,Standard,80.93
4282,Angel Hickman,blake03@example.com,Brazil,2021-09-05,Premium,49.00
4283,Mitchell Scott,jcox@example.com,Netherlands,2026-07-16,Standard,25.05
4284,Theresa White,pricedaniel@example.net,Canada,2023-09-27,Premium,70.40
4285,Marie Rangel,vmccormick@example.org,Netherlands,2025-01-09,Premium,91.51
4286,John Davis,xvargas@example.org,United Kingdom,2020-05-14,Basic,80.07
4287,Bradley Martinez,wilsonryan@example.net,Brazil,2020-02-20,Standard,27.86
4288,Lisa Franklin,michellepage@example.org,United Kingdom,2025-03-27,Standard,100.79
4289,Nichole Mack,jameswhite@example.com,Australia,2020-10-15,Basic,91.30
4290,Duane Bates,brianfrench@example.org,Netherlands,2022-09-16,Standard,63.90
4291,Whitney Ochoa,speters@example.net,France,2024-08-31,Premium,106.11
4292,Phillip Dalton,keithjane@example.net,Brazil,2026-02-04,Basic,15.06
4293,Austin Webster,rasmussenmichael@example.com,Canada,2023-04-10,Standard,23.28
4294,Donald Garcia,laurasmith@example.org,Japan,2024-05-16,Basic,59.31
4295,Sherri Miles,kingjulie@example.com,Germany,2022-09-21,Basic,13.11
4296,Kristen Young,qmeadows@example.org,Netherlands,2024-10-15,Basic,16.27
4297,Heather Wilkins,qelliott@example.com,France,2024-04-01,Standard,33.97
4298,Terry Mason,garzalisa@example.net,United Kingdom,2024-11-12,Standard,55.33
4299,James Wheeler,scarey@example.com,France,2025-09-30,Premium,41.92
4300,Amanda Scott,gabriellelittle@example.com,Brazil,2020-07-26,Premium,35.62
4301,Manuel Gibson,christian29@example.net,Japan,2024-01-01,Premium,33.62
4302,Megan Burton,lvelez@example.com,Canada,2020-12-01,Basic,64.21
4303,Renee Lee,shawn69@example.org,Japan,2022-11-03,Standard,94.39
4304,Joseph Mccoy Jr.,myersmelissa@example.com,United States,2020-08-11,Basic,38.14
4305,Alexis Church,emily68@example.com,Netherlands,2020-09-20,Standard,29.98
4306,Angela Blake,zanderson@example.com,Canada,2023-07-09,Basic,82.37
4307,Adam Lopez,utaylor@example.net,Japan,2020-01-01,Basic,39.79
4308,Lynn Hartman,josephpugh@example.net,United States,2021-03-24,Basic,34.25
4309,James Combs,cwebb@example.org,Canada,2025-07-21,Standard,64.84
4310,Steven Underwood,sunderwood@example.org,Japan,2022-12-10,Basic,120.64
4311,Brittany Hernandez,ncrane@example.org,India,2023-07-26,Basic,38.63
4312,Jeanette Johnson,susanpeterson@example.com,Brazil,2026-01-15,Standard,45.02
4313,Sherry Chavez,julie89@example.com,France,2021-02-01,Standard,42.51
4314,Alejandra Ward,coxmelinda@example.com,United States,2023-04-23,Standard,179.52
4315,Kayla Watson,marksaunders@example.org,Australia,2021-09-22,Basic,85.42
4316,Matthew Allen,nsmith@example.net,India,2020-09-25,Standard,26.15
4317,Sophia Morse,jessicadawson@example.org,Canada,2025-06-16,Standard,89.94
4318,Margaret Jones,sabrina31@example.com,United States,2021-08-15,Basic,49.26
4319,Deborah Meadows,aguirreamanda@example.com,Japan,2024-08-19,Basic,47.54
4320,Kimberly Norris,erinreid@example.com,Brazil,2020-05-27,Basic,115.84
4321,Joseph Perez,brandon21@example.org,Brazil,2024-12-05,Standard,153.18
4322,Kelly Shaw,travisbentley@example.net,United Kingdom,2023-03-17,Premium,150.62
4323,Scott Martin,choilinda@example.net,Australia,2023-12-15,Standard,36.88
4324,Nicole Graham,dcooper@example.net,France,2021-07-28,Standard,46.59
4325,Douglas Raymond,erinward@example.com,Germany,2022-07-19,Basic,80.07
4326,Joseph Patel,michelle63@example.net,India,2024-12-14,Standard,178.38
4327,Eric Adkins,kaitlyngay@example.net,France,2023-08-04,Standard,131.67
4328,John Fox,danielleharris@example.org,India,2026-07-03,Basic,226.69
4329,Jacob Spencer,angelarivera@example.org,India,2025-03-11,Standard,91.13
4330,Mrs. Kaitlyn James,williamruiz@example.org,United Kingdom,2025-06-15,Standard,76.69
4331,Tracy Evans,ierickson@example.org,Netherlands,2025-09-08,Premium,57.65
4332,John Clark,qmiller@example.org,Australia,2023-11-06,Basic,17.88
4333,Ashley Waters,jenniferprice@example.com,Canada,2023-03-27,Standard,77.11
4334,Ryan Joseph,randydavis@example.net,United States,2025-12-07,Standard,35.05
4335,Robert Smith,scottstephanie@example.org,India,2021-05-29,Basic,50.60
4336,Richard Harper,smiller@example.com,France,2025-01-14,Standard,61.92
4337,Cindy Larson,michael74@example.com,United States,2025-12-11,Premium,92.40
4338,Cristina Cardenas,hdavis@example.net,United States,2020-05-25,Standard,29.62
4339,Luis Johnson,kristen72@example.net,Canada,2020-02-29,Standard,73.24
4340,Edward Greene,bradyjulie@example.net,Germany,2026-04-04,Premium,16.93
4341,Robin Love,tdiaz@example.net,United States,2020-06-20,Standard,73.19
4342,Karen Powell,grossalexandra@example.org,United Kingdom,2022-05-16,Basic,211.65
4343,Mr. Jesus Levine II,darrellarmstrong@example.org,United States,2023-02-22,Basic,71.75
4344,Christine Wilson,travisroberts@example.org,Brazil,2025-03-09,Standard,75.90
4345,Andrew Hobbs,jacobpitts@example.com,Brazil,2023-12-22,Standard,11.68
4346,Dr. Sherry Humphrey,robertsjamie@example.org,Japan,2023-06-14,Basic,66.17
4347,Nathan Crawford,laurenpeters@example.com,Germany,2025-07-27,Standard,39.59
4348,Zachary Farmer,stevensjeffrey@example.com,Netherlands,2025-10-20,Basic,12.63
4349,Mitchell Martin,rsmith@example.com,United Kingdom,2020-08-23,Basic,142.43
4350,Beth Carpenter,davidrasmussen@example.net,Canada,2021-12-01,Standard,56.21
4351,Justin Green,michelegordon@example.net,Japan,2021-09-08,Premium,52.14
4352,Linda Gonzalez,qanderson@example.net,Canada,2025-10-30,Premium,36.50
4353,Yvette Jordan,escobarjennifer@example.com,Brazil,2021-10-21,Basic,62.66
4354,Vincent Johnson,eileenjohnson@example.com,Canada,2021-11-07,Standard,69.25
4355,Matthew Baker,amy31@example.org,United States,2026-04-13,Basic,81.29
4356,Vincent Barrett,adriana49@example.net,Australia,2022-08-12,Standard,35.31
4357,Allen Price,jbell@example.com,France,2025-07-20,Basic,145.74
4358,Alicia Hansen,taylorfleming@example.com,Germany,2026-01-10,Standard,57.73
4359,Michael Barber,kristinaking@example.net,Australia,2023-04-25,Standard,13.97
4360,Carol Dean,sara85@example.net,Australia,2021-11-18,Standard,33.67
4361,Samuel Lee,mberry@example.org,India,2022-06-25,Basic,64.27
4362,Joel Stone MD,frogers@example.org,Germany,2022-06-13,Premium,83.80
4363,Roy Parker,ashley58@example.com,France,2023-07-24,Standard,30.12
4364,Connie Cervantes,mscott@example.org,France,2025-09-02,Standard,36.07
4365,Richard Wyatt,choidenise@example.com,United Kingdom,2023-06-27,Standard,72.03
4366,Sarah Wilson,jameslawson@example.net,Japan,2021-09-10,Basic,75.59
4367,Amanda Jones,,Brazil,2022-10-26,Premium,22.13
4368,Elizabeth White,chelseacook@example.net,Australia,2023-07-30,Basic,24.07
4369,Benjamin Haney,robertking@example.net,Brazil,2023-09-03,Basic,39.61
4370,Anne Peck,millermichelle@example.net,France,2024-05-13,Standard,40.45
4371,Veronica Hopkins,margaret90@example.com,Canada,2022-02-03,Standard,63.25
4372,Tammy James,cooperrebecca@example.org,India,2021-01-14,Premium,68.32
4373,William Silva,omurray@example.com,India,2021-08-04,Standard,36.91
4374,Judith Reynolds,zwilson@example.org,India,2025-07-06,Standard,95.25
4375,Latoya Gonzales,emilybrown@example.net,Germany,2020-02-29,Standard,37.71
4376,Mrs. Sarah Brewer,paulapruitt@example.net,France,2024-05-21,Basic,22.22
4377,Shawn Owens,robyn79@example.org,United Kingdom,2023-04-28,Standard,118.74
4378,Sandra Owens,wilsonmatthew@example.net,France,2025-04-03,Basic,18.33
4379,Sarah Smith,zharris@example.org,India,2021-03-15,Standard,23.52
4380,Kimberly Davidson,aromero@example.net,Japan,2020-02-12,Standard,26.10
4381,Larry Gonzalez,cwebster@example.net,Brazil,2025-10-03,Basic,51.11
4382,Tiffany Moon,vincent79@example.com,Canada,2021-09-26,Standard,103.42
4383,Curtis Burns,fhill@example.org,Canada,2022-06-24,Standard,66.76
4384,Rhonda Lindsey,zbarrett@example.com,India,2021-11-12,Standard,62.12
4385,Kevin Baker,april66@example.net,United States,2024-04-19,Basic,59.04
4386,Rhonda Allen,wgarner@example.com,United Kingdom,2020-05-06,Standard,27.99
4387,Mark King,umeadows@example.net,Netherlands,2022-03-07,Standard,19.26
4388,Kristin Nelson,john72@example.net,France,2025-02-28,Basic,53.43
4389,Faith Johnson,oedwards@example.net,India,2026-07-10,Standard,84.34
4390,Teresa Mejia,wballard@example.com,Australia,2026-05-15,Basic,69.32
4391,Christina Ferguson,xwarren@example.org,India,2020-02-16,Standard,62.84
4392,Danielle Burke,lcarpenter@example.net,Japan,2022-02-16,Standard,66.10
4393,Roberta Johnson,theresa80@example.net,Japan,2024-12-29,Standard,80.56
4394,Aaron Hobbs,stephenbrown@example.com,United Kingdom,2025-12-11,Standard,35.84
4395,Emily Williams,gregorymayo@example.com,Canada,2022-12-04,Basic,53.63
4396,Kevin Harris,rickblack@example.net,Brazil,2023-04-07,Basic,97.03
4397,Michael Cuevas,sandra74@example.net,Brazil,2021-12-19,Premium,106.94
4398,Samuel Lynn,vshields@example.org,Japan,2023-08-23,Standard,117.45
4399,Deborah Rogers,ygonzalez@example.net,France,2024-02-07,Basic,45.22
4400,Robert Brown,kimberlyerickson@example.net,Japan,2025-01-17,Basic,20.20
4401,Robert Rodriguez,smithcourtney@example.com,Japan,2023-10-15,Premium,54.72
4402,Julia Knight,danny48@example.com,France,2020-12-13,Basic,53.08
4403,Alison Miller,mharris@example.org,Netherlands,2020-11-22,Premium,18.44
4404,Michael Kennedy,jason57@example.net,France,2024-05-26,Standard,24.06
4405,Patricia Parks,melissajohnson@example.com,India,2023-11-13,Standard,41.92
4406,Jamie Rose,wjohnson@example.com,Netherlands,2022-09-30,Standard,90.15
4407,Ryan Lyons,ryan70@example.com,Brazil,2022-02-06,Standard,58.50
4408,Jennifer Davis,pughcarol@example.org,Germany,2024-05-14,Standard,31.43
4409,Jack Newman,ashleyanderson@example.com,Brazil,2022-10-29,Basic,26.16
4410,Dr. Jeremy Cook DDS,susan13@example.org,United States,2020-12-29,Standard,92.72
4411,Nicole Kirk,burnscarl@example.org,United States,2021-12-02,Basic,35.80
4412,Andrew Gibson,david06@example.com,Germany,2024-12-05,Basic,125.51
4413,Nicholas Hunt,kathleenbecker@example.com,Canada,2023-03-30,Standard,40.90
4414,Heather Lewis,lindaperez@example.net,France,2023-06-02,Standard,126.31
4415,Karen Palmer,donna04@example.com,Japan,2024-12-31,Basic,64.66
4416,Katie Conner,lopezmichelle@example.net,India,2021-01-14,Basic,43.21
4417,Angela Vasquez,qlara@example.org,Netherlands,2025-07-06,Basic,119.54
4418,Stacy Pierce DDS,julie84@example.com,India,2025-03-10,Premium,115.09
4419,Cody Garrett,wendy93@example.org,Brazil,2021-02-16,Standard,82.85
4420,Micheal Peterson,xsims@example.com,Netherlands,2021-07-24,Basic,21.59
4421,Isaiah Clark,xharvey@example.org,United States,2024-12-16,Basic,45.59
4422,Jennifer Gonzalez,nolancatherine@example.net,United Kingdom,2024-04-22,Premium,131.33
4423,Heather Brandt,chunglynn@example.org,France,2025-06-16,Premium,71.76
4424,Marvin Wilson,joseph03@example.org,United States,2025-11-10,Standard,61.21
4425,Tim Johnson,joshua02@example.net,India,2026-04-28,Standard,73.20
4426,Justin Morse,michelleburton@example.com,Germany,2026-05-24,Premium,29.06
4427,Kim Lyons,johnsondavid@example.org,France,2023-04-21,Standard,87.20
4428,Shannon Casey,imahoney@example.org,Canada,2020-06-21,Standard,80.76
4429,Hannah Schmidt,knightrenee@example.org,Canada,2023-02-21,Standard,52.65
4430,Roger Greene,hrobinson@example.com,Germany,2024-07-23,Basic,81.44
4431,Ronald Rivera,brendafox@example.net,France,2021-07-06,Standard,71.63
4432,Katelyn Heath,joel15@example.org,United States,2023-01-24,Standard,48.09
4433,Sarah Matthews,kathyberg@example.com,Netherlands,2024-12-05,Basic,26.37
4434,John Barnes,gordonjack@example.com,France,2023-10-17,Basic,78.98
4435,Timothy Martinez,rogersmatthew@example.org,Canada,2022-02-18,Standard,35.05
4436,Deborah Shaw,nluna@example.com,Brazil,2021-06-04,Basic,80.13
4437,Michael Phillips,zgarcia@example.com,France,2021-09-27,Premium,57.11
4438,Kenneth Pena,brenda15@example.net,Brazil,2021-12-08,Standard,138.23
4439,Alyssa Cantu,richard40@example.org,Australia,2021-09-27,Standard,39.71
4440,Lindsay Marsh,xlarson@example.com,Canada,2020-01-18,Premium,164.50
4441,Antonio Sherman,michealcook@example.net,Germany,2025-08-10,Standard,68.19
4442,Randall Hayes,elizabethgriffin@example.com,Brazil,2022-11-18,Premium,15.68
4443,Catherine Campbell,rpeck@example.com,Brazil,2023-02-18,Basic,42.38
4444,Nancy Burnett,martinezwillie@example.org,Canada,2025-02-17,Premium,48.26
4445,Antonio Mitchell,timothyharrison@example.org,United States,2026-01-20,Standard,455.17
4446,Laura Mclaughlin,patricia94@example.net,India,2020-03-01,Standard,45.13
4447,Casey Byrd,umosley@example.org,Australia,2021-04-29,Standard,131.03
4448,Kevin Cooper,kristin71@example.org,Japan,2025-09-28,Premium,154.42
4449,Marcus Moody,conradkimberly@example.com,Australia,2026-08-01,Standard,172.86
4450,Victoria Henry,yturner@example.org,France,2021-03-13,Standard,54.66
4451,Ruth Fry,msanders@example.org,Japan,2021-05-11,Premium,43.37
4452,Amy Campbell,joshuacrawford@example.net,United States,2023-10-03,Standard,79.62
4453,Victor Barron,matthew34@example.com,France,2023-11-15,Basic,91.19
4454,Tina Alvarado MD,sandra21@example.com,Japan,2022-10-09,Basic,77.04
4455,Anthony Hoover,wlyons@example.com,Netherlands,2025-05-26,Standard,227.09
4456,Jason Robbins,katherine49@example.org,Canada,2025-04-23,Standard,39.50
4457,Melanie Hansen,james71@example.com,Japan,2026-03-14,Premium,63.61
4458,Courtney Hawkins,claytonrobbins@example.com,United Kingdom,2020-05-21,Standard,10.20
4459,Mary Fisher,osbornechristina@example.org,Australia,2024-05-05,Premium,92.64
4460,Richard Arnold,debbie01@example.org,Australia,2022-08-31,Standard,108.35
4461,Christopher Mitchell,davismike@example.org,Japan,2024-11-07,Standard,20.68
4462,Michelle Shepard,carrjames@example.net,United Kingdom,2021-02-23,Basic,51.40
4463,Aaron Caldwell,lsanchez@example.org,India,2024-03-04,Standard,17.38
4464,Matthew Crane,amyfields@example.net,Japan,2021-01-23,Premium,117.45
4465,Nicole Gutierrez,allisoncampbell@example.com,Netherlands,2024-06-10,Basic,54.94
4466,Shirley Brock,preynolds@example.net,Australia,2020-01-09,Standard,44.17
4467,Edward Newton,stephenskerry@example.net,France,2026-07-30,Standard,82.51
4468,Robert Parker,egraham@example.com,India,2022-09-27,Premium,54.15
4469,Pamela Gill,scottdeborah@example.org,Japan,2023-05-30,Premium,14.67
4470,Erin Davis,crussell@example.net,Canada,2021-08-12,Standard,11.70
4471,Caroline Price,twallace@example.com,Australia,2022-04-24,Premium,125.88
4472,Leonard Mcgrath,talvarado@example.com,United Kingdom,2021-06-13,Standard,11.55
4473,Matthew Gonzalez,john55@example.com,France,2022-10-26,Basic,43.27
4474,Sarah Mcmillan,alejandro26@example.net,United Kingdom,2021-07-05,Standard,26.86
4475,Michael Morton,ladams@example.com,Canada,2020-02-10,Standard,58.62
4476,Charles Harrington,benjamindavid@example.net,United States,2020-11-28,Standard,34.13
4477,Maria Adams,johnbarton@example.net,Japan,2021-07-25,Premium,268.29
4478,David Mann,dtaylor@example.org,Australia,2021-02-12,Basic,79.96
4479,Katherine Turner,brian61@example.org,Canada,2022-01-18,Standard,62.20
4480,Erin Cruz,tyler30@example.com,India,2023-08-08,Basic,74.75
4481,Sydney Pollard,emma76@example.net,Japan,2024-11-06,Premium,91.13
4482,Stephen Rogers,jshaw@example.net,India,2023-01-25,Basic,53.59
4483,Debbie Scott,sabrinawalsh@example.com,India,2025-09-14,Basic,53.25
4484,Jacob Rodriguez,jason63@example.org,United States,2021-10-04,Premium,40.82
4485,Antonio Hernandez,qkelly@example.com,Brazil,2024-06-23,Basic,357.61
4486,Jacob Williams,dramos@example.net,Australia,2024-01-31,Basic,30.79
4487,Hannah Raymond,christopher91@example.net,Australia,2020-04-09,Standard,40.57
4488,Danny Koch,ballardrobert@example.net,United Kingdom,2024-07-10,Basic,36.25
4489,Sandra Mckinney,brandon14@example.org,Canada,2025-10-25,Basic,29.20
4490,Charlotte Burns DDS,anolan@example.net,Australia,2021-07-11,Standard,106.00
4491,April Williams,chandavid@example.org,United Kingdom,2020-05-13,Standard,38.54
4492,Cameron Miller,doyletravis@example.org,India,2021-06-09,Basic,27.57
4493,Kyle Cook,michael49@example.com,Japan,2023-11-10,Standard,65.42
4494,Jessica Bernard,thomaswarner@example.com,Australia,2020-06-12,Premium,65.08
4495,Sean Burton,jason83@example.org,Netherlands,2021-07-26,Standard,150.07
4496,Daniel Patterson,vdennis@example.net,India,2025-06-20,Standard,63.26
4497,Joshua Bryant,larsoneric@example.org,Netherlands,2024-05-09,Standard,24.36
4498,Jeremy Levy,linda37@example.org,Australia,2024-09-21,Standard,85.84
4499,Douglas Marsh,bradleysanchez@example.net,Brazil,2021-08-17,Standard,34.92
4500,Casey Harris,robertjenkins@example.com,France,2021-07-19,Premium,97.96
4501,Jennifer Thomas,strongtammy@example.com,United States,2020-06-12,Basic,71.71
4502,Todd Shannon,vnguyen@example.org,Netherlands,2021-12-03,Basic,43.75
4503,Jesse Edwards,richardsnow@example.net,Japan,2024-08-20,Premium,20.74
4504,Sylvia Leblanc,smithsusan@example.net,Germany,2021-01-02,Basic,33.35
4505,Tyler Barton,lwilliams@example.org,Australia,2020-10-04,Standard,35.33
4506,Michael Harris,christophermills@example.com,India,2020-08-03,Premium,11.52
4507,Crystal Horton,teresadiaz@example.org,Germany,2020-10-10,Basic,50.25
4508,Morgan Haynes,alvingrimes@example.com,India,2022-05-27,Standard,39.67
4509,Stephanie Perkins,pittsrobert@example.com,Japan,2021-07-31,Basic,147.38
4510,Charles Thompson,dustinrodriguez@example.net,Netherlands,2021-12-16,Standard,185.42
4511,Erin Rodriguez,robert85@example.net,United States,2022-04-15,Basic,44.86
4512,Marissa Brown,thomasaustin@example.org,United States,2022-06-26,Basic,28.92
4513,Daniel Mitchell,amy05@example.org,United States,2020-03-08,Premium,49.08
4514,Abigail Olson,jennifer36@example.org,Germany,2023-01-14,Basic,29.13
4515,April Weiss,holly37@example.net,Japan,2022-11-06,Premium,64.33
4516,Amanda Lucas,david43@example.com,France,2022-08-20,Premium,33.42
4517,Antonio Fuentes,hartmanalex@example.net,India,2026-08-11,Standard,63.92
4518,Sandra Walker,jane92@example.net,Australia,2020-01-04,Basic,69.31
4519,Anna May,samanthaburton@example.net,Germany,2024-12-17,Basic,94.71
4520,Jaime Gomez,oscar17@example.com,United States,2021-03-13,Standard,41.09
4521,Cynthia Gallagher,snyderjodi@example.net,Canada,2021-05-04,Premium,41.37
4522,Roger Miller,pollardgina@example.net,Australia,2022-12-07,Standard,45.89
4523,Matthew Freeman,jobrien@example.org,Canada,2024-03-18,Standard,16.77
4524,Mr. Micheal Scott V,wandabennett@example.net,France,2021-08-01,Standard,87.56
4525,Willie Kelly,tbell@example.net,Japan,2022-11-24,Premium,36.78
4526,Isabella Smith,tiffanycook@example.org,India,2020-10-16,Basic,58.95
4527,Dean White,yphelps@example.com,Germany,2022-09-22,Premium,78.33
4528,Matthew Griffith,harrisonnicole@example.com,Germany,2026-07-20,Standard,90.56
4529,Peter Spence,qrodriguez@example.org,France,2021-09-10,Basic,55.55
4530,Kayla Grimes,efrench@example.org,Japan,2026-07-06,Standard,25.81
4531,Aaron Banks,johnsoncatherine@example.org,Japan,2020-09-29,Standard,49.63
4532,Amber Brennan,megan08@example.org,Brazil,2023-06-07,Standard,141.00
4532,Allison Sanchez,mcdanielkatelyn@example.net,Netherlands,2020-08-24,Standard,80.66
4533,Haley Anthony,victorsullivan@example.org,United Kingdom,2021-04-12,Premium,76.18
4534,Angela Lambert,fmarshall@example.com,Netherlands,2022-05-04,Basic,44.46
4535,Tyler Garcia,yanderson@example.net,United States,2021-01-22,Standard,239.84
4536,Victor Cole,ronald96@example.com,Brazil,2025-04-16,Basic,42.77
4537,Melissa Mooney,suzanne56@example.net,France,2021-09-06,Standard,55.85
4538,Isabella Allen,edwardgomez@example.org,India,2024-11-08,Basic,56.53
4539,Lisa Bell,urobles@example.net,Germany,2020-08-27,Basic,44.20
4540,Sherry Sharp,crawforddaniel@example.com,United States,2020-06-21,Standard,78.45
4541,Kristen Simon,mfowler@example.com,Brazil,2021-02-10,Premium,43.51
4542,William Porter,qacosta@example.net,Germany,2021-02-17,Standard,48.94
4543,Theresa Pena,nathanielmercer@example.net,Germany,2021-01-10,Standard,53.90
4544,Leslie Walton,javier35@example.com,France,2024-06-04,Premium,38.13
4545,Amy James,michaelmejia@example.org,United Kingdom,2026-06-14,Standard,121.21
4546,John Ray,ronald91@example.org,Brazil,2022-06-02,Premium,90.23
4547,David Johnson,khayden@example.org,Netherlands,2021-11-13,Premium,30.62
4548,Frank Long,sanchezangela@example.net,Australia,2020-09-27,Standard,33.71
4549,David Cameron,zacharyrojas@example.com,United Kingdom,2020-12-18,Standard,51.81
4550,Destiny Dunn,rodneyjackson@example.org,France,2026-01-21,Standard,92.25
4551,Justin Powell,gking@example.org,France,2025-07-07,Standard,55.33
4552,William Owen,kellyrichardson@example.com,Australia,2022-01-24,Basic,71.77
4553,Jeffrey Bullock,bethmiller@example.net,Germany,2022-11-13,Standard,40.96
4554,Roberta Gonzales,mcguireashley@example.com,Brazil,2021-04-17,Basic,83.87
4555,Misty Norman,stewarttammy@example.net,United States,2021-04-24,Standard,59.38
4556,Christine Davidson,ellisjames@example.org,France,2022-11-29,Standard,119.43
4557,Michael Simpson,michaelshaw@example.net,Netherlands,2025-10-03,Premium,75.82
4558,Malik Robertson,vincentdonald@example.com,Australia,2024-02-14,Standard,111.57
4559,Harold Butler,oscarmiles@example.com,Japan,2023-06-14,Premium,68.61
4560,Stacy Gibbs,james91@example.com,Canada,2021-12-18,Premium,37.61
4561,Kenneth Nelson,drakeamanda@example.com,Brazil,2024-10-14,Basic,49.47
4562,Elijah Hodge,joseph10@example.net,United States,2020-03-25,Basic,145.07
4563,Kevin Wilson,mgreen@example.com,India,2021-07-25,Basic,66.47
4564,Sherry Mendez,rodriguezalicia@example.org,Brazil,2024-01-02,Premium,70.71
4565,Jacqueline Maddox,lewiseric@example.net,United Kingdom,2026-04-06,Basic,24.78
4566,Brandon Moran,jason48@example.net,Netherlands,2021-11-21,Standard,20.57
4567,Marvin Harrell,wyattkevin@example.com,India,2023-01-14,Standard,77.54
4568,Eric Everett,rmitchell@example.org,Brazil,2022-02-11,Standard,97.45
4569,Sandra Peterson,justin20@example.org,Japan,2021-04-01,Standard,42.69
4570,Laura Smith,laura92@example.org,Brazil,2026-04-23,Basic,43.63
4571,James Gentry,potterjohn@example.com,United States,2020-01-12,Basic,44.36
4572,Matthew Butler,marissa47@example.net,Brazil,2024-06-19,Standard,40.80
4573,Kenneth Ayala,sarafox@example.org,Brazil,2021-03-30,Standard,14.42
4574,Phillip Miller,myersmatthew@example.org,India,2025-07-02,Basic,42.04
4575,Katherine Ross,aaronjackson@example.com,Japan,2025-12-24,Standard,46.82
4576,Matthew Miller,mrobertson@example.com,Japan,2025-03-06,Standard,23.24
4577,James Simon,joseph33@example.net,France,2021-12-06,Standard,41.68
4578,Andrea Conway,taylormatthew@example.net,Netherlands,2021-05-25,Premium,68.97
4579,Monica Dunn,andrea79@example.org,Germany,2020-03-14,Premium,60.11
4580,Carolyn Olsen,padillagregory@example.com,Australia,2023-05-11,Standard,89.89
4581,Kevin Lawson,daycurtis@example.com,Australia,2025-05-29,Standard,107.02
4582,Jose Cox,robertsjustin@example.org,France,2020-08-12,Standard,113.43
4583,Diane Jackson,lvalenzuela@example.org,United States,2023-10-27,Basic,45.96
4584,Jerry Wu,eric12@example.net,United Kingdom,2024-10-17,Premium,181.17
4585,Eric Montgomery,brettbarrera@example.net,France,2020-09-06,Basic,31.75
4586,Melissa Thomas,npowell@example.com,Canada,2023-01-26,Standard,63.63
4587,Joyce Barnett,sheilagreene@example.org,France,2024-12-21,Standard,54.62
4588,Laura Ferrell,gentrylarry@example.com,India,2022-04-02,Basic,64.29
4589,Stephanie Garcia,james21@example.net,Canada,2025-11-27,Premium,42.63
4590,James Rich,holmesnicole@example.org,Germany,2020-12-07,Standard,21.61
4591,Taylor Dudley,paigeyoung@example.org,France,2024-11-15,Basic,115.12
4592,Jennifer Bender,dylanbarber@example.net,Brazil,2021-12-20,Standard,93.74
4593,Mrs. Whitney Edwards DVM,obass@example.org,France,2021-11-18,Standard,18.86
4594,Robin Wells,erik86@example.com,Germany,2022-06-07,Premium,32.88
4595,Willie Peck,collinsdennis@example.net,France,2023-05-26,Standard,124.46
4596,John Williams,bbowman@example.net,India,2024-05-19,Basic,106.08
4597,Matthew White,itucker@example.org,Japan,2025-10-18,Premium,74.43
4598,Melissa Khan,megan00@example.org,France,2023-12-03,Standard,90.21
4599,Tracy Thomas,melissa09@example.net,United States,2023-01-10,Basic,56.36
4600,Jeffrey Roberts,ibrock@example.com,Brazil,2023-02-10,Standard,38.51
4601,Christine Thompson,kimlisa@example.net,Brazil,2025-08-14,Basic,92.50
4602,Lauren Flores,wgoodwin@example.net,Brazil,2024-01-22,Standard,86.85
4603,Timothy Ray,jeffreysandoval@example.net,Canada,2021-09-28,Standard,53.84
4604,Roy Dunn,qwong@example.net,United States,2026-03-03,Basic,89.67
4605,Denise Curtis,eblack@example.net,Canada,2025-05-26,Basic,42.47
4606,Joseph Guzman,michaelsloan@example.net,Canada,2026-02-05,Basic,49.74
4607,Leslie Craig,chadmiller@example.com,United States,2025-08-05,Standard,36.21
4608,Hannah Briggs,lucasedwards@example.com,Japan,2025-05-11,Standard,77.52
4609,Tamara Barrera,simpsonnicholas@example.net,Japan,2024-09-01,Standard,64.08
4610,Gregory Gray,donna99@example.com,France,2020-06-18,Standard,54.02
4611,Cynthia Michael,abush@example.org,India,2022-07-18,Basic,17.70
4612,Dawn Ramirez,rhonda51@example.net,France,2023-07-05,Standard,116.03
4613,Gabrielle Gonzalez,joshua22@example.com,United Kingdom,2025-03-18,Basic,20.53
4614,Edward Perkins,jeannewton@example.net,Australia,2026-08-14,Standard,64.44
4615,Sydney Johnson,donnagomez@example.net,United Kingdom,2026-02-17,Premium,20.01
4616,Vanessa Roman,vjimenez@example.org,United States,2021-01-16,Standard,70.30
4617,Alexandra Castaneda,wperez@example.com,India,2025-04-12,Standard,64.00
4618,Susan Taylor,kingtravis@example.com,Australia,2024-03-16,Premium,47.45
4619,Tina Kaiser,dennis78@example.com,United States,2020-10-05,Premium,35.00
4620,Roger Rodriguez,nicolemckenzie@example.org,United Kingdom,2023-06-01,Standard,42.83
4621,Martha Hudson,alexanderolivia@example.net,United States,2023-07-20,Standard,56.15
4622,Michael Curry,michaelvalencia@example.net,United Kingdom,2022-08-15,Standard,64.81
4623,Evan Perkins,stephaniewilson@example.org,Brazil,2023-03-07,Standard,97.05
4624,Scott Vance,,India,2020-11-02,Premium,140.35
4625,William Hurst,chadtorres@example.org,Canada,2020-03-11,Standard,108.12
4626,Kathy Martin MD,,France,2024-01-03,Premium,44.11
4627,Megan Johnson,vdennis@example.net,Australia,2025-07-21,Standard,38.86
4628,Dana Butler,lisapatel@example.net,India,2021-09-20,Basic,22.93
4629,Christian Jones,jennifer00@example.org,France,2023-04-18,Basic,57.77
4630,Dennis Henderson,andrew17@example.org,Canada,2021-02-11,Standard,57.91
4631,Ricky Lee,ewalters@example.net,France,2021-08-17,Basic,60.21
4632,Sarah Clark,campbellcatherine@example.com,France,2026-08-11,Basic,10.59
4633,Jon Lewis,sydneyramirez@example.net,United Kingdom,2022-04-14,Premium,81.61
4634,Austin Williams,kristopheranderson@example.org,Japan,2021-06-29,Premium,65.11
4635,Eduardo Gonzalez,phillipsrandall@example.org,France,2024-09-22,Standard,85.58
4636,Eric Williams,matthewcook@example.net,United Kingdom,2020-06-30,Standard,156.85
4637,Meghan Carlson,jwolf@example.net,Germany,2024-07-19,Premium,16.10
4638,James Norman,rodney72@example.net,United Kingdom,2026-02-16,Premium,28.71
4639,Nicolas Hardin,despinoza@example.com,Canada,2023-01-24,Premium,38.53
4640,Richard Obrien,robinsontimothy@example.net,France,2023-06-19,Standard,159.39
4641,Mark Martin,patelaudrey@example.net,United Kingdom,2026-05-06,Basic,21.98
4642,Kevin Flores,william30@example.com,Germany,2025-05-04,Standard,129.25
4643,Rachel Clayton,znoble@example.org,India,2020-11-13,Standard,30.41
4644,Vernon Riley,juanryan@example.net,Japan,2026-01-20,Premium,63.05
4645,Mark Pope,umaxwell@example.net,Germany,2023-05-19,Basic,103.21
4646,Susan Rodriguez,nancy58@example.com,Brazil,2025-03-26,Standard,73.01
4647,Douglas Torres,john62@example.org,Australia,2021-08-24,Basic,90.59
4648,Justin King,katiesilva@example.com,India,2022-03-14,Basic,27.32
4649,Alejandra Rowland,uperez@example.com,Germany,2020-02-23,Basic,125.13
4650,Justin Ramirez,estuart@example.com,Brazil,2026-02-08,Basic,32.14
4651,Michelle Campos,mcdanielmichael@example.net,Germany,2023-03-06,Standard,84.07
4652,Megan Bryant,joseph07@example.net,France,2024-09-09,Premium,46.77
4653,Rebecca Farmer,dawnmerritt@example.org,United Kingdom,2020-11-22,Basic,119.24
4654,Alexa Ramirez,yangstanley@example.org,United States,2021-12-15,Standard,33.04
4655,Brian Wallace,troy11@example.org,France,2025-11-25,Basic,39.43
4656,Stephen Cisneros,amedina@example.com,Netherlands,2020-08-01,Standard,96.66
4657,Dawn Hill,andrea67@example.org,India,2025-01-28,Premium,48.43
4658,Tonya Brown,smartinez@example.com,Brazil,2024-08-09,Standard,54.45
4659,Alan Wilson,anna67@example.org,United States,2024-04-29,Basic,103.23
4660,Gabriel Frank,aowens@example.org,United States,2023-09-02,Standard,26.76
4661,Eric Bennett,donna30@example.com,India,2023-10-04,Standard,17.51
4662,Mary Scott,kbarton@example.net,United Kingdom,2021-12-09,Basic,78.93
4663,Tyler Palmer,fischerdanielle@example.org,Brazil,2025-12-10,Premium,67.05
4664,Kathryn Lawrence,langscott@example.net,United States,2025-09-08,Standard,45.60
4665,Alex Wyatt,joseskinner@example.org,Netherlands,2023-03-16,Standard,37.34
4666,Jorge Saunders,garciasarah@example.org,Canada,2025-01-10,Standard,59.59
4667,Melissa Ochoa,john31@example.com,United States,2026-08-13,Standard,31.34
4668,Bobby Montoya,hicksdavid@example.com,India,2025-06-28,Premium,76.25
4669,Nicholas Moore,smithjoseph@example.com,Japan,2023-09-15,Basic,140.41
4670,Robert Ponce,eshaffer@example.com,Germany,2020-12-04,Basic,12.14
4671,Megan Harris,jason25@example.org,Netherlands,2023-01-19,Standard,25.32
4672,Kevin Mora,underwoodjonathan@example.net,Germany,2024-07-07,Standard,70.47
4673,David Morales MD,bowmananthony@example.org,Germany,2021-02-27,Standard,103.46
4674,William Parker,bowersmichael@example.org,Germany,2020-04-03,Standard,17.55
4675,Theresa Goodman,deborahcoleman@example.com,India,2024-04-28,Basic,61.90
4676,Reginald Wilson,lisa84@example.net,Brazil,2024-10-18,Basic,82.51
4677,Lisa Baldwin,rrodriguez@example.com,Australia,2026-08-10,Premium,28.96
4678,Donald Wilcox,joseph26@example.net,India,2020-12-21,Premium,161.11
4679,Cameron Davidson,jason58@example.org,Japan,2026-08-09,Standard,57.81
4680,Sarah Collins,brian14@example.net,United States,2020-07-23,Standard,19.64
4681,Jacob Hall,whitejames@example.org,Germany,2022-06-19,Standard,24.61
4682,Joseph Rogers,william35@example.net,France,2022-06-03,Standard,66.41
4683,Anita Parks,fstewart@example.net,Brazil,2026-06-27,Basic,145.63
4684,Samantha Barr,xstokes@example.com,Germany,2020-02-20,Premium,30.86
4685,Mr. Theodore Cunningham,henry77@example.com,Germany,2021-01-20,Basic,61.97
4686,Robert Williams,laura30@example.com,United States,2023-10-08,Basic,29.16
4687,Jeanette Payne,hughesamanda@example.net,Australia,2020-05-15,Standard,53.63
4688,Rebekah Crawford,susanpowers@example.com,United States,2025-03-01,Basic,90.50
4689,Matthew Roberts,kristenochoa@example.net,United States,2020-04-12,Standard,172.57
4690,Stephen King,gsmith@example.org,India,2023-05-17,Standard,29.54
4691,Heather Gonzalez,xmoore@example.com,Brazil,2021-12-07,Basic,27.82
4692,Roy Mendez,wwilliams@example.com,Japan,2020-11-09,Premium,47.98
4693,Jeremiah Thomas,donaldchen@example.com,India,2023-11-20,Standard,130.41
4694,Elizabeth Martinez,michaelhurley@example.org,Brazil,2021-07-11,Premium,37.82
4695,Matthew Hall,nayala@example.org,Brazil,2025-03-17,Premium,177.51
4696,Derek Moore,john98@example.net,Germany,2024-07-01,Standard,38.41
4697,Kathryn Lozano,eric36@example.org,Germany,2023-05-18,Standard,17.83
4698,Nicole Gomez,vswanson@example.com,Japan,2024-08-18,Standard,66.14
4699,Corey Rodriguez,megan81@example.org,India,2021-08-31,Premium,52.28
4700,Darryl Horn,erin27@example.net,Australia,2021-12-02,Premium,64.10
4701,Jennifer Wade,rachel23@example.net,Australia,2025-11-21,Basic,198.82
4702,Debra Johnson,thomasgarcia@example.com,Germany,2021-11-05,Standard,44.24
4703,Annette Martin,tiffany46@example.com,Japan,2023-08-08,Premium,196.99
4704,Hayley Pace,fhall@example.org,Japan,2024-04-30,Standard,103.68
4705,Matthew Shelton,amandamorrison@example.org,Netherlands,2026-02-05,Premium,87.88
4706,Jessica Velazquez,briana28@example.net,Netherlands,2024-11-22,Premium,59.69
4707,Mario Flores,yhenry@example.com,Japan,2024-08-27,Basic,28.47
4708,Brandi Alexander,jay37@example.org,Brazil,2022-05-10,Standard,135.41
4709,Roger Cooper,cathycarrillo@example.net,United Kingdom,2021-03-20,Standard,30.53
4710,Christopher Scott,smithnicolas@example.com,United States,2023-10-04,Standard,81.93
4711,Janet Tyler,stephanie86@example.net,Australia,2022-06-28,Standard,54.18
4712,Karen Rodriguez,jay71@example.com,Australia,2023-07-17,Basic,135.83
4713,Ana Chavez,kellyadam@example.net,United Kingdom,2024-10-30,Standard,35.75
4714,Marcus Skinner,ortegaashley@example.com,United States,2021-12-18,Standard,26.41
4715,Miss Virginia Small,ocole@example.org,Japan,2023-03-14,Standard,38.36
4716,William Moore,shelly48@example.com,Japan,2021-09-11,Standard,115.33
4717,Stephanie Johnson,xsantiago@example.net,Japan,2026-02-15,Basic,42.73
4718,Kaitlyn Thompson,robertmoran@example.org,France,2022-05-02,Basic,36.02
4719,Sarah Cantrell,kmiller@example.org,France,2025-02-12,Standard,74.01
4720,Andrew Young,hector95@example.net,France,2022-11-16,Standard,39.91
4721,Julie Bell,hesslisa@example.net,Canada,2022-08-02,Standard,40.58
4722,Christopher Smith,yward@example.net,Brazil,2023-12-12,Basic,98.33
4723,Austin Rogers,bauermichelle@example.net,Netherlands,2026-02-20,Premium,120.76
4724,Tasha Williams,stephanienavarro@example.org,Netherlands,2025-07-15,Premium,32.89
4725,Kari Peterson,wsnyder@example.net,Germany,2022-02-14,Premium,17.46
4726,Anne Rogers,stefanie09@example.com,Canada,2025-10-08,Standard,54.39
4727,Marco Byrd,christine72@example.org,United Kingdom,2025-10-09,Standard,53.03
4728,Thomas Roberts,seanshaw@example.com,United States,2021-10-13,Standard,144.89
4729,Debra Bates,benjaminmcguire@example.org,Brazil,2022-09-17,Basic,64.25
4730,John Hughes,fleminghaley@example.com,India,2023-04-17,Standard,128.44
4731,Sue Rodriguez,sarahjacobs@example.org,United Kingdom,2022-02-13,Standard,124.04
4732,Meghan Powers,ccole@example.com,Canada,2026-03-09,Standard,91.61
4733,Theresa Patel,velliott@example.net,France,2024-10-19,Standard,54.31
4734,Matthew Pineda,enelson@example.org,Netherlands,2021-05-24,Basic,70.84
4735,Kathy Weber,bdavidson@example.com,United States,2023-12-30,Standard,78.69
4736,Anthony Rasmussen,umedina@example.org,Japan,2022-12-29,Standard,51.79
4737,Daniel Bridges,,Netherlands,2020-09-13,Standard,30.51
4738,Kelly Thomas,wyang@example.net,Brazil,2026-02-15,Premium,75.23
4739,Aaron Williams,tina78@example.org,Canada,2024-07-03,Standard,62.22
4740,Jacqueline Hartman,pauljones@example.net,Australia,2020-07-27,Premium,88.80
4741,Anthony Arellano,valerieyoder@example.net,Japan,2021-06-07,Premium,43.57
4742,Daniel Peterson,elizabethfry@example.org,India,2023-09-05,Basic,135.30
4743,Wanda Zhang,xwilson@example.com,India,2021-04-20,Premium,49.01
4744,Judith Hunter,melissasmith@example.net,Australia,2021-08-31,Standard,34.29
4745,Eric Peterson,kristin15@example.org,United States,2025-12-16,Basic,96.95
4746,Misty Smith,ajames@example.net,Australia,2022-08-04,Basic,60.24
4747,Amber Mckay,sabrina83@example.com,France,2025-05-23,Standard,28.74
4748,Vanessa Underwood,harrisrenee@example.org,United Kingdom,2025-05-06,Standard,68.88
4749,Erica Oconnor,mmorgan@example.org,United Kingdom,2026-04-04,Standard,101.27
4750,Rose Johnson,christina97@example.net,Japan,2025-04-13,Basic,27.37
4751,Dominic Bennett,bsolis@example.org,Japan,2025-01-12,Basic,57.90
4752,Rachel Quinn MD,kristin37@example.org,Netherlands,2020-07-27,Basic,38.04
4753,Jeffrey Keller,sbraun@example.org,United Kingdom,2023-04-22,Premium,25.95
4754,Shaun Knox,sallen@example.com,Australia,2020-05-10,Standard,139.15
4755,Nancy Scott,zzimmerman@example.com,Canada,2023-08-04,Standard,24.90
4756,Donna Ryan,martha66@example.org,Germany,2025-03-25,Premium,46.53
4757,Isaiah Hall Jr.,rparker@example.org,Australia,2022-11-01,Premium,56.57
4758,Jason Fletcher,swansoncassandra@example.net,Germany,2025-01-27,Basic,75.15
4759,Laura Richards,christophermartin@example.org,Canada,2025-10-23,Premium,24.13
4760,Michael Martinez,davidhart@example.org,India,2024-03-08,Standard,63.30
4761,Jorge Leblanc,dorothysmith@example.net,France,2025-09-14,Basic,37.21
4762,Mary Rodriguez,robert71@example.com,Brazil,2021-07-16,Standard,112.59
4763,Ethan Kelley,ysantos@example.com,Canada,2022-01-02,Premium,73.80
4764,Nancy Wood,barbaramcclain@example.com,United Kingdom,2024-01-20,Basic,49.78
4765,Nicole Ross,yvasquez@example.net,Canada,2025-05-09,Standard,88.09
4766,Karen Long,lisa66@example.com,United Kingdom,2023-03-22,Standard,93.15
4767,Jeffrey Rivera,david85@example.net,United Kingdom,2020-11-19,Standard,27.94
4768,Kenneth Medina,sara17@example.com,India,2021-03-05,Standard,83.45
4769,Whitney Mcdonald,lmoreno@example.net,United Kingdom,2020-06-29,Standard,112.88
4770,Michael Spencer,joy22@example.org,Germany,2021-05-08,Premium,102.21
4771,Julie Shelton,perrycatherine@example.net,Brazil,2025-05-28,Standard,236.11
4772,Robert Taylor,rglover@example.org,Japan,2023-06-16,Basic,46.07
4773,Danielle Mcbride,bvalencia@example.org,United States,2021-03-19,Standard,87.31
4774,Cheryl Knight,scottbrian@example.org,Australia,2026-06-21,Standard,89.15
4775,Brian Melton,johnsmith@example.org,India,2025-10-27,Standard,69.88
4776,Erica Mills,elizabeth65@example.com,Australia,2022-12-06,Premium,29.44
4777,Ashley Jones,nathan45@example.org,Japan,2022-07-27,Standard,55.18
4778,Michael Mills,robertellis@example.com,Netherlands,2022-11-22,Standard,100.13
4779,Jonathan Marquez,charles79@example.net,Australia,2024-10-28,Standard,17.31
4780,Suzanne Reynolds,douglasmark@example.com,Australia,2023-12-30,Basic,70.18
4781,Laura Page,dianeharris@example.net,Japan,2022-07-12,Standard,66.24
4782,Tammy Murphy,ebeck@example.com,United Kingdom,2021-03-22,Premium,60.98
4783,Nicole Kaiser,smckee@example.org,France,2022-12-06,Premium,28.87
4784,John Padilla,banderson@example.net,Germany,2022-03-27,Standard,113.83
4785,Diane Reynolds,brittanylong@example.net,Canada,2022-09-04,Standard,35.85
4786,John Acosta,mary79@example.com,Canada,2024-07-31,Standard,38.61
4787,Tara Sweeney,davisnatalie@example.org,India,2025-03-26,Standard,23.22
4788,Nathan Lowe,lawsonbrian@example.net,United Kingdom,2020-11-23,Basic,52.04
4789,Brian Anderson,marylopez@example.net,Germany,2025-04-04,Standard,64.18
4790,Guy Hogan,dana90@example.net,Canada,2021-12-24,Premium,59.96
4791,Michael Hernandez,margaretochoa@example.net,United Kingdom,2023-02-09,Standard,142.69
4792,Cynthia Lewis,myersronald@example.org,India,2024-08-21,Standard,111.54
4793,Janet Morris,benjamin24@example.org,United States,2022-06-25,Premium,244.88
4794,Emily Blackburn,bestalexis@example.org,Netherlands,2021-06-18,Premium,165.97
4795,Douglas Evans,cameron42@example.org,Australia,2021-04-13,Standard,119.52
4796,Nichole Lewis,brandon45@example.org,France,2026-06-25,Basic,41.33
4797,Sonia Franklin,shellyrobertson@example.net,France,2020-02-24,Premium,157.71
4798,Timothy Harris,qjohnson@example.com,United Kingdom,2025-08-22,Standard,76.24
4799,Justin Young,solomonalexander@example.com,India,2025-08-06,Standard,83.66
4800,Marvin Burns,jacqueline32@example.com,Brazil,2020-08-07,Standard,38.87
4801,Jeremy Alvarez,matthew76@example.org,France,2021-01-19,Standard,132.55
4802,Timothy White,matthewcollins@example.org,Brazil,2025-07-13,Basic,28.76
4803,Danielle Robinson,gsullivan@example.com,United Kingdom,2024-02-24,Premium,153.90
4804,Charles Jones,catherinewhite@example.net,Japan,2024-04-19,Standard,110.99
4805,Courtney Wright,peckcorey@example.com,France,2024-03-18,Basic,20.35
4806,Lisa Mcclure,kimthomas@example.net,Japan,2021-11-16,Standard,139.78
4807,Michael Collier,patriciaburnett@example.com,France,2025-11-08,Premium,19.16
4808,Connie Ellison,guerracarrie@example.net,Brazil,2023-11-12,Basic,91.60
4809,Michael Cox,hernandezscott@example.net,United States,2026-06-30,Basic,43.43
4810,Angela Stevenson,fcontreras@example.com,Netherlands,2026-05-01,Premium,35.15
4811,Timothy Myers,lshepard@example.org,United States,2022-01-24,Premium,39.57
4812,David Long,carly00@example.net,Brazil,2024-12-05,Basic,22.84
4813,Nicole Elliott,philiproberts@example.org,Australia,2024-03-15,Premium,32.24
4814,Philip Leblanc,qchapman@example.org,Germany,2022-10-10,Standard,48.06
4815,Steve Alexander,welchsteven@example.org,Netherlands,2021-05-03,Basic,57.17
4816,Katie Khan,luismurray@example.org,Germany,2021-01-11,Standard,59.20
4817,Mr. Thomas Lopez,udorsey@example.net,Australia,2024-08-14,Standard,22.59
4818,Anthony Henderson,jeffery00@example.net,Netherlands,2022-06-24,Premium,85.67
4819,Karen Griffin,matthewsimon@example.com,Brazil,2020-07-20,Standard,90.60
4820,Christopher Barrett,justin58@example.com,Brazil,2023-10-24,Basic,72.54
4821,Jason Robinson,ppena@example.com,Japan,2025-11-09,Basic,69.72
4822,Valerie Santiago,jenniferwilkins@example.com,Canada,2025-04-22,Basic,67.24
4823,Nancy Cook,shawna15@example.com,India,2025-03-21,Premium,26.72
4824,Nicole Roth,nedwards@example.com,Netherlands,2026-02-09,Standard,44.68
4825,Heather Montoya,daniel76@example.net,United Kingdom,2024-11-02,Basic,102.99
4826,Richard Davidson,robin65@example.com,Japan,2024-05-06,Basic,91.82
4827,Keith Foster,janicewest@example.com,France,2025-08-29,Basic,19.87
4828,Catherine Clay,zachary21@example.org,United Kingdom,2025-10-11,Standard,21.80
4829,Kevin Richardson,christopher45@example.com,Netherlands,2021-08-09,Premium,77.17
4830,Andrew Jones,shawnanderson@example.com,Australia,2026-08-10,Standard,76.71
4831,Ryan Williams,shariparker@example.org,Australia,2023-08-16,Standard,70.87
4832,Brenda Smith,walkertommy@example.org,Germany,2026-05-07,Basic,46.87
4833,Megan Obrien,michaeltodd@example.com,United States,2022-02-15,Basic,56.85
4834,Megan Raymond,catherinewood@example.org,India,2021-02-27,Standard,28.28
4835,Robert Rhodes,ashley28@example.com,Japan,2023-12-14,Basic,160.26
4836,Christy Lutz,james08@example.com,Brazil,2026-06-26,Standard,30.29
4837,Amber Rowland,karen67@example.net,United Kingdom,2022-01-30,Standard,52.18
4838,Eric Hoffman,lanceross@example.com,Australia,2025-02-09,Standard,55.83
4839,Madeline Clark,anoble@example.net,Brazil,2023-09-26,Basic,60.13
4840,Nicholas Moreno,rwagner@example.net,Netherlands,2020-02-03,Standard,91.54
4841,Rebecca Bennett,beth56@example.org,United States,2022-10-13,Premium,30.12
4842,Nicholas Moore,jasongentry@example.org,India,2021-05-13,Premium,52.21
4843,Sally Obrien,crystaltorres@example.com,Brazil,2025-03-05,Basic,60.80
4844,Christopher Norman,thomasbrown@example.net,Australia,2026-01-22,Standard,68.79
4845,Brian Gomez,jonking@example.com,Australia,2022-11-15,Standard,47.92
4846,James Palmer,carol61@example.net,Australia,2023-07-06,Standard,27.31
4847,Melissa Sosa,waynedunn@example.net,Australia,2025-07-13,Basic,25.24
4848,Nicole Frazier,josephking@example.com,Netherlands,2026-07-03,Standard,31.69
4849,Robert Hall,christopher69@example.net,India,2025-09-24,Standard,92.84
4850,Cynthia Garcia,joshua88@example.org,Brazil,2025-08-24,Standard,139.23
4851,Debra Fisher,amymartinez@example.net,Germany,2020-03-26,Basic,38.97
4852,Johnny Montes II,ballarddeanna@example.org,Australia,2024-11-10,Basic,57.77
4853,Robert Jones,davisemily@example.org,Japan,2025-03-01,Basic,28.91
4854,Mark Allen,codyduran@example.org,United Kingdom,2023-07-09,Basic,88.05
4855,Roger Walsh,coxjavier@example.org,France,2024-05-28,Premium,25.66
4856,Cassandra Jackson,erikacarter@example.org,Australia,2021-08-12,Standard,48.55
4857,Karen Johnson,whitedavid@example.net,Brazil,2025-08-05,Basic,52.73
4858,Tiffany Davis,whitemichael@example.org,Canada,2024-03-25,Standard,35.36
4859,Melissa Smith,utucker@example.com,Japan,2020-12-13,Standard,44.17
4860,Dr. Tiffany Bennett MD,vaughndiana@example.net,Netherlands,2021-01-08,Basic,23.18
4861,Kendra Scott,lorithompson@example.com,Canada,2023-06-13,Basic,31.32
4862,Thomas Edwards,kristendixon@example.com,France,2025-07-10,Standard,44.73
4863,William Brown,ntorres@example.org,France,2026-04-30,Premium,41.53
4864,Charlotte Johnson,esmith@example.org,Brazil,2020-09-09,Standard,29.57
4865,Michelle Smith DVM,brian93@example.net,Australia,2020-11-09,Premium,30.13
4866,Ryan Jackson,justinreeves@example.net,France,2023-03-23,Basic,23.45
4867,Kyle Mckinney,awade@example.org,Canada,2020-05-19,Basic,51.33
4868,Noah Bell,josephjones@example.org,Australia,2026-07-01,Premium,26.21
4869,Amanda Martin,xcruz@example.org,Australia,2020-08-22,Basic,28.17
4870,Dylan Rice,danielkim@example.net,Australia,2022-01-30,Standard,55.62
4871,Paul Miller,garyhughes@example.net,Australia,2025-05-31,Premium,12.14
4872,Mrs. Sandra Herrera,hwagner@example.com,Australia,2025-03-16,Premium,19.09
4873,Colin Sanders,stephaniesmith@example.com,Japan,2022-01-17,Basic,75.76
4874,Carolyn Williams,karen67@example.org,Brazil,2020-11-11,Standard,50.96
4875,Diane Nunez,christopher53@example.net,Australia,2026-05-29,Premium,20.83
4876,Benjamin Ortega,latoya19@example.net,Germany,2022-05-27,Premium,163.72
4877,Kathryn Martin,westlaura@example.org,India,2022-10-03,Premium,29.28
4878,Jonathan King,robert77@example.org,United Kingdom,2025-05-29,Premium,23.20
4879,Matthew Perez,dbishop@example.net,Brazil,2022-12-04,Standard,20.84
4880,Andrew Peck,santosphilip@example.net,United Kingdom,2020-02-14,Basic,33.43
4881,Steven Ramos,marcrobbins@example.org,United Kingdom,2020-01-28,Basic,67.03
4882,Brenda Lopez,cdavidson@example.org,United States,2024-08-03,Standard,127.64
4883,Isaac Davis,wilsonhannah@example.org,United States,2025-01-25,Basic,87.42
4884,Craig Reyes,bryanlee@example.org,India,2021-07-09,Standard,29.57
4885,Christopher Williams,joneschristine@example.org,Germany,2024-04-20,Premium,76.99
4886,Michelle Murray,caleb74@example.com,Japan,2022-12-17,Standard,64.84
4887,Susan Hawkins,wnelson@example.com,United Kingdom,2025-11-14,Standard,46.40
4888,Jo Keller,crystaldavis@example.com,Brazil,2022-05-17,Standard,88.36
4889,David Mcgrath,parkerkenneth@example.net,India,2022-08-19,Basic,67.02
4890,Tiffany Hill DVM,rayrobin@example.org,India,2022-06-07,Standard,45.47
4891,Jason Jones,sporter@example.com,France,2025-02-13,Standard,137.84
4892,John Carroll,david96@example.net,Japan,2020-07-30,Standard,34.94
4893,Karen Meza,colekirk@example.org,France,2025-11-02,Standard,37.22
4894,Darlene Galloway,andersonelijah@example.org,Netherlands,2024-03-25,Standard,71.18
4895,Matthew Morris,kevinwagner@example.org,India,2021-07-10,Standard,44.30
4896,Maria White,jessicabrown@example.com,United Kingdom,2023-06-14,Basic,218.83
4897,Jonathan Thompson,alexandria87@example.org,Japan,2024-03-25,Basic,101.13
4898,Cheryl Fuller,nbernard@example.net,Netherlands,2022-04-25,Standard,110.48
4899,Amanda Ochoa,jackie02@example.net,France,2020-09-03,Standard,15.98
4900,Larry Rice,barbaramorales@example.com,Netherlands,2023-06-29,Standard,30.12
4901,Jesse Richards,smitchell@example.com,Netherlands,2025-02-14,Premium,51.12
4902,Michael Morrison,luisblake@example.net,India,2025-05-16,Standard,38.08
4903,Brittney Wright,zstanley@example.org,Germany,2024-05-09,Standard,31.88
4904,Lydia Brown,mariavincent@example.org,France,2021-07-04,Standard,34.51
4905,Audrey Vazquez,jenkinsjames@example.com,United States,2024-01-31,Basic,159.31
4906,Michael Cooper,christopherross@example.org,France,2022-04-09,Standard,50.37
4907,Catherine Robinson,klewis@example.net,Australia,2024-03-08,Basic,31.70
4908,Robert Wilson,stephen44@example.com,India,2025-05-04,Premium,66.07
4909,John Baker,james42@example.org,Japan,2022-07-21,Standard,56.87
4910,Carol Hess,kelly95@example.com,United Kingdom,2024-02-23,Basic,87.39
4911,Stephanie Jones,hayden46@example.org,United States,2025-11-15,Premium,22.51
4912,Maria Thompson,martinezrenee@example.com,United States,2023-09-13,Premium,27.68
4913,Kathryn Ramos,donna42@example.net,Canada,2022-01-06,Basic,45.72
4914,Lisa Rice,scott35@example.org,Australia,2025-05-19,Standard,43.50
4915,Heather Dickerson,pbrooks@example.net,Australia,2020-06-22,Basic,60.07
4916,Tony Jones,marshalllisa@example.com,Germany,2025-12-04,Premium,64.11
4917,Michael Young,melissacastillo@example.net,India,2022-05-26,Basic,52.42
4918,Craig Jones,susan82@example.com,Japan,2022-04-13,Standard,54.00
4919,Cynthia Mendoza,taylorrichard@example.com,United States,2025-06-16,Basic,22.64
4920,Victoria Reid,tcase@example.org,Japan,2024-02-15,Basic,58.41
4921,Leslie Wilson,crystal06@example.com,Canada,2025-01-03,Standard,33.81
4922,Paul Gentry,graymichelle@example.net,Germany,2022-09-15,Standard,21.21
4923,Katherine Sosa,ibarradylan@example.org,Japan,2026-03-09,Standard,124.50
4924,Deborah Miller,cruzalbert@example.org,Germany,2025-01-17,Premium,81.35
4925,Nicholas Lee,garciarachel@example.com,United Kingdom,2024-02-20,Basic,47.60
4926,William Martin,qwilliams@example.org,Brazil,2021-07-02,Premium,49.00
4927,Ashley Thompson,gmccormick@example.org,Canada,2025-01-31,Premium,56.73
4928,Kimberly Thomas,qoneal@example.net,United Kingdom,2021-03-23,Basic,50.19
4929,Robin Goodwin,jeffersonchristine@example.com,Canada,2022-06-15,Standard,100.21
4930,Antonio Jones,qwagner@example.org,Brazil,2020-01-27,Standard,40.35
4931,Martin Walker,ramirezjoseph@example.com,Netherlands,2026-07-23,Standard,18.06
4932,Andrea Petty,tjackson@example.net,Australia,2022-05-02,Premium,98.54
4933,Denise Hester,gene59@example.net,Canada,2024-12-18,Basic,80.69
4934,Lisa Jackson,nterry@example.com,United Kingdom,2023-11-25,Basic,25.92
4935,Mary Burke,anthonyedwards@example.com,Australia,2025-02-01,Standard,130.83
4936,Mario Williams,peterhamilton@example.com,United Kingdom,2025-12-23,Premium,55.41
4937,Aaron Campbell,catherineblair@example.net,Brazil,2021-08-13,Standard,30.84
4938,Jessica Johnson,ashleyhester@example.com,Germany,2020-07-13,Standard,204.41
4939,Mark Reyes,alyssasaunders@example.net,France,2021-08-13,Basic,20.74
4940,John Stark,bondrobert@example.com,Netherlands,2023-06-04,Basic,63.41
4941,Anita Davis,knoxmark@example.org,Germany,2025-05-24,Premium,52.58
4942,Matthew Melendez,david22@example.com,Canada,2023-02-25,Basic,37.29
4943,Edward Shaw,walterdavid@example.com,India,2023-07-29,Standard,37.98
4944,Donald Sanchez,marcbrooks@example.com,Canada,2025-09-18,Basic,25.54
4945,Jermaine Kline,lgallagher@example.com,Japan,2021-04-30,Standard,28.97
4946,Dr. Justin Brady,kiara57@example.org,Japan,2020-03-22,Premium,169.37
4947,Tony Hurley,jessica25@example.org,United States,2021-12-11,Standard,47.80
4948,Renee Mejia,robert90@example.org,Japan,2020-07-11,Basic,149.66
4949,Lisa Hart,melissachapman@example.net,Brazil,2023-07-28,Basic,36.07
4950,Jennifer Scott,kmurphy@example.org,United Kingdom,2022-12-18,Standard,61.99
4951,Debra Kim,thomaslori@example.net,United Kingdom,2026-03-21,Basic,33.22
4952,Angela Anderson,castrokatherine@example.com,Germany,2023-02-19,Premium,68.93
4953,Connie Neal,robertsingh@example.com,India,2023-02-21,Standard,41.46
4954,David Martin,chad39@example.com,India,2021-12-17,Standard,71.31
4955,Christopher Nelson,robert42@example.net,Canada,2024-07-06,Standard,21.97
4956,Jason Jones,donald63@example.org,Australia,2022-03-27,Standard,87.56
4957,Christopher Reyes,mfox@example.com,United Kingdom,2021-01-10,Standard,32.83
4958,Donna Joseph,wendy33@example.net,Brazil,2025-05-18,Basic,52.22
4959,David Duke,castillolinda@example.com,India,2020-10-31,Premium,28.67
4960,Joseph Turner,bruceochoa@example.com,Brazil,2024-07-17,Standard,33.27
4961,Megan Mccoy,bdelgado@example.org,Netherlands,2026-05-06,Standard,37.06
4962,Monique Sutton,christopherruiz@example.net,Australia,2024-08-14,Standard,31.67
4963,Dr. Timothy Jimenez,johnsonjohn@example.com,Germany,2025-02-12,Standard,51.24
4964,Gloria Finley,dlogan@example.org,Canada,2024-11-27,Standard,41.34
4965,Stephen Clark,wcollins@example.com,Netherlands,2023-10-07,Standard,39.31
4966,Hunter Stevenson,austinlinda@example.net,United Kingdom,2022-05-23,Basic,31.50
4967,Laura Watson,rodriguezbrent@example.com,Germany,2024-04-05,Standard,62.50
4968,Cheryl Wright,lynnmedina@example.net,Canada,2023-03-06,Basic,101.71
4969,Matthew Edwards,harriserika@example.org,Japan,2024-07-13,Premium,43.17
4970,Charles Flynn,marshalldouglas@example.com,Germany,2021-04-28,Basic,34.52
4971,Zachary Francis,cruzjuan@example.org,Canada,2023-10-22,Basic,38.80
4972,Timothy Conway,kevin87@example.com,United Kingdom,2026-04-13,Premium,64.70
4973,Dawn Taylor,jhaley@example.org,Brazil,2021-03-17,Standard,89.02
4974,Jeffrey Murphy,lwright@example.net,Japan,2021-12-03,Standard,39.00
4975,Brooke Yang,whull@example.org,United Kingdom,2023-08-19,Basic,95.08
4976,Caitlyn Payne,william37@example.com,Canada,2021-01-02,Basic,144.57
4977,Stefanie Higgins,alyssa89@example.org,Netherlands,2023-02-25,Premium,27.19
4978,Felicia Aguilar,maria51@example.com,Brazil,2024-08-09,Standard,36.49
4979,Randall Thomas,lee64@example.com,Japan,2020-07-31,Basic,84.31
4980,Shane Good,johnsoncharles@example.com,India,2020-08-30,Standard,245.74
4981,Steve Cobb,xsimpson@example.com,United States,2021-02-24,Basic,60.59
4982,Andrew Barry,mgill@example.net,France,2026-07-28,Basic,104.46
4983,Jessica Thomas,nicholas09@example.net,Netherlands,2024-07-19,Basic,32.21
4984,Robert Collins,rebecca28@example.net,Canada,2025-11-30,Standard,138.44
4985,Kathleen Nelson,murrayrachel@example.org,Australia,2024-06-14,Standard,71.15
4986,Daniel Evans,pwilliams@example.org,Germany,2026-05-24,Basic,75.28
4987,Janice Adams,imatthews@example.net,United Kingdom,2021-06-30,Standard,17.36
4988,Matthew Robbins,lmorris@example.com,Canada,2022-01-16,Premium,20.34
4989,Steven Morgan Jr.,mistywolf@example.com,United Kingdom,2020-12-14,Standard,75.05
4990,Andrea Howard,erin66@example.net,Canada,2025-10-01,Basic,65.68
4991,Megan Miller,urodriguez@example.com,Canada,2020-03-05,Basic,52.53
4992,Ms. Jennifer Francis,lperry@example.com,Japan,2023-03-31,Standard,31.98
4993,Stephen Edwards,oking@example.org,Germany,2024-09-26,Standard,119.71
4994,Geoffrey Joyce,ewilson@example.org,France,2023-09-10,Standard,60.81
4995,Jacqueline Lawson,davidescobar@example.org,Netherlands,2023-11-19,Premium,54.40
4996,Jessica Bradley,watkinschristopher@example.org,Germany,2023-06-03,Standard,82.48
4997,Kelly Duncan,angela69@example.com,France,2020-10-05,Premium,44.62
4998,Danny Bailey,fstevenson@example.net,United States,2024-01-22,Standard,88.02
4999,Kenneth Rivas,qsims@example.net,Netherlands,2026-05-08,Basic,61.23
5000,Jennifer Anderson,henrybailey@example.net,Brazil,2024-04-11,Basic,103.30
5001,Thomas Miranda,pughdennis@example.com,Japan,2022-12-31,Basic,40.20
5002,Ann Petersen,freemanjames@example.org,United Kingdom,2022-11-20,Premium,66.43
5003,Joseph Contreras,rsanchez@example.net,Japan,2021-09-09,Basic,57.66
5004,Adam Lopez,lisasmith@example.org,United States,2025-05-21,Standard,86.52
5005,Jesse Myers,pruiz@example.net,Japan,2020-05-08,Premium,29.42
5006,April Evans,gabriel98@example.com,Brazil,2021-05-06,Standard,36.78
5007,Caitlin Harris,masseyjennifer@example.org,Germany,2023-12-02,Standard,53.60
5008,Jeremy Hancock,karenparker@example.net,Brazil,2020-07-03,Basic,239.94
5009,Nathaniel Cobb,yclark@example.com,France,2021-05-22,Basic,34.17
5010,Brittany Sanford,jmiller@example.net,Australia,2021-11-01,Basic,91.24
5011,Lauren Wagner,mcdanielruben@example.net,United Kingdom,2022-02-03,Premium,70.86
5012,Christina Banks,qlevy@example.org,Brazil,2020-04-19,Premium,39.40
5013,Angela Washington,mckinneyclifford@example.org,India,2025-10-29,Standard,41.83
5014,James Long,pachecojason@example.com,Brazil,2021-08-27,Standard,78.89
5015,Jason Sweeney,timothy81@example.net,Australia,2025-10-25,Basic,15.80
5016,Anthony Thompson DDS,matthew33@example.net,France,2022-11-30,Basic,39.58
5017,Gregory Barker,vanessa03@example.com,Brazil,2024-11-08,Premium,29.43
5018,Beth Norris,kellereric@example.com,India,2023-02-23,Standard,53.53
5019,Robert Clayton,robert19@example.net,Canada,2024-09-02,Premium,45.51
5020,Joy Jones,brianpowell@example.com,Germany,2025-06-26,Basic,66.53
5021,Joshua Jones,srivera@example.net,India,2023-09-05,Basic,28.00
5022,Stephanie Blankenship,ernest98@example.org,India,2025-07-05,Basic,81.06
5023,Jason Andrews,murphyjoshua@example.com,Netherlands,2021-12-22,Premium,43.37
5024,Ryan Taylor,ricardomiller@example.com,France,2021-12-26,Basic,20.72
5025,Keith Murphy,susanwarner@example.com,Japan,2025-08-08,Standard,62.34
5026,Kristina Baker,jeanette90@example.org,Australia,2020-03-23,Standard,42.38
5027,Dr. Jason Foster,jake45@example.com,India,2022-09-25,Standard,35.39
5028,Gerald Waters,samanthaherrera@example.com,France,2026-06-29,Standard,80.91
5029,Linda Cortez,mannbrandi@example.org,Japan,2022-07-29,Standard,24.86
5030,Marilyn Figueroa,jrobertson@example.org,India,2022-05-17,Standard,65.73
5031,Tammy Riley,susan93@example.com,Canada,2026-02-23,Standard,27.15
5032,Justin Murphy,christopher70@example.com,Netherlands,2023-05-08,Standard,57.17
5033,Whitney Gonzales,robertthornton@example.com,Germany,2023-07-16,Basic,74.10
5034,Michelle Pierce,caldwellanthony@example.org,United Kingdom,2023-03-06,Premium,49.81
5035,Jennifer Woods,hardingeric@example.net,United Kingdom,2026-02-05,Standard,10.73
5036,Courtney Schroeder,scottblackburn@example.org,Brazil,2024-06-28,Premium,72.61
5037,Mr. Brian Fuller,valeriebennett@example.com,France,2021-05-20,Basic,43.65
5038,Dustin Atkins Jr.,baileydonna@example.com,Netherlands,2024-12-23,Basic,94.37
5039,Robert Harris,cburns@example.com,India,2026-01-31,Basic,104.54
5040,Tracy Vang,charlesking@example.net,France,2020-12-04,Basic,89.99
5041,Daisy Guerrero,vanessa88@example.com,Japan,2026-05-04,Standard,165.36
5042,Samuel Rivera,zachary86@example.net,France,2025-08-27,Standard,54.56
5043,Stephen Anderson,taylorbrittany@example.org,Brazil,2025-12-28,Standard,22.32
5044,Garrett Williams,tracey80@example.net,Brazil,2022-01-05,Basic,208.66
5045,Ethan Cobb,atkinsonkimberly@example.com,India,2023-08-23,Basic,53.67
5046,Tracy Schaefer,williamschad@example.net,Netherlands,2022-02-13,Basic,33.35
5047,Jeremy Chang,gclark@example.com,Germany,2024-02-29,Basic,43.41
5048,James Armstrong,crystalchandler@example.com,France,2020-07-18,Standard,70.04
5049,Joseph Shah,spencerjoshua@example.org,India,2023-12-13,Basic,29.43
5050,Curtis Smith,hjimenez@example.org,Netherlands,2021-03-17,Basic,61.81
5051,Casey Mccoy,david84@example.net,United Kingdom,2025-09-03,Standard,14.52
5052,Perry Burke,millerrebecca@example.net,France,2024-12-15,Basic,61.30
5053,Roger Edwards,lanegabriel@example.net,Canada,2024-04-08,Standard,94.66
5054,Michael Wolf,vhowell@example.net,United Kingdom,2020-07-30,Premium,98.40
5055,Victoria Price,johndaniels@example.com,Canada,2022-12-29,Basic,103.69
5056,Sarah Mills,ojohnson@example.com,Netherlands,2026-01-08,Premium,45.21
5057,Daniel Salazar,paula13@example.com,Brazil,2021-06-20,Standard,26.16
5058,Michael Delgado,ipierce@example.com,India,2023-07-02,Standard,33.28
5059,Michael Carroll,ricewilliam@example.com,Germany,2020-07-17,Premium,44.72
5060,Catherine Goodwin,cynthiasalas@example.com,United Kingdom,2022-09-29,Standard,53.92
5061,Timothy Hansen,williamrich@example.com,Australia,2022-06-17,Standard,52.57
5062,Katrina Brown,david31@example.org,Netherlands,2021-05-26,Basic,432.01
5063,Kevin Huerta DDS,zcalderon@example.com,Canada,2023-02-14,Basic,60.07
5064,Kerry Haas,kathrynbaxter@example.org,United States,2023-09-12,Standard,136.96
5065,Jonathan Goodwin,cflores@example.com,India,2020-12-21,Standard,33.36
5066,James Burns,johnhuff@example.org,Germany,2021-12-16,Premium,139.50
5067,Kyle Bates,prodriguez@example.org,France,2020-04-24,Basic,24.01
5068,Thomas Campbell,nicholaspeterson@example.com,Japan,2023-11-02,Basic,37.82
5069,Michael Parker,qwoods@example.net,France,2025-08-17,Standard,73.65
5070,Eric Roman,shauncannon@example.com,Netherlands,2024-02-14,Standard,84.31
5071,Ryan Munoz,tonyamorris@example.net,Japan,2026-04-04,Basic,66.31
5072,Pamela Garcia,mannlisa@example.com,United Kingdom,2023-11-05,Standard,95.62
5073,Kimberly Cooper,edwardsryan@example.org,Netherlands,2021-01-27,Standard,19.31
5074,Mariah Brown MD,steve46@example.com,Australia,2021-01-24,Standard,42.31
5075,Wendy Villarreal,walleramy@example.net,Canada,2024-02-19,Standard,45.25
5076,John Hicks,jonathonmorris@example.org,France,2020-03-31,Standard,45.30
5077,Stephanie Bennett,owilliams@example.com,Australia,2024-08-15,Basic,54.83
5078,Eric Mata,melissawaters@example.net,India,2021-02-10,Standard,125.22
5079,Evan Gilmore,devon57@example.org,Australia,2021-04-11,Standard,65.25
5080,Joshua Colon,jennifer82@example.com,France,2020-12-19,Standard,48.79
5081,Susan Marshall,lindaali@example.net,Japan,2025-02-25,Standard,89.56
5082,Patricia Espinoza,hrodriguez@example.net,Australia,2020-11-13,Premium,53.46
5083,Jason Trujillo,dcarpenter@example.net,United Kingdom,2026-05-15,Basic,16.12
5084,Marisa Ramirez,cynthiajohnson@example.net,United States,2023-02-05,Premium,49.12
5085,Brendan Ritter,sgoodwin@example.org,Japan,2025-10-04,Standard,49.42
5086,Kenneth Ramirez,samanthahogan@example.org,United States,2023-03-16,Standard,30.38
5087,Melissa Camacho,sarahmiles@example.org,United Kingdom,2020-04-22,Standard,19.08
5088,Sharon Davis,plopez@example.net,Netherlands,2020-03-12,Basic,58.08
5089,Lisa Flores,joshua54@example.org,United States,2025-11-22,Basic,40.46
5090,Hannah Walker,christophercannon@example.org,India,2021-02-05,Standard,23.93
5091,Connor Contreras,rebeccamoore@example.org,United States,2021-08-09,Premium,78.21
5092,Heather Garcia,parkersean@example.net,United Kingdom,2026-07-14,Standard,33.37
5093,Patrick Richardson,fpena@example.org,Netherlands,2023-02-13,Standard,33.85
5094,Emily Carter,ithompson@example.com,Australia,2020-09-10,Basic,51.97
5095,Samantha Hahn,kennethhughes@example.net,Australia,2021-10-13,Standard,53.72
5096,Cassandra Harper,jasonray@example.com,Japan,2021-10-05,Standard,86.23
5097,Dale Smith,randall36@example.org,Australia,2023-02-13,Basic,90.93
5098,Tracy Hernandez,paul17@example.org,Japan,2022-04-05,Standard,13.30
5099,Anthony Bryan,youngjared@example.com,United Kingdom,2020-08-30,Standard,43.28
5100,Brandon Roman,krista74@example.net,Canada,2022-07-13,Standard,61.09
5101,Melanie Perez,jonathanpearson@example.org,United Kingdom,2026-05-03,Basic,34.48
5102,David Bennett,brownstephanie@example.org,Australia,2020-06-27,Standard,58.66
5103,Russell Torres,tracimaddox@example.net,Australia,2023-06-01,Standard,43.47
5104,Tammy Bean,karen85@example.com,United Kingdom,2020-08-21,Standard,112.53
5105,Ashley Smith,franciscoandrews@example.org,Netherlands,2021-07-19,Standard,83.68
5106,Patricia Burgess,alison10@example.com,India,2024-04-23,Premium,101.02
5107,Kevin Walsh,whitepedro@example.org,United Kingdom,2021-10-23,Standard,232.89
5108,Ronald Weber,qgreen@example.com,Australia,2024-01-04,Standard,24.93
5109,Vincent Butler,ivance@example.com,France,2024-06-18,Standard,99.17
5110,Dr. Connie Carey,sgardner@example.com,Brazil,2026-01-10,Standard,29.37
5111,Denise Prince,jordanbrian@example.org,Brazil,2025-03-16,Basic,48.72
5112,Robert May,michaelnewton@example.org,Canada,2020-07-02,Standard,25.41
5114,Jeffery Wallace,mooneydanielle@example.net,Australia,2020-06-12,Standard,25.77
5115,Bryan Gallagher,amber33@example.net,India,2022-08-23,Premium,50.23
5116,Andrea Hart,spencer55@example.com,Japan,2026-06-07,Standard,95.86
5117,Robert White,kellychang@example.org,Germany,2020-03-12,Premium,107.09
5118,Shannon Frazier,kellydesiree@example.org,United Kingdom,2021-12-08,Standard,103.78
5119,Barbara Ochoa,danielalexander@example.com,France,2026-04-06,Standard,25.86
5120,Sarah Malone,klawson@example.com,Brazil,2022-10-05,Standard,123.19
5121,Thomas Brown,tdoyle@example.org,Canada,2021-11-21,Premium,68.13
5122,Perry Tucker,john32@example.com,India,2023-10-27,Standard,83.02
5123,Katie Campbell,ycervantes@example.org,Brazil,2020-07-01,Basic,35.40
5124,Karen Long,blakesarah@example.net,United States,2023-06-27,Standard,26.95
5125,Nicholas Todd,jason99@example.com,Canada,2021-07-28,Basic,11.91
5126,David Davis,leetricia@example.net,France,2020-06-02,Premium,320.02
5127,Kaylee Burnett,irios@example.net,Germany,2023-11-17,Standard,87.94
5128,Felicia Johnson,theresa48@example.com,Japan,2022-01-06,Premium,58.87
5129,Brian Mendez MD,david23@example.com,Germany,2024-01-16,Basic,86.62
5130,Benjamin Martinez,jonathan93@example.net,India,2025-08-09,Standard,58.73
5131,Heather Rice,melissa00@example.org,Canada,2023-08-07,Basic,48.38
5132,Katelyn Clark,rose86@example.com,Japan,2022-01-03,Premium,34.20
5133,Aaron Taylor,kimberly96@example.com,Netherlands,2025-12-02,Basic,53.18
5134,Rebecca Baker,dgray@example.com,Netherlands,2026-08-03,Standard,159.01
5135,Jose Clark,adamgarcia@example.org,Canada,2025-12-15,Standard,71.07
5136,Laurie Campbell,michaelmathews@example.net,India,2021-07-05,Basic,78.51
5137,Chad Lawson,jason35@example.org,France,2021-09-23,Basic,82.25
5138,Jessica Castro,timothy75@example.org,India,2024-02-07,Basic,103.63
5139,John Jones,robinsonjoy@example.com,France,2025-06-30,Basic,34.73
5140,John Tanner,edward81@example.org,Canada,2022-11-26,Basic,35.30
5141,Louis Smith,chelseasuarez@example.net,India,2022-06-28,Standard,114.08
5142,Sarah Williams,john52@example.net,India,2023-06-15,Basic,47.07
5143,Donna Grimes,jacob98@example.com,France,2023-11-15,Basic,53.39
5144,Nathan Gibson MD,millerchristine@example.net,Germany,2022-07-20,Standard,64.74
5145,Amanda Hodges,pharris@example.com,United Kingdom,2020-06-03,Standard,26.09
5146,Eric Carson,johnstonrobert@example.net,Australia,2020-02-09,Standard,51.47
5147,Jerry Lynch,vdavila@example.net,United Kingdom,2021-02-06,Premium,25.05
5148,Danielle Cooper,chananthony@example.org,Netherlands,2025-02-22,Premium,45.19
5149,Tammy Stone,rebekahmorales@example.net,France,2025-03-26,Standard,23.48
5150,Stephen Patterson DDS,carterdaniel@example.net,Australia,2024-03-28,Premium,35.50
5151,Stephanie Shaw,anthonyfoley@example.org,Canada,2026-02-04,Standard,52.85
5152,Jessica Leblanc,zstanley@example.org,Brazil,2022-12-17,Premium,61.12
5153,David Hines,hugheswilliam@example.org,France,2021-08-10,Standard,78.50
5154,Justin Reeves,johnsonamanda@example.com,Netherlands,2025-03-29,Basic,29.36
5155,Robert Benson,hfitzpatrick@example.org,United States,2025-01-02,Basic,66.99
5156,Carol Henry,trandouglas@example.net,United Kingdom,2025-10-02,Premium,29.26
5157,Lauren Weber,rhonda24@example.net,Netherlands,2023-03-02,Standard,80.19
5158,Michael Byrd,hjohnson@example.com,France,2025-02-07,Premium,67.22
5159,Michael Ramirez,nancy37@example.net,United States,2022-05-01,Standard,25.78
5160,Isabella Powell,nnolan@example.org,Canada,2024-02-16,Standard,32.33
5161,Sandra Scott,hjohnson@example.com,Brazil,2026-05-14,Standard,42.71
5162,Nicholas Johnson,nelsonkevin@example.org,Canada,2021-04-01,Standard,44.16
5163,Scott Martinez,cwood@example.org,Japan,2024-11-25,Standard,33.41
5164,William Tucker,xedwards@example.org,United States,2021-12-27,Basic,79.94
5165,Kathy Villanueva,kwarren@example.org,Canada,2026-01-20,Standard,15.85
5166,Michelle Johnston PhD,eric34@example.com,Brazil,2023-10-23,Premium,57.54
5167,Karen Lee,paulabrooks@example.net,France,2026-06-10,Standard,39.60
5168,Todd Hicks,urussell@example.com,United States,2025-10-01,Premium,116.79
5169,Dana Estrada,shuff@example.net,United States,2022-12-17,Standard,41.54
5170,Kevin Dominguez,kentmary@example.com,France,2023-11-07,Standard,122.11
5171,Kathleen Martinez,deborah90@example.com,Canada,2025-10-01,Premium,43.00
5172,Dylan Walker,james60@example.net,France,2023-10-01,Basic,134.43
5173,Troy Brown,scottsylvia@example.org,Netherlands,2026-06-10,Standard,21.53
5174,Johnny Bell,david16@example.net,Japan,2026-08-08,Standard,79.05
5175,Christopher West,afrank@example.com,United States,2021-08-11,Standard,44.65
5176,Erika Jenkins,bgarcia@example.org,Australia,2025-03-26,Standard,65.66
5177,Sydney Watts,gregory72@example.net,Germany,2021-09-16,Basic,63.45
5178,Jennifer Sanders,williamsoto@example.com,Netherlands,2023-04-17,Standard,109.93
5179,Emily Sampson,melaniegonzales@example.org,Australia,2025-03-25,Basic,65.50
5180,Jordan Forbes,obowman@example.net,Germany,2023-09-25,Basic,54.30
5181,Douglas Roman,nina25@example.com,United Kingdom,2024-02-12,Basic,23.84
5182,Alex Steele,tinawilliams@example.org,India,2024-12-03,Standard,60.15
5183,Robert Long,floreslaura@example.com,India,2024-06-17,Standard,72.38
5184,Kaitlin Davis,younganthony@example.net,Canada,2025-09-24,Premium,53.95
5185,Michelle Reyes,erictownsend@example.org,Brazil,2023-06-06,Standard,69.77
5186,Erika Fitzgerald,usullivan@example.com,Netherlands,2021-02-05,Premium,81.52
5187,Scott Levine,joshuaburton@example.net,France,2020-04-15,Basic,51.24
5188,Susan Owens,jeffrey32@example.net,Canada,2021-08-06,Premium,22.86
5189,Kelly Mckay,diazpamela@example.org,United States,2023-06-28,Basic,88.92
5190,Robert Mathews,hwalker@example.org,United Kingdom,2026-01-04,Basic,67.73
5191,Brian Wilson,vphillips@example.com,France,2025-05-02,Basic,30.56
5192,Vicki Smith,vsmith@example.com,United Kingdom,2026-02-05,Standard,30.90
5193,Johnathan Yates,cindybrooks@example.net,Germany,2026-04-08,Standard,56.92
5194,Sara Coffey,christopher35@example.net,Canada,2020-04-23,Standard,76.80
5195,Chris Ross,urios@example.net,Netherlands,2021-02-10,Premium,36.06
5196,Max Brown,ryan06@example.net,Brazil,2020-12-31,Basic,34.37
5197,Jillian Crane,olsonkathleen@example.net,Canada,2026-02-16,Standard,71.10
5198,George Jones,clinejames@example.net,Australia,2021-01-24,Basic,56.63
5199,Felicia Lucas,shawngonzalez@example.com,Japan,2021-02-03,Premium,41.09
5200,Craig Adams,webertravis@example.net,Netherlands,2022-06-08,Standard,16.90
5201,Todd Ballard,sandersfelicia@example.org,Japan,2023-09-10,Standard,28.57
5202,Bethany Leonard,pcarrillo@example.org,Australia,2026-02-05,Basic,63.65
5203,Anna Mayo,rebecca70@example.net,Germany,2021-01-24,Standard,85.46
5204,Jessica Gilbert,nelsonhannah@example.org,Japan,2020-02-07,Standard,52.16
5205,Jermaine Gibbs,bradley89@example.net,Canada,2023-02-27,Premium,45.38
5206,Katherine Howe,angela12@example.com,India,2024-12-03,Basic,30.59
5207,Joshua Watkins,alansmith@example.org,India,2023-11-03,Standard,53.04
5208,Bryan Smith,riveradestiny@example.net,India,2020-08-11,Basic,44.73
5209,Kristen Figueroa DDS,justinfranco@example.com,Japan,2025-07-28,Premium,51.39
5210,Tyler Holmes,morgantina@example.net,India,2024-12-25,Standard,96.38
5211,Cody Garcia,lpatrick@example.net,India,2020-02-28,Standard,66.39
5212,Eric Johnson,yvonnedavis@example.net,Japan,2023-05-17,Standard,20.43
5213,Tonya Gallegos,susanjones@example.com,India,2022-12-10,Basic,103.31
5214,Monica Knight,douglas12@example.net,Canada,2022-11-24,Premium,46.87
5215,Debra Hicks,randymoore@example.com,Australia,2021-02-07,Premium,84.38
5216,Jasmine Atkins,brenda59@example.org,India,2020-10-15,Basic,149.13
5217,Natasha Wood,aaronwalker@example.net,India,2020-04-19,Standard,80.09
5218,Samuel Ellison,tyler16@example.com,Australia,2021-06-01,Standard,154.68
5219,Sarah Turner,clarkjustin@example.net,United States,2026-08-06,Basic,45.61
5220,Andrew Cruz,groberts@example.com,Brazil,2022-11-24,Basic,118.19
5221,Zachary Kaiser,james22@example.org,Australia,2022-02-03,Premium,16.06
5222,Steven Caldwell,gcruz@example.org,Germany,2020-10-20,Basic,101.66
5223,James Gordon,lisa57@example.com,Canada,2021-02-16,Standard,153.06
5224,Emily Brandt,wattsmelissa@example.org,India,2023-10-20,Basic,48.44
5225,Megan Wells,miguelschultz@example.com,Netherlands,2025-05-17,Standard,76.33
5226,Jeffrey Reyes,anne81@example.net,Germany,2020-07-04,Standard,58.35
5227,Linda Patrick,laustin@example.com,Australia,2024-11-24,Standard,99.76
5228,Joshua Miller,kgraham@example.org,France,2026-05-11,Standard,40.08
5229,Daniel Stevenson,theodorehall@example.com,France,2021-05-02,Standard,46.81
5230,Amanda Stein,tammy78@example.net,Japan,2021-06-17,Basic,86.94
5231,Michael Johnson Jr.,patriciasmith@example.com,India,2020-05-10,Basic,49.83
5232,Peter Mitchell,michael02@example.net,France,2020-12-10,Basic,92.15
5233,Brandon Beard,xwalker@example.net,Australia,2024-08-17,Premium,17.06
5234,Charlotte Allen,heather91@example.org,India,2026-01-15,Standard,50.27
5235,Tracy Gates,wilcoxryan@example.net,United Kingdom,2023-06-24,Premium,12.12
5236,Dawn Olson,beasleyrobert@example.com,India,2025-01-24,Premium,41.54
5237,Shane Phillips,karenmarquez@example.org,Brazil,2020-04-10,Standard,75.55
5238,Carrie Smith,williamwright@example.com,India,2021-02-14,Premium,53.26
5239,Marc Reed,daysergio@example.net,United States,2023-01-02,Premium,41.38
5240,Frederick Vargas,jacobfitzpatrick@example.com,United States,2020-10-08,Standard,59.30
5241,Randy Bryant,dennisanderson@example.com,Australia,2022-11-25,Premium,126.19
5242,Mary Boyd DVM,michael50@example.org,United Kingdom,2023-09-25,Standard,113.11
5243,Jessica Johnson,christopherwalls@example.com,Brazil,2020-05-01,Standard,34.45
5244,Michelle Ferguson,olopez@example.net,India,2022-12-28,Basic,43.30
5245,Michael Holt,gregory04@example.com,Canada,2023-04-13,Basic,192.62
5246,Paul Brown,miguelshaw@example.net,India,2021-07-14,Standard,27.76
5247,Cassandra Peterson,ujohnston@example.org,Netherlands,2020-08-27,Standard,24.54
5248,Brad Barnes,deannabrown@example.com,India,2020-05-17,Basic,85.90
5249,Jill Chavez,svargas@example.com,Canada,2026-04-20,Premium,86.17
5250,Cindy Perry,meyerkathleen@example.net,Japan,2021-03-20,Standard,98.77
5251,Donna Walsh,marksmolly@example.com,Netherlands,2021-01-27,Standard,47.27
5251,Anthony Stone,hoganroberto@example.net,United Kingdom,2024-07-29,Standard,15.32
5252,Nicole Thompson,janetbrown@example.net,Germany,2024-05-14,Basic,29.02
5253,Daniel Freeman,susan01@example.net,Netherlands,2025-11-06,Standard,125.50
5254,Rachael Gray,rtaylor@example.org,France,2020-11-19,Basic,27.03
5255,Laura Zimmerman,kelly99@example.com,Germany,2026-06-06,Standard,26.61
5256,Nathan Martinez,lisabauer@example.org,Netherlands,2025-05-14,Basic,41.95
5257,Mary Carlson,davisjonathan@example.net,Canada,2022-11-23,Standard,33.13
5258,Kevin Rodriguez PhD,fwhite@example.com,Germany,2022-05-18,Standard,36.98
5259,Rachel Ritter,cunninghamraymond@example.org,United Kingdom,2021-12-06,Basic,74.62
5260,Todd Robertson,beckalan@example.net,Germany,2021-06-15,Premium,15.41
5261,Karen Nunez,rmccullough@example.org,Brazil,2024-09-04,Standard,40.99
5262,Matthew Harvey,nancy96@example.com,United States,2024-07-07,Standard,23.32
5263,Caleb Marshall,melissadodson@example.com,Brazil,2021-04-14,Standard,52.43
5264,Cynthia Hall,caleb34@example.org,France,2024-02-06,Standard,55.49
5265,Kathleen Lewis,rford@example.com,Australia,2025-03-30,Standard,110.57
5266,Karen Williams,paulwhitaker@example.com,United States,2021-01-23,Premium,135.41
5267,Brandon Smith,smithjeanne@example.net,France,2023-04-09,Basic,41.77
5268,Jordan Sosa,rjones@example.net,United Kingdom,2023-10-07,Standard,76.74
5269,Karen Baker,qmiller@example.net,United States,2023-05-22,Basic,59.28
5270,Kathleen Barnett,tlong@example.com,Netherlands,2023-10-07,Standard,65.04
5271,Paul Jackson,vhernandez@example.org,Germany,2020-09-23,Basic,41.73
5272,Rachel Moss,michealhenderson@example.net,Netherlands,2024-06-02,Premium,65.13
5273,Sarah Armstrong,ericsherman@example.com,United Kingdom,2021-12-17,Standard,25.55
5274,Stacy Burns,nicolenguyen@example.com,United States,2023-06-09,Standard,33.52
5275,Mary Thompson,jessica78@example.org,Brazil,2025-09-20,Standard,217.28
5276,Debra Barber,deniseevans@example.com,Japan,2023-04-30,Premium,95.97
5277,Margaret Lawson,whitenicholas@example.com,France,2021-05-22,Standard,135.03
5278,Jennifer Valencia,psantiago@example.org,United States,2025-11-10,Premium,42.72
5279,Kevin Gill,scook@example.com,India,2024-03-19,Standard,125.68
5280,Jennifer Duarte,bryce95@example.com,Canada,2020-06-16,Standard,49.34
5281,Bailey Ewing,pearsonjames@example.org,India,2020-02-17,Standard,40.63
5282,Joel Figueroa,erika64@example.org,Australia,2022-07-10,Standard,75.50
5283,Dan Valdez,pittsmary@example.net,Australia,2026-06-18,Standard,46.30
5284,Wendy Welch,morganwatts@example.com,Netherlands,2024-10-25,Standard,125.11
5285,Stacie Cannon,kdiaz@example.com,United Kingdom,2020-02-07,Basic,64.43
5286,Michael Cook,beverly86@example.com,United States,2025-06-14,Premium,41.57
5287,Christopher Matthews,zachary90@example.com,Japan,2023-12-10,Premium,86.43
5288,Michael White,mlynch@example.org,United States,2023-06-26,Basic,68.34
5289,Claire Dominguez,qsmith@example.org,France,2020-11-18,Standard,31.83
5290,Kaitlin Green,lewisdavid@example.net,India,2021-06-29,Standard,38.32
5291,Donna Ward,moorejohn@example.net,India,2020-12-03,Premium,42.26
5292,Andrea Adams,imiller@example.net,France,2021-06-16,Standard,13.22
5293,Kaitlyn Estrada,bryan95@example.com,United Kingdom,2022-09-20,Standard,30.97
5294,Jacob Andrade,matthew92@example.org,Netherlands,2020-01-28,Premium,50.82
5295,Michael Saunders,angela06@example.org,United States,2024-06-21,Basic,66.71
5296,Charles Nash,charlenewalker@example.org,Canada,2024-11-04,Premium,45.58
5297,Taylor Banks,ugarcia@example.org,Canada,2022-01-30,Standard,39.11
5298,Sarah Porter,todd26@example.net,United States,2024-04-21,Basic,42.53
5299,Michael Prince,xhill@example.com,United States,2023-06-11,Basic,94.74
5300,Dr. Molly Williams DDS,curtissmith@example.org,Netherlands,2021-12-08,Standard,64.28
5301,Teresa Christensen,vstewart@example.com,Brazil,2022-07-18,Standard,69.41
5302,Aaron Conway,amy05@example.net,Netherlands,2021-12-12,Standard,39.82
5303,Jeffrey Chapman,ftucker@example.com,Germany,2021-02-25,Standard,40.10
5304,Jessica Lee,xschmidt@example.net,Brazil,2021-12-24,Basic,32.28
5305,Dana Robinson,sfloyd@example.com,Germany,2020-04-22,Standard,56.46
5306,Valerie Gonzalez,lisa74@example.net,India,2022-07-04,Basic,90.03
5307,Tara Jordan,jray@example.org,Germany,2022-06-16,Standard,73.06
5308,Christopher Washington,waynejensen@example.org,Australia,2026-01-10,Standard,79.31
5309,Erik Morris,andreafowler@example.org,United States,2021-04-25,Standard,191.24
5310,April Kennedy,dariusroberts@example.com,Japan,2025-09-29,Standard,91.88
5311,Carla Jones,ejohnson@example.net,Japan,2020-10-30,Standard,157.49
5312,Jennifer Smith,stefanie77@example.org,France,2025-06-11,Standard,78.71
5313,Edward Rowland,beverly98@example.org,Netherlands,2024-10-27,Standard,21.99
5314,Joseph Bell,pauldiaz@example.net,France,2024-08-21,Premium,51.27
5315,Melanie Leach,gdrake@example.net,India,2026-03-14,Premium,76.62
5316,Dawn Baker,shawn31@example.net,Netherlands,2021-04-06,Standard,210.87
5317,Erica Morgan,bbrown@example.org,United States,2023-05-08,Basic,74.41
5318,Christopher Thomas,tim74@example.org,France,2023-04-15,Standard,26.76
5319,Angel Vincent,zachary75@example.com,Australia,2025-09-29,Basic,56.21
5320,James Watkins,reillykatelyn@example.net,Japan,2024-10-21,Basic,29.06
5321,Richard Hull,davidlopez@example.net,Netherlands,2022-07-08,Premium,26.60
5322,Jessica James,bridget54@example.com,Brazil,2023-05-10,Standard,48.39
5323,Destiny Frost,justin59@example.org,Netherlands,2023-05-12,Standard,56.71
5324,David Pace,riley71@example.org,Germany,2023-11-22,Standard,61.39
5325,Jacob Moody,hamptonkathryn@example.com,France,2020-04-11,Standard,24.06
5326,Alicia Foster,cheyenne75@example.net,India,2022-05-21,Standard,57.58
5327,Sydney Fox,williamcross@example.org,Canada,2024-12-15,Basic,155.71
5328,Matthew Arnold,ugallagher@example.net,France,2025-06-07,Standard,41.06
5329,Kevin Harrison,djoyce@example.com,United States,2022-09-27,Standard,30.47
5330,Jeffrey Cruz,biancahess@example.net,Australia,2024-06-22,Basic,24.06
5331,Erika Rogers,carrolldiane@example.com,Germany,2023-01-12,Standard,145.09
5332,Diamond Cox,gibbskaren@example.net,France,2023-03-11,Standard,31.59
5333,Leonard Dudley,wallacedonald@example.com,United States,2023-03-14,Standard,80.02
5334,Michelle Norris,parksandre@example.com,United Kingdom,2025-11-25,Basic,103.70
5335,Dylan Young,richardhernandez@example.net,Brazil,2024-05-19,Standard,42.32
5336,Mr. Jeremy Harris MD,christine15@example.com,France,2022-11-07,Premium,46.84
5337,Brandon Suarez,zmartin@example.net,India,2020-07-21,Premium,42.25
5338,Adrienne Murphy,glambert@example.net,Canada,2021-10-13,Standard,85.42
5339,James Montgomery,kathy80@example.com,Japan,2021-10-23,Basic,47.27
5340,Theresa Johnson,hthomas@example.org,Australia,2026-06-15,Basic,60.34
5341,Colton Williams,byang@example.com,Netherlands,2021-07-31,Basic,45.79
5342,Emily Kelley,ewest@example.org,Germany,2023-03-27,Standard,44.91
5343,Kelly Cook,lharrington@example.com,United States,2020-03-17,Basic,90.54
5344,William Hardy,jcarroll@example.org,United Kingdom,2024-06-04,Standard,47.27
5345,Aaron Mercado,kylewalker@example.org,Japan,2024-08-15,Standard,63.67
5346,Daniel Russell,ashleypoole@example.net,Japan,2022-11-03,Standard,25.97
5347,Pamela Hickman,frances83@example.com,India,2024-12-02,Standard,150.71
5348,George Gutierrez,mramos@example.net,United Kingdom,2023-06-13,Standard,47.97
5349,Joann Sanchez,xwells@example.com,Germany,2024-11-01,Basic,35.58
5350,Maureen Ramos,kelly05@example.net,Canada,2020-04-07,Standard,21.19
5351,Michael Pratt,michaelsmith@example.org,Brazil,2024-05-02,Standard,40.51
5352,Kelsey Hernandez,johnsonamber@example.com,United Kingdom,2025-09-13,Standard,57.46
5353,Amber Smith,todd45@example.com,United Kingdom,2026-01-31,Basic,50.08
5354,Richard Moss,shelly04@example.org,Australia,2026-04-07,Basic,29.23
5355,Michael Patterson,bethany16@example.com,Australia,2021-11-18,Standard,160.40
5356,Jeffrey Hall,millercynthia@example.net,France,2021-05-11,Standard,44.19
5357,Amanda Williams,allen47@example.net,Australia,2021-02-08,Basic,60.84
5358,Brenda Sims,matthew40@example.net,United Kingdom,2022-09-20,Standard,51.39
5359,Tammy Cruz,sullivanpatricia@example.net,Canada,2024-07-17,Premium,61.88
5360,Michael Huang,cindy56@example.net,Canada,2024-01-02,Basic,35.24
5361,Justin Powell,knappjeffrey@example.net,Australia,2023-10-15,Premium,34.73
5362,Ray Hendricks,ktaylor@example.com,Japan,2022-04-25,Standard,121.69
5363,Austin Hines,washingtonalexandria@example.org,United States,2024-06-18,Basic,173.67
5364,Shelby Salazar,monica24@example.com,United Kingdom,2021-08-06,Standard,177.16
5365,Patricia Blair,pmorales@example.net,Canada,2025-08-28,Standard,47.39
5366,William Barrera,michael98@example.org,United Kingdom,2023-04-13,Standard,39.98
5367,Adam Johnston,ksimpson@example.com,France,2021-11-28,Standard,42.46
5368,Jo Jones,rodgersbrent@example.net,Germany,2023-08-02,Standard,130.40
5369,Tracy Chung,farleywalter@example.org,Germany,2024-03-08,Basic,42.74
5370,Jamie Rodriguez,walkerandrew@example.net,Netherlands,2025-02-01,Standard,84.62
5371,Gabriel Pennington,andreadiaz@example.org,India,2023-04-29,Standard,82.25
5372,Christopher Bailey,xcowan@example.com,Germany,2023-01-04,Premium,78.29
5373,Jodi Jackson,crodriguez@example.com,United States,2021-05-28,Basic,44.55
5374,Jonathan Reese,kristinraymond@example.net,India,2026-03-20,Basic,35.84
5375,Justin Wagner,tracy50@example.net,Australia,2026-05-25,Standard,131.62
5376,Peter Schroeder,owilson@example.net,Australia,2022-02-16,Basic,60.61
5377,Todd Wilcox,cantubenjamin@example.com,France,2021-12-15,Standard,77.57
5378,Felicia Charles,mary47@example.org,France,2020-04-28,Basic,59.61
5379,Warren Fleming,katie52@example.com,Japan,2024-05-06,Standard,32.51
5380,Monica Wood,carolmoody@example.net,Australia,2025-08-24,Premium,87.01
5381,Tara Meyers,kellermary@example.org,France,2020-01-12,Basic,134.97
5382,Larry Cochran,kingwilliam@example.com,Brazil,2023-02-04,Standard,18.13
5383,Emily Thompson,seanwheeler@example.com,United Kingdom,2025-11-28,Standard,51.92
5384,Diana Lowe,asantiago@example.net,Australia,2020-10-15,Premium,131.87
5385,Caleb Bell,samuel40@example.org,Brazil,2025-05-18,Standard,140.84
5386,Craig Roth,eric55@example.com,United Kingdom,2022-11-10,Basic,161.36
5387,Teresa Roy,fcortez@example.org,Australia,2023-10-05,Standard,45.71
5388,Timothy Harrell,melvin09@example.net,France,2024-05-24,Basic,70.67
5389,Steven Gordon,kendra75@example.org,Netherlands,2024-07-16,Premium,19.49
5390,Melissa Gonzales,dixonjoshua@example.net,India,2022-07-06,Premium,28.13
5391,Andrew Beck,zjones@example.org,Germany,2025-05-14,Standard,84.94
5392,Brittany Harrison,tracymayer@example.net,Germany,2021-07-29,Standard,92.99
5393,Jeremy Le,jwright@example.com,United Kingdom,2024-01-29,Standard,49.02
5394,Rebecca Heath,ncarter@example.com,United States,2021-11-11,Standard,56.04
5395,Nicole Silva,kathryn87@example.net,Australia,2023-04-30,Premium,17.98
5396,Rachel Harris,theresaroberts@example.net,Australia,2020-10-02,Basic,58.86
5397,Sandra Christensen MD,freed@example.org,Germany,2020-07-02,Standard,68.37
5398,Jared Henderson,jenna90@example.net,Japan,2020-09-26,Standard,29.33
5399,Bill Martinez,nlucas@example.org,United States,2023-09-09,Basic,89.72
5400,David Williams,nancywebb@example.net,Germany,2020-03-22,Standard,28.37
5401,Matthew Pope,angelaferguson@example.org,Germany,2020-07-02,Premium,9.31
5402,Robert Moore,huntdaniel@example.com,Germany,2021-10-01,Basic,73.26
5403,Courtney Rice,dtaylor@example.org,France,2022-09-03,Standard,44.44
5404,Stephen Shannon,stephanie11@example.com,United Kingdom,2023-11-23,Premium,48.78
5405,Mr. Brandon Stewart,gstephens@example.com,France,2025-11-09,Standard,34.36
5406,Jason White,smithnicholas@example.com,United Kingdom,2021-06-25,Basic,89.86
5407,Charles Durham,sgomez@example.com,Australia,2024-06-22,Standard,106.23
5408,Lisa Thomas,lisacollins@example.com,Germany,2024-12-12,Basic,158.11
5409,Annette Conner,daniel82@example.com,Canada,2026-03-01,Basic,72.54
5410,Joseph Johnson,matthewmoses@example.org,Netherlands,2022-12-07,Basic,64.53
5411,Alicia Taylor,michelle99@example.com,Australia,2026-06-15,Premium,57.56
5412,Catherine Blanchard,johnsonyolanda@example.com,Netherlands,2023-08-25,Standard,160.66
5413,Mrs. Kristen Farmer,xbarnes@example.org,United Kingdom,2023-04-24,Standard,51.29
5414,Craig Fox,danielwilliams@example.org,India,2025-12-20,Standard,114.36
5415,Chloe Smith,rmiller@example.org,Japan,2023-06-07,Premium,30.74
5416,Cassandra Flynn,anthonywilliams@example.net,United Kingdom,2026-07-15,Standard,54.21
5417,Katherine Palmer,lsmith@example.net,Brazil,2022-08-30,Standard,55.99
5418,Sarah Jensen,patricia79@example.net,Brazil,2024-04-03,Standard,56.40
5419,Gary Thompson,hallsteven@example.net,Brazil,2026-04-21,Standard,134.55
5420,Tracey Murphy,geraldandrews@example.net,Brazil,2023-09-22,Standard,43.21
5421,Michael Singleton,rodriguezbrittany@example.net,Brazil,2022-12-27,Basic,60.17
5422,Katie Morales,tracy54@example.org,Australia,2024-09-30,Basic,43.07
5423,John Soto,michael47@example.net,Canada,2021-07-30,Basic,47.84
5424,Jason George,jilladams@example.com,Japan,2024-06-24,Basic,12.54
5425,Mariah Ramirez,timothybell@example.net,Canada,2020-04-03,Standard,68.15
5426,Shannon Porter,amy87@example.com,France,2021-08-07,Standard,53.93
5427,Cole Wallace,ncosta@example.net,Germany,2023-06-02,Premium,46.48
5428,Wendy Mann,codykoch@example.org,Germany,2021-10-10,Standard,38.55
5429,Jade Fisher,campbelljason@example.org,United States,2023-06-16,Premium,45.22
5430,Jared Davis,hbaker@example.org,Brazil,2025-08-04,Basic,18.11
5431,Samuel Graham,vanessasellers@example.com,United States,2022-10-20,Basic,41.81
5432,Angela Hughes,lisareyes@example.net,United States,2023-07-27,Standard,65.00
5433,James Carter,david66@example.org,Japan,2024-12-06,Premium,29.24
5434,Jerry Guzman,jamessmith@example.com,Canada,2026-08-11,Premium,34.64
5435,Lindsey Walsh,leslie40@example.com,Germany,2025-10-22,Basic,57.28
5436,Ryan Sherman,anthony19@example.net,United Kingdom,2023-03-05,Standard,33.89
5437,Robert Cuevas,robert73@example.net,Japan,2022-12-14,Basic,61.22
5438,Christopher Rodriguez,carly17@example.com,Canada,2023-06-19,Standard,77.66
5439,Jamie Gamble,hernandezjacob@example.net,India,2024-04-15,Basic,49.83
5440,Edward Jackson,sandersmark@example.com,United States,2024-07-26,Standard,71.94
5441,Matthew Carpenter,michaelgriffin@example.com,Germany,2020-04-19,Standard,54.79
5442,Micheal Shields,thomas75@example.org,Brazil,2024-08-25,Standard,286.79
5443,William Stewart,rbenson@example.com,Netherlands,2021-06-15,Basic,199.22
5444,Sarah Warren,hacevedo@example.net,Germany,2025-04-17,Basic,96.17
5445,Wesley Stewart,moralesjessica@example.org,France,2021-11-13,Standard,94.69
5446,Christopher Miles,davisjonathan@example.net,Canada,2023-07-29,Premium,29.94
5447,Thomas Mcconnell,virginia46@example.com,United States,2021-03-03,Basic,40.03
5448,Stacey Baker,vjones@example.com,United Kingdom,2020-09-09,Basic,57.85
5449,Tony Pena,flemingrichard@example.com,Australia,2022-12-29,Standard,131.41
5450,Bryan Hooper,thomas03@example.com,United Kingdom,2022-02-07,Standard,76.12
5451,James Clark,fitzpatrickrichard@example.org,France,2021-07-01,Basic,59.34
5452,Daniel Davis,wilsonemily@example.com,Germany,2023-08-01,Standard,108.83
5453,Julie James,gibsonanthony@example.org,France,2026-06-26,Standard,97.54
5454,Mary Christian,bgreen@example.org,Brazil,2025-06-18,Standard,51.04
5455,Steven Kim,kelly26@example.net,Australia,2024-11-04,Standard,47.49
5456,Christine Farmer,melissajones@example.com,Australia,2026-03-09,Basic,55.56
5457,Dawn Lutz,kevinguerrero@example.org,Netherlands,2021-09-24,Basic,143.93
5458,Paul Thomas,natalie66@example.org,Brazil,2022-04-19,Basic,54.92
5459,Sonya Martinez,stephaniebrown@example.com,France,2022-12-19,Premium,49.30
5461,Thomas Henderson,corey59@example.org,Australia,2021-11-19,Basic,85.89
5462,Cole Schaefer,dylan74@example.com,France,2022-05-12,Basic,33.84
5463,Emily Jordan,pottskaren@example.com,United States,2020-11-30,Standard,94.69
5464,Cindy Baird,debbie41@example.org,Canada,2024-09-14,Standard,36.37
5465,Natalie Clarke,velazquezdarlene@example.com,Japan,2024-09-11,Premium,25.37
5466,Sarah Williams,shermanalexander@example.com,United States,2020-11-21,Basic,79.16
5467,Jodi Bennett,knichols@example.net,Germany,2021-12-10,Standard,53.23
5468,Mrs. Melissa Morris,grantkatie@example.org,Germany,2023-02-02,Standard,83.93
5469,Derek Walker,danielle74@example.com,Netherlands,2025-03-27,Basic,57.66
5470,Brandon Simmons,wwright@example.net,Japan,2023-04-09,Standard,17.40
5471,Sarah Webb,eric53@example.org,Brazil,2022-09-03,Standard,24.14
5472,Bradley Adkins,brandon09@example.org,Germany,2022-01-15,Standard,89.59
5473,Mathew Rojas,christine89@example.net,Japan,2025-06-16,Premium,27.81
5474,Teresa Johnson,gary05@example.net,Japan,2026-05-13,Basic,24.30
5475,Derek Blair,timothy92@example.net,Brazil,2024-12-16,Basic,49.70
5476,Natalie Obrien,dsanders@example.com,United Kingdom,2022-07-01,Basic,42.80
5477,Kyle Hensley,keithsimmons@example.net,Netherlands,2026-07-02,Basic,64.53
5478,Rachel Thompson,burnettjennifer@example.net,Canada,2024-10-11,Standard,61.50
5479,Kim Fitzgerald,nhunt@example.org,Australia,2025-07-03,Standard,167.51
5480,Brittany Contreras,longlauren@example.org,United Kingdom,2024-04-04,Premium,115.01
5481,Julian Osborne,stevensbrandi@example.net,Brazil,2025-02-02,Premium,12.38
5482,John Taylor,jasonsosa@example.org,Brazil,2021-12-05,Premium,51.18
5483,Hailey Sherman,summersjeanette@example.org,Canada,2024-03-02,Standard,17.57
5484,Brian Hanna,lmartinez@example.net,Australia,2025-09-04,Basic,39.69
5485,Kathleen Thomas,lopezkylie@example.com,United Kingdom,2025-06-12,Standard,31.31
5486,Richard Lowe,debra37@example.com,Brazil,2025-11-20,Premium,81.35
5487,Jeffrey Allen,jennifer09@example.com,United States,2025-07-05,Standard,105.90
5488,Ana Fletcher,xgreen@example.net,United States,2024-10-21,Premium,117.20
5489,Tyler Leon,douglas05@example.net,France,2025-07-19,Basic,16.46
5490,Laura Howard,stephaniemckee@example.org,United Kingdom,2021-04-23,Standard,40.71
5491,Jennifer Powers,zsnyder@example.net,Brazil,2022-09-02,Basic,58.08
5492,Daniel Griffith,tracystevens@example.com,Brazil,2021-12-17,Standard,62.26
5493,Charles Allen,hendersonerin@example.org,Germany,2025-01-27,Standard,37.54
5494,Daniel Rodriguez,garciapamela@example.org,France,2020-05-04,Basic,117.50
5495,Sean Sullivan,xmurphy@example.net,United Kingdom,2020-12-17,Standard,57.37
5496,Rodney Martinez,stephanie41@example.org,Brazil,2020-10-17,Standard,145.90
5497,Mr. Paul Tanner,melissaescobar@example.net,Germany,2021-01-14,Standard,34.18
5498,Christine Guerra,xbrown@example.net,United Kingdom,2025-05-21,Standard,31.45
5499,Kristina Gonzales,wrightalexander@example.net,United Kingdom,2025-08-30,Standard,85.70
5500,Ashley Cabrera,timothyjackson@example.org,Brazil,2021-05-30,Standard,78.34
5501,Zachary Carlson,donaldbanks@example.net,France,2025-08-20,Basic,24.18
5502,Timothy Kirby,gjones@example.net,France,2022-01-15,Standard,24.95
5503,Regina Fernandez,joseph98@example.net,France,2021-07-26,Basic,180.30
5504,Patrick Hall,seanramirez@example.net,India,2022-06-09,Premium,15.29
5505,David Adams,davislaura@example.com,Australia,2022-10-02,Standard,84.15
5506,Scott Khan,kevindiaz@example.com,Canada,2020-11-03,Standard,93.79
5507,Tony Stone,smithrobin@example.com,United States,2025-09-01,Premium,22.74
5508,Peggy Johnson,sallyarnold@example.org,Brazil,2020-12-03,Standard,51.53
5509,Amy Arias PhD,annettereese@example.net,United States,2023-04-27,Basic,40.81
5510,Kaylee Doyle,travis98@example.org,Netherlands,2025-09-06,Standard,38.93
5511,Ariel Henson,stevengay@example.com,Japan,2023-07-06,Standard,41.41
5512,Jason Snow,javierjohnson@example.org,United Kingdom,2025-05-16,Standard,90.02
5513,Taylor Davis,newmanelaine@example.com,Netherlands,2022-07-19,Basic,19.37
5514,Leslie Rogers MD,higginsheidi@example.org,India,2024-06-19,Standard,54.82
5515,Anthony Freeman,tracybarber@example.org,Canada,2022-04-27,Standard,172.35
5516,Mr. Daniel Perry,kaufmanalan@example.org,United States,2021-09-10,Standard,25.86
5517,Mrs. Beverly Woods,natashakemp@example.com,Japan,2024-10-05,Premium,52.29
5518,Elizabeth Evans,myersmaria@example.com,Germany,2024-12-30,Standard,27.10
5519,Tammy Brown,sarah32@example.com,Brazil,2021-11-05,Premium,207.84
5520,Allison Moran,ilandry@example.net,United Kingdom,2023-01-28,Premium,41.35
5521,Barbara Johnson,patrickherman@example.com,United Kingdom,2024-01-04,Standard,16.14
5522,Gregory Dunn,vhatfield@example.net,Germany,2021-12-17,Standard,57.76
5523,Thomas Medina,boonelee@example.net,Canada,2024-08-18,Premium,69.15
5524,Frank Murphy,zryan@example.net,United States,2021-01-08,Premium,125.88
5525,Penny Holloway,vduarte@example.net,India,2026-07-13,Standard,143.11
5526,Debbie House,lbaker@example.org,India,2026-02-14,Standard,72.38
5527,Dr. Adam Cobb,rebecca55@example.com,United States,2020-02-26,Basic,36.29
5528,Lindsay Carlson,wilsonphillip@example.com,Germany,2020-11-09,Standard,34.50
5529,David Burton,austinpollard@example.org,United Kingdom,2024-11-06,Basic,27.14
5530,John Duncan,morgan58@example.org,United States,2021-09-08,Basic,82.31
5531,David Cherry,krista46@example.com,Japan,2020-12-22,Standard,59.80
5532,Jason Sweeney,williamskelly@example.org,Australia,2020-03-30,Basic,68.79
5533,Walter Pacheco,cindy68@example.org,Japan,2020-03-03,Standard,48.56
5534,Kristen Jacobs DVM,george60@example.com,India,2022-11-11,Standard,126.95
5535,Bradley Lee,ucoleman@example.com,Brazil,2021-11-06,Basic,95.91
5536,William Rodriguez,hortoncarrie@example.net,United States,2024-04-15,Standard,43.14
5537,Jacqueline Hawkins,sparkspatrick@example.org,Germany,2024-02-01,Basic,41.69
5538,Brian Bentley,richardsonmark@example.org,Netherlands,2024-11-12,Standard,31.42
5539,Mark Sutton,eparrish@example.com,Brazil,2025-04-24,Standard,43.44
5540,Sherry Cardenas,eavery@example.net,Canada,2023-12-05,Standard,35.00
5541,Brooke Wright,garretthannah@example.org,Netherlands,2025-01-08,Basic,36.05
5542,Victor Garcia,dmorales@example.org,United Kingdom,2024-06-23,Standard,53.64
5543,Jacob Vaughan,samantha46@example.net,Australia,2021-01-19,Standard,116.38
5544,Cathy Kline,johnparker@example.net,Australia,2022-05-20,Basic,35.69
5545,Mackenzie Nelson,delacruzmelissa@example.org,Germany,2021-10-31,Standard,79.81
5546,Mitchell Werner,katrina92@example.net,Netherlands,2026-01-23,Premium,62.49
5547,Susan Johnston,robbinsjoseph@example.com,Canada,2023-12-19,Standard,104.31
5548,Gerald Hodges,andrew09@example.net,India,2020-06-16,Basic,27.34
5549,Donna Figueroa,penny39@example.org,United Kingdom,2025-01-08,Standard,73.36
5550,Karen Wade,pcastro@example.com,Brazil,2024-01-14,Premium,32.76
5551,Daniel Schmidt,qbarnes@example.net,Netherlands,2021-08-03,Premium,40.77
5552,Sarah Gibson,john25@example.org,Canada,2020-09-17,Premium,79.30
5553,Jeremy Roman,imartinez@example.net,Brazil,2022-03-25,Premium,121.74
5554,Angela Martinez,zcoleman@example.org,Australia,2026-05-27,Standard,68.96
5555,Kenneth Wong,patriciamartin@example.com,France,2021-07-01,Premium,86.11
5556,Timothy Smith DDS,danielgraham@example.net,Japan,2021-05-19,Standard,19.87
5557,Allison Brooks,cwalton@example.com,Canada,2025-06-30,Standard,34.60
5558,Megan Baird,ngross@example.net,United Kingdom,2024-07-11,Standard,19.55
5559,Karen Olson,twilliams@example.com,United States,2023-03-08,Standard,27.95
5560,Julie Schaefer,nelsonmichael@example.com,United Kingdom,2021-11-04,Premium,94.76
5561,Bradley Richardson,tanyaferrell@example.net,France,2022-06-16,Standard,46.88
5562,Lisa Dean,jonathan40@example.net,Netherlands,2020-09-16,Standard,22.66
5563,Mark Henry,stephen52@example.com,United Kingdom,2020-10-25,Standard,42.46
5564,George Caldwell,sarah84@example.com,France,2022-01-26,Basic,46.64
5565,David Morgan,wmyers@example.net,Brazil,2026-07-23,Premium,61.53
5566,Dr. Tiffany Deleon DDS,teresa05@example.org,United States,2023-04-20,Standard,77.46
5567,Michelle Hampton,thomasgross@example.org,Brazil,2023-07-08,Standard,37.25
5568,Kristie Brown,uprice@example.net,United Kingdom,2022-08-14,Standard,26.89
5569,Jason Henderson,mckenzie26@example.com,Japan,2025-10-27,Basic,157.52
5570,Shaun Baker,frenchjacob@example.com,Canada,2026-05-18,Basic,30.40
5571,Isaac Brown,darlenetownsend@example.com,Canada,2026-06-29,Premium,46.90
5572,Danny Simpson,zmorrison@example.org,Netherlands,2024-06-15,Premium,162.72
5573,Brian Chaney,qbecker@example.org,Brazil,2024-12-19,Premium,70.35
5574,Gene Bond,willisperry@example.net,India,2023-07-31,Premium,54.42
5575,Andrew Price,vlang@example.net,Netherlands,2023-03-04,Premium,78.16
5576,Mario Thomas,baileychloe@example.net,Netherlands,2023-01-15,Basic,31.27
5577,Daniel Horn,mendozabrandon@example.net,Brazil,2023-02-10,Standard,25.31
5578,Randy Evans,mallory90@example.org,Brazil,2023-12-01,Premium,33.84
5579,Richard Hanson,mariereynolds@example.net,Netherlands,2020-05-16,Standard,140.61
5580,Margaret Velez,arnoldchristopher@example.com,Canada,2023-07-29,Basic,112.87
5581,Jennifer Baker,wilsonheather@example.net,India,2023-09-22,Premium,31.02
5582,Wendy Bullock,carlosrodriguez@example.org,Germany,2025-12-21,Standard,44.13
5582,Leslie Miller,ghoward@example.net,Germany,2022-01-15,Basic,41.57
5583,Bradley Thomas,ryan59@example.com,India,2021-07-23,Basic,41.06
5584,Dr. Lindsey Cruz,margarethart@example.net,Brazil,2023-10-03,Standard,43.41
5585,Daniel Meza,pfrazier@example.net,Brazil,2025-06-25,Standard,36.64
5586,Dr. Michael Mcclure,margaret83@example.net,United States,2021-12-09,Premium,87.69
5587,John Mendoza,olivia88@example.com,Netherlands,2021-12-08,Standard,87.61
5588,Robert Simon,courtney50@example.net,United States,2022-10-08,Premium,40.54
5589,Whitney Johnston,iwells@example.net,Canada,2021-12-12,Premium,42.67
5590,Christopher Ramos,moralesmichael@example.com,India,2025-12-12,Standard,55.83
5591,Raymond Dixon,joshuawilkinson@example.net,Germany,2021-05-30,Basic,63.76
5592,Michael Lawrence,jthomas@example.net,Germany,2026-03-20,Standard,33.50
5593,Debra Wheeler,jessicahobbs@example.net,Japan,2024-04-11,Basic,174.11
5594,John Scott,melissaponce@example.com,United States,2022-07-15,Premium,27.56
5595,Jeremy Bush,fcalhoun@example.org,Canada,2020-06-12,Standard,114.03
5596,Ruben Campbell,candicecline@example.com,Japan,2025-04-15,Standard,31.14
5597,Dustin Baker,todd18@example.org,Japan,2022-06-26,Basic,45.77
5598,Reginald Ramirez,stevenscurtis@example.org,United States,2023-03-24,Premium,33.63
5599,Jeffrey Leblanc,stephenmcneil@example.org,Brazil,2023-12-24,Standard,72.13
5600,Kevin Wood,christine35@example.com,Japan,2025-09-09,Standard,29.18
5601,Kayla Wood,stanleyanthony@example.org,France,2026-06-27,Basic,31.15
5602,Michael Ramsey,fbridges@example.org,Brazil,2022-05-13,Standard,91.57
5603,Anna Tapia,benitezheather@example.com,India,2024-03-07,Basic,51.54
5604,Tony Thornton,robert07@example.org,France,2022-06-03,Basic,22.21
5605,Karen Schultz,nlewis@example.org,Germany,2020-09-06,Standard,53.22
5606,Stanley Roberts,millernicole@example.org,France,2024-01-04,Premium,77.37
5607,Brooke Grimes,robertjones@example.net,United Kingdom,2021-02-20,Basic,91.21
5608,James Nelson,alexis06@example.org,Brazil,2022-05-09,Standard,65.91
5609,Emily Miller,dhouse@example.org,Brazil,2022-04-13,Premium,31.71
5610,Angela Greer,john80@example.com,Canada,2025-01-30,Basic,58.93
5611,Bradley Stewart,mcknightantonio@example.com,Brazil,2023-04-07,Basic,63.76
5612,Lisa Pruitt,sandrazimmerman@example.net,United Kingdom,2024-05-17,Standard,41.43
5613,Richard Lindsey,jbrown@example.com,Germany,2020-03-18,Standard,33.32
5614,Anthony Murphy,laura77@example.net,United Kingdom,2021-03-07,Premium,156.39
5615,Donald White,nicholas57@example.com,India,2023-12-02,Standard,85.35
5616,Shawn Alvarado,whancock@example.org,Japan,2023-01-05,Premium,19.00
5617,Gail Scott,xsherman@example.net,Netherlands,2023-01-04,Basic,81.45
5618,Brian Hoffman,rodgerserik@example.com,Japan,2023-07-12,Premium,58.66
5619,Bill Porter,reyesmiguel@example.net,France,2020-10-08,Basic,29.11
5620,John Kelley,michael70@example.net,Australia,2022-06-13,Premium,73.26
5621,Steven Escobar,paige44@example.net,India,2022-04-08,Basic,48.71
5622,Katherine Soto,julie94@example.org,Germany,2023-10-11,Standard,16.31
5623,Caleb Gonzales,gravesmelanie@example.org,Australia,2023-03-02,Standard,93.90
5624,Sherry Valentine,lkrause@example.com,Australia,2023-06-17,Standard,53.88
5625,Nicholas Ortega,jwilliams@example.com,India,2020-09-22,Standard,63.04
5626,James Ryan,phillipsmorgan@example.org,Netherlands,2024-01-27,Premium,176.67
5627,Stephanie Robinson,cvaldez@example.com,United States,2021-11-17,Premium,48.65
5628,Rachel Myers,barbara23@example.net,India,2022-12-25,Premium,59.67
5629,Rachel Morris,vegalawrence@example.org,Australia,2024-08-28,Basic,60.33
5630,Shelby Bailey,hoganryan@example.org,Netherlands,2024-03-16,Standard,38.54
5631,Jerry Kennedy,pageamanda@example.org,Canada,2023-03-22,Standard,192.04
5632,Brian Garrett,harold45@example.com,France,2022-09-21,Standard,210.55
5633,Carlos Davis,colson@example.com,Brazil,2020-08-09,Standard,48.32
5634,Sean Green,laurenthompson@example.org,Australia,2021-01-29,Standard,37.49
5635,Christopher Crane,sampsonbrittany@example.org,India,2020-06-25,Standard,28.61
5636,Ronald Buck,cindy83@example.org,France,2020-06-04,Standard,89.27
5637,Carolyn Townsend,kristen08@example.net,India,2026-03-08,Standard,22.35
5638,Shawn Myers,brittany44@example.net,Germany,2020-09-10,Standard,39.44
5639,Jared Anderson,davisemily@example.org,United Kingdom,2024-06-25,Basic,58.01
5640,Brittany Henry,robertpaul@example.net,Canada,2025-07-27,Standard,61.98
5641,Anthony Valdez,connermelissa@example.net,Japan,2024-07-15,Standard,83.50
5642,Lisa Dyer,stephenperez@example.com,Brazil,2021-01-15,Basic,61.15
5643,Jessica Gutierrez,stewartpeter@example.com,Australia,2025-03-26,Premium,77.50
5644,Tammy Francis,wliu@example.net,France,2020-02-05,Basic,71.43
5645,Dana Hensley,dchase@example.org,Germany,2024-02-01,Basic,79.91
5646,Cassandra Marks,jlopez@example.org,Germany,2026-04-13,Standard,57.40
5647,Alicia Gonzales,brandon80@example.com,Brazil,2024-02-08,Standard,45.48
5648,Mr. Ryan Melendez DDS,pweiss@example.net,Japan,2020-12-15,Standard,25.60
5649,James Fernandez,patricia00@example.net,Brazil,2024-05-07,Standard,153.96
5650,Nicole Hill,victoria39@example.org,Japan,2021-03-27,Basic,63.37
5651,April Ferguson,perezlisa@example.net,France,2025-03-20,Basic,67.94
5652,Sarah Sanchez,yclay@example.com,Germany,2021-01-21,Standard,39.21
5653,Leroy Williams,cindy04@example.com,Australia,2021-04-13,Basic,35.29
5654,Cameron Pena,julie30@example.com,Canada,2023-05-30,Basic,29.21
5655,Zachary Smith,moorestanley@example.com,Canada,2020-08-26,Standard,80.41
5656,Bailey Hanson,florescrystal@example.org,United Kingdom,2025-01-15,Standard,88.38
5657,Joshua Hampton,ruth54@example.com,Netherlands,2022-10-21,Standard,33.29
5658,Christopher Nguyen,hector40@example.com,Australia,2023-08-13,Standard,128.36
5659,Jacob Taylor,wallacemaxwell@example.org,Germany,2022-10-18,Standard,36.09
5660,Christopher Mcdonald,charles50@example.org,United Kingdom,2024-01-19,Standard,147.23
5661,Veronica Reed,owenangela@example.com,United States,2024-04-20,Standard,110.77
5662,Anita Johnson,david91@example.net,India,2021-01-08,Standard,52.13
5663,Taylor Smith,underwoodcurtis@example.org,Japan,2022-08-11,Basic,54.77
5664,Andrea Patterson,crystal04@example.net,Germany,2022-01-07,Standard,44.57
5665,Mario Mueller,javieringram@example.com,Brazil,2020-04-30,Standard,75.98
5666,Jorge Hood,lhoffman@example.com,Brazil,2021-04-13,Standard,35.59
5667,Samuel Morrison,bobbywalls@example.net,France,2023-05-22,Basic,123.31
5668,Robert Gonzales,xirwin@example.com,Germany,2024-09-26,Premium,35.75
5669,Daniel Bruce,kevinhess@example.org,Germany,2024-01-20,Premium,109.11
5670,Stephanie Price,taylorlawrence@example.org,India,2022-10-30,Standard,44.66
5671,Hannah Steele,molly64@example.org,India,2026-07-05,Standard,67.04
5672,Linda Sparks,barrettrachel@example.com,Australia,2024-02-19,Premium,25.65
5673,Joshua Flores,stephanie81@example.com,United Kingdom,2025-01-31,Standard,72.33
5674,Tanya Rodriguez,hendrickspatrick@example.org,India,2025-11-20,Standard,18.92
5675,Priscilla Allen,lwilliamson@example.com,India,2022-04-27,Standard,28.94
5676,Christine Hess,andersonalan@example.org,Netherlands,2021-09-04,Premium,32.77
5677,Erika Bishop,dalehudson@example.org,Japan,2024-07-18,Basic,190.47
5678,Danielle Conley,tylergreen@example.org,India,2022-03-10,Standard,28.55
5679,Andrew Porter,bhickman@example.net,Australia,2022-07-29,Basic,35.72
5680,Nicholas Obrien,paulrojas@example.com,United Kingdom,2020-04-11,Standard,207.93
5681,Wesley Washington,gharris@example.org,Japan,2026-06-24,Basic,67.60
5682,Stephen Williams,cameronkim@example.org,Brazil,2025-11-06,Premium,121.10
5683,Elizabeth Porter,mjohnson@example.net,Netherlands,2022-08-31,Standard,80.46
5684,Brenda Smith,hcox@example.net,Canada,2026-04-21,Basic,38.11
5685,Victoria Thompson,zfranco@example.com,Japan,2021-09-01,Premium,71.36
5686,Adam Hampton,suarezamy@example.net,Germany,2021-08-26,Basic,34.76
5687,Amy Meadows,gcastaneda@example.net,Germany,2022-06-28,Standard,64.17
5688,Jaclyn Stephens,tchapman@example.net,Japan,2025-03-08,Standard,77.07
5689,Angela Cole,nicholas80@example.com,Japan,2021-08-20,Basic,16.58
5690,Rachel Holder,ericmitchell@example.net,Canada,2021-03-04,Basic,14.72
5691,Kim Baker,hsmith@example.org,Japan,2025-03-29,Basic,94.55
5692,Deanna Odonnell,williamsonrobin@example.com,Canada,2020-09-26,Standard,77.46
5693,Kimberly Lee,cpierce@example.com,Australia,2023-03-28,Standard,46.33
5694,Michael Moon,umccullough@example.net,United Kingdom,2024-12-16,Basic,33.93
5695,Zachary Watts,paulwhite@example.org,Japan,2021-06-26,Standard,41.67
5696,Anthony Weeks,vwarner@example.net,United States,2020-11-29,Standard,82.83
5697,Kim Hardy,treid@example.org,Canada,2024-04-11,Standard,126.48
5698,William Parsons,wilkinsonjason@example.net,Brazil,2022-10-01,Premium,32.43
5699,Kelly Crawford,scottmartinez@example.net,France,2025-03-16,Premium,29.74
5700,Dr. Brett Welch,victoria15@example.com,United States,2024-09-16,Basic,58.30
5701,Valerie Wilson,egonzalez@example.com,Brazil,2021-10-03,Premium,57.53
5702,Kristopher Hill,ybarnett@example.org,Canada,2025-09-24,Standard,30.89
5703,Darrell Aguirre,john17@example.net,Brazil,2022-02-17,Premium,66.51
5704,Andrew Parker,debra97@example.com,Brazil,2023-12-16,Basic,80.99
5705,Jennifer Prince,dorseyscott@example.com,Australia,2020-05-12,Standard,55.51
5706,Brenda Greene,riverashane@example.com,Japan,2021-11-18,Basic,15.12
5707,Calvin Leach,udixon@example.com,Netherlands,2025-12-05,Premium,33.92
5708,Christopher White,edward58@example.com,Germany,2026-01-16,Standard,82.32
5709,Luis Williams,mcknightfernando@example.net,Brazil,2024-04-10,Standard,54.41
5710,Jose Gonzales,garciaveronica@example.com,Brazil,2021-04-19,Standard,31.29
5711,David Taylor,angelalambert@example.net,Brazil,2020-03-13,Premium,147.74
5712,Brenda Howard,maryestrada@example.net,Brazil,2025-10-29,Basic,64.39
5713,Stephanie Bird,rodney86@example.org,Japan,2022-04-08,Standard,209.45
5714,Justin Hansen,perezrichard@example.com,Brazil,2020-08-08,Basic,142.82
5715,Charles Hall,james14@example.net,Netherlands,2020-01-06,Premium,23.43
5716,Brittany Patterson,adam60@example.org,United Kingdom,2022-03-06,Standard,66.12
5717,Larry Johnson,melissa09@example.com,Australia,2021-07-26,Basic,68.07
5718,Ruben Watkins,smithcarla@example.com,Canada,2023-12-16,Standard,94.86
5719,John Stone,kyle43@example.org,Canada,2025-07-09,Basic,24.28
5720,Peter Vazquez,melissa27@example.net,India,2025-09-09,Standard,77.82
5721,Maurice Pierce,pruittleroy@example.net,Canada,2020-11-17,Basic,51.29
5722,Dr. Christopher Jenkins MD,mparks@example.org,Canada,2021-12-14,Premium,74.25
5723,Amy Patel,ghudson@example.org,Australia,2024-02-23,Basic,40.85
5724,Anna Caldwell,epotter@example.org,Brazil,2022-09-02,Basic,140.75
5725,Jennifer Thompson,aaron25@example.org,India,2024-12-21,Standard,44.75
5726,Ronnie Lucas,ymcknight@example.com,United Kingdom,2020-11-28,Standard,97.04
5727,Heather Boone,bmorgan@example.net,Netherlands,2022-03-04,Basic,62.06
5728,Angela Ferrell,justinoneal@example.net,Canada,2021-10-19,Standard,81.54
5729,Cheryl Roberson,moorenathaniel@example.net,Netherlands,2022-03-27,Premium,84.21
5730,Katherine Stewart,mcooper@example.net,France,2026-01-24,Premium,36.81
5731,Frank Rivers,briancummings@example.net,Netherlands,2021-05-11,Standard,60.17
5732,Todd Chandler,kathrynwilliams@example.org,Japan,2026-06-11,Premium,70.25
5733,Kathleen Bush,kentjohn@example.org,Germany,2023-01-04,Basic,37.11
5734,Vanessa Watkins,dawn43@example.org,Japan,2024-05-23,Basic,41.49
5735,Suzanne Steele,michael78@example.com,Canada,2026-01-17,Standard,39.22
5736,Beverly Fields,natalie04@example.com,Canada,2023-02-12,Premium,13.36
5737,Sean Rodgers,nball@example.com,Canada,2024-08-11,Basic,87.81
5738,Jennifer Burton,dorisphillips@example.net,India,2026-05-12,Standard,37.85
5739,Dorothy Thompson,johnsoncandace@example.com,Brazil,2023-02-14,Standard,39.33
5740,Bonnie Anderson,bethwright@example.com,Germany,2026-02-22,Basic,32.53
5741,Raymond Ponce,rodneyhunter@example.net,Canada,2023-12-19,Standard,51.04
5742,Jack Elliott,justinvargas@example.org,Japan,2022-08-25,Standard,49.23
5743,Crystal Gregory,wardmelinda@example.net,Netherlands,2021-07-14,Premium,68.57
5744,Randy Mitchell,patricia51@example.net,India,2026-02-02,Basic,135.04
5745,Jennifer Pearson,joshua70@example.net,Netherlands,2021-02-22,Basic,135.13
5746,Ebony Morris,casejohn@example.com,Japan,2026-04-24,Premium,40.24
5747,Shannon Harvey,yfernandez@example.net,Japan,2024-02-02,Standard,64.17
5748,Brittney Martin,sclark@example.net,Germany,2023-04-29,Premium,80.97
5749,Anna Keller,bauerian@example.com,United States,2026-05-25,Basic,27.27
5750,Kathy Robinson,floresjose@example.com,United Kingdom,2021-12-12,Basic,54.24
5751,Mr. Alfred Johnson,dreid@example.org,United Kingdom,2023-07-16,Basic,88.86
5752,Daniel Wallace,stacey06@example.org,Brazil,2022-08-08,Standard,45.09
5753,George Hernandez,sarahreeves@example.org,United States,2025-10-10,Standard,115.95
5754,Amanda Palmer,dobrien@example.com,Germany,2021-03-06,Basic,198.74
5755,Gary Graves DDS,scottmiddleton@example.com,India,2023-08-04,Standard,28.29
5756,Ashley Stone,mhouston@example.com,Japan,2026-08-10,Basic,75.33
5757,Vicki Rocha,joshua19@example.net,United Kingdom,2021-09-20,Premium,43.04
5758,Jennifer Thomas,kdudley@example.org,United States,2023-03-04,Standard,193.54
5759,Larry Ray,garcialinda@example.com,Netherlands,2021-05-21,Standard,18.97
5760,Wendy Rosario,timothycampbell@example.net,Brazil,2022-10-13,Basic,54.68
5761,Matthew Andrews,dawn33@example.org,Japan,2024-12-12,Standard,32.27
5762,Jon Mosley,charlesortega@example.net,United Kingdom,2024-05-21,Standard,90.88
5763,Jamie Mccoy,jensenrodney@example.org,France,2023-05-16,Basic,21.53
5764,Carolyn Rice,danielsmith@example.org,United Kingdom,2022-09-03,Standard,57.77
5765,Nicole Humphrey,elizabeth95@example.net,Australia,2023-12-27,Standard,144.57
5766,Gabriel Hunt,mackmichael@example.net,India,2020-08-03,Premium,46.54
5767,Michael Rivera,baxterkristen@example.org,Australia,2022-06-10,Basic,118.75
5768,Mrs. Monica Mcdonald,paigedavenport@example.com,Australia,2025-02-07,Basic,35.97
5769,Ryan Cruz,jennaschaefer@example.com,Canada,2022-02-28,Basic,72.50
5770,Emily Davis,haroldbartlett@example.net,India,2025-03-28,Basic,34.94
5771,Scott Johnson MD,frank43@example.net,Japan,2024-01-09,Premium,62.23
5772,Matthew Adams,jessicacollins@example.net,Canada,2021-05-16,Basic,34.76
5773,Wayne Andrews,wheeleranne@example.net,Brazil,2020-07-02,Premium,37.55
5774,Donald Church,qthompson@example.net,Brazil,2020-11-11,Standard,34.98
5775,Henry Nash,katiegriffin@example.net,Germany,2022-08-20,Standard,88.95
5776,Jeremy Flores,elizabethgutierrez@example.com,Netherlands,2026-03-10,Standard,115.85
5777,Barbara Johnson,huangeric@example.org,France,2025-10-28,Basic,80.53
5778,Albert Kelly,christopherschmidt@example.com,Germany,2021-08-17,Premium,27.26
5779,Trevor Jones,hillmaria@example.com,Japan,2023-09-26,Premium,20.20
5780,Rebecca Schmitt,ushaffer@example.com,France,2020-06-27,Basic,39.38
5781,Patricia Smith MD,brian43@example.com,Netherlands,2025-09-08,Standard,59.32
5782,Ryan Singleton,matthew64@example.com,India,2024-05-03,Standard,31.33
5783,Leah Woods,dcox@example.org,Netherlands,2025-06-15,Standard,43.25
5784,Frederick Smith,christopher05@example.org,Brazil,2023-08-13,Standard,66.99
5785,Jessica Park,johnbrown@example.com,India,2021-04-11,Basic,33.17
5786,Sara Monroe,collinstodd@example.org,United Kingdom,2020-05-27,Basic,71.06
5787,Ricardo Russo,jeffrey73@example.org,Australia,2025-09-19,Basic,12.91
5788,Andrea Macdonald,amysmith@example.com,Canada,2025-11-21,Standard,35.90
5789,Regina Gray,mhernandez@example.org,Japan,2024-01-04,Basic,37.26
5790,Bryan Munoz,mikayla71@example.org,Netherlands,2025-04-13,Premium,118.84
5791,Anthony Wilson,ryanberg@example.org,United Kingdom,2026-07-03,Standard,56.87
5792,Julie Lynch,ksandoval@example.net,India,2025-04-07,Standard,14.06
5793,Andrew Conrad,daltonjohnston@example.com,Netherlands,2024-02-29,Standard,53.42
5794,Jason Jones,jnunez@example.com,France,2024-07-12,Basic,72.54
5795,Jose Potter,edwardroy@example.net,Netherlands,2024-03-06,Basic,46.69
5796,Kathy Scott,jennifer79@example.net,India,2022-05-27,Premium,51.83
5797,Kimberly Jordan,spencerhowell@example.net,Germany,2023-07-02,Standard,49.71
5798,Michael Smith,sergioking@example.net,Germany,2026-04-19,Basic,43.58
5799,Robert Garza,hudsonscott@example.com,Brazil,2021-09-09,Standard,38.51
5800,Christian Barrett,allen33@example.com,India,2021-10-24,Standard,22.68
5801,Andrea Smith,conleypatrick@example.net,United States,2020-07-05,Standard,82.54
5802,Jennifer Hurley,rebeccawhite@example.com,France,2020-06-02,Standard,47.91
5803,Amy Ramirez,davidsonshannon@example.com,Brazil,2020-11-13,Standard,28.74
5804,Terrence Ortiz,elizabethpatton@example.net,Japan,2023-08-31,Premium,82.40
5805,Matthew Carr,taylorryan@example.org,France,2020-05-06,Basic,86.14
5806,Regina Johnson,daniel13@example.com,Netherlands,2021-02-21,Basic,52.92
5807,Diana Green,twheeler@example.com,United Kingdom,2023-09-25,Premium,45.47
5808,Philip Jensen,faith81@example.com,France,2023-04-29,Premium,67.95
5809,Dr. Vanessa Dean DDS,troycunningham@example.org,Japan,2025-05-25,Standard,11.43
5810,Marcus Anthony,iclarke@example.net,Germany,2023-12-02,Basic,81.94
5811,Thomas Jones,dbernard@example.net,India,2025-11-03,Premium,128.34
5812,Nathan Davis,kyle16@example.net,Canada,2025-12-02,Basic,51.71
5813,Diana Waller,rmalone@example.org,Germany,2020-05-14,Standard,73.66
5814,Amanda Yang,eoneal@example.org,India,2024-08-10,Basic,46.87
5815,Karen Dawson,angela40@example.com,Canada,2020-06-23,Standard,74.45
5816,Anthony Miller,jacqueline24@example.org,Netherlands,2026-04-03,Basic,66.06
5817,Gregory Hansen,francisapril@example.com,India,2025-08-29,Standard,142.89
5818,Eric Spears,jthompson@example.net,United States,2022-11-09,Basic,96.51
5819,Vincent Reed,gbaker@example.net,Canada,2021-08-08,Standard,33.19
5820,Angela Taylor,howardcox@example.net,Japan,2025-08-17,Basic,25.98
5821,Victoria Ramos,qhall@example.net,United States,2021-05-16,Standard,27.87
5822,Laura Jefferson,eterry@example.org,Brazil,2020-03-02,Standard,103.05
5823,Heather Wood,robertojackson@example.net,United Kingdom,2023-07-09,Premium,33.31
5824,Joseph Smith,heatherscott@example.org,United States,2021-02-26,Standard,25.28
5825,Donald Garcia,edwardsmia@example.com,Japan,2026-08-10,Basic,67.50
5826,Stephanie Mcgrath,molly13@example.net,Brazil,2022-06-01,Basic,51.54
5827,Jonathan Lewis,ericmcconnell@example.com,Japan,2024-09-02,Standard,84.22
5828,Robyn Hernandez,dallen@example.com,Australia,2025-12-02,Premium,61.00
5829,Parker Carroll,dylanyoung@example.net,Brazil,2023-05-09,Basic,32.87
5830,Carol Smith,bmoody@example.com,Australia,2023-05-28,Basic,185.07
5831,David Vazquez,oliviabrooks@example.org,Australia,2021-01-18,Standard,76.50
5832,Steven Williams,jennifer04@example.net,Germany,2022-08-18,Basic,26.50
5833,Jeremiah White,aprillopez@example.net,France,2023-09-16,Standard,66.11
5834,Sherri Moore,michellecurry@example.org,United Kingdom,2021-07-22,Basic,64.34
5835,Antonio Bell,misty73@example.com,France,2020-10-26,Standard,64.17
5836,Teresa Beck,margarettaylor@example.org,United Kingdom,2020-05-13,Premium,26.44
5837,Jacob Horn,xchaney@example.org,Brazil,2023-08-31,Standard,55.75
5838,Pamela Calderon,xburgess@example.org,Australia,2021-04-17,Standard,38.81
5839,Sarah Gardner,sharon77@example.com,Australia,2022-08-17,Standard,43.22
5840,Jeffrey Lawrence,flewis@example.org,United Kingdom,2023-06-29,Premium,128.01
5841,Faith Wagner,bsmith@example.net,Canada,2023-04-29,Standard,136.77
5842,Courtney Hopkins,yatesjanet@example.net,Australia,2020-11-28,Standard,71.49
5843,Helen Lee,vowen@example.com,Japan,2021-01-09,Standard,55.13
5844,Evelyn Moore,yconner@example.com,Japan,2024-05-11,Standard,26.61
5845,Vincent Douglas,sara22@example.org,United States,2024-01-19,Standard,50.19
5846,Melissa Hughes,kelsey44@example.org,Germany,2021-02-22,Standard,32.33
5847,Terri Williams,aprilwest@example.net,India,2023-02-20,Standard,48.37
5848,Kyle Morgan,zhudson@example.net,Netherlands,2024-05-10,Standard,245.76
5849,Nathan Jensen,beandiane@example.net,United States,2025-04-14,Premium,52.70
5850,Mrs. Elizabeth Lopez DDS,jamesterri@example.net,Canada,2022-09-22,Basic,16.62
5851,Matthew Walters,gnorton@example.org,Japan,2026-05-05,Premium,22.51
5852,Andrew Perkins,nicholas56@example.org,United Kingdom,2025-12-22,Premium,73.25
5853,Kimberly Aguilar,charles35@example.org,United Kingdom,2020-01-22,Standard,53.28
5854,Kelly Reyes,byrdsherry@example.net,United Kingdom,2023-06-10,Premium,21.55
5855,Douglas Garner,foxchristopher@example.org,Brazil,2021-12-03,Standard,70.95
5856,Katie Cook,janejohnson@example.com,France,2022-11-19,Premium,52.30
5857,Brian Gonzalez,jose43@example.com,United States,2021-09-03,Standard,27.15
5858,Jon Butler PhD,ttrevino@example.net,Brazil,2021-04-18,Standard,147.38
5859,Thomas Brown,kimberlyjones@example.net,Canada,2020-11-24,Premium,40.76
5860,Victoria Hudson,jesse43@example.org,Canada,2024-10-12,Standard,21.36
5861,Rachel Thompson,xrivera@example.com,Australia,2021-07-23,Standard,35.21
5862,Sarah Kennedy,hawkinssusan@example.org,Canada,2023-08-06,Standard,85.14
5863,Stephanie Garcia,fmartin@example.net,France,2022-11-01,Standard,105.27
5864,James Robinson,tamarakelly@example.net,Canada,2026-02-07,Premium,59.01
5865,Brian Buchanan Jr.,ginarodriguez@example.org,Netherlands,2021-08-08,Basic,56.54
5866,Kelly Arnold,jacquelinemelton@example.com,Japan,2021-05-20,Standard,34.10
5867,Daniel Vincent,patelcheryl@example.org,United Kingdom,2023-01-13,Premium,175.75
5868,James Tran,jamesdavid@example.com,United States,2023-08-05,Standard,91.62
5869,Alicia Nolan,smithmaurice@example.org,Germany,2026-05-03,Basic,36.36
5870,Amy Sanders,stevensdonna@example.org,Australia,2020-05-28,Premium,46.31
5871,Matthew Friedman,ericdaniels@example.org,India,2023-05-04,Basic,34.36
5872,Ann Carlson,anthonyknight@example.net,Australia,2025-03-22,Basic,50.76
5873,James Grimes,jonesruth@example.com,United Kingdom,2020-01-02,Premium,52.60
5874,Steven Moore DDS,lisajohnson@example.com,India,2022-01-24,Premium,60.57
5875,Ryan Harris,michael98@example.org,Brazil,2021-10-05,Basic,47.31
5876,James Lopez,jeremy35@example.org,Australia,2020-07-23,Standard,52.00
5877,Laura Gray,markjones@example.com,Brazil,2023-07-19,Standard,28.70
5878,David Johns,,Japan,2020-10-13,Standard,97.33
5879,Calvin Vargas,elizabeth51@example.org,Japan,2023-04-21,Basic,30.91
5880,Aaron Parker,lharris@example.org,Canada,2020-02-08,Basic,57.41
5881,David Elliott,matthewwelch@example.com,United States,2020-09-13,Standard,19.74
5882,Heidi Ramirez,lauraperez@example.net,France,2025-02-09,Premium,37.98
5883,Adam Pope,cassidychapman@example.net,India,2021-06-25,Premium,54.23
5884,Brandon Collins,curtis26@example.com,Netherlands,2025-01-11,Standard,57.75
5885,Ronald Smith,deborahadams@example.com,Brazil,2022-03-01,Premium,43.60
5886,Molly Sampson,kayla55@example.net,Germany,2024-08-14,Standard,13.70
5887,Brent Garcia,sdalton@example.net,Australia,2023-03-23,Basic,82.95
5888,Gregory Greene,taylorgary@example.org,India,2024-03-17,Standard,34.93
5889,John Bailey,sullivanalfred@example.net,Australia,2021-02-10,Standard,75.30
5890,Candice Briggs,hcosta@example.net,Canada,2020-01-27,Basic,78.24
5891,Brandon Myers,wkennedy@example.org,India,2023-10-16,Basic,57.97
5892,Diane Gonzalez,dorothynunez@example.net,France,2023-04-16,Premium,67.66
5893,Kristin Blake,ireed@example.net,Japan,2021-10-17,Basic,60.96
5894,Aaron Bruce,kmueller@example.org,India,2025-04-12,Standard,52.28
5895,Michael Perez,bmiller@example.org,Australia,2026-02-02,Standard,54.38
5896,Richard Sharp,sbennett@example.org,Brazil,2023-05-26,Standard,45.68
5897,Gabrielle Brown,lwilson@example.com,Netherlands,2024-03-11,Premium,86.51
5898,Tonya Williams,michael55@example.org,Canada,2021-07-17,Standard,74.16
5899,Craig Edwards,whitneyjennifer@example.com,United Kingdom,2023-02-22,Standard,65.51
5900,Jason Davis,derek72@example.net,Germany,2022-06-17,Premium,22.75
5901,Matthew Wilson,cunninghamshelby@example.com,Germany,2022-05-01,Basic,50.68
5902,Craig Smith,cortega@example.org,France,2020-06-15,Basic,35.61
5903,Jack Rogers,daniel06@example.org,France,2022-06-01,Standard,57.50
5904,Joanna Lopez,donnamiller@example.com,Australia,2025-10-26,Standard,46.95
5905,Benjamin Wood,amysolomon@example.com,Brazil,2026-07-09,Basic,93.23
5906,Heather Dunn,davisjohn@example.com,Japan,2024-05-11,Basic,22.90
5907,Paul Carr,angelagriffin@example.net,Canada,2023-10-10,Standard,124.74
5908,Tina Small,gmontgomery@example.org,United States,2024-10-23,Standard,48.55
5909,Jessica Rodriguez,lauriehenderson@example.net,Japan,2022-06-13,Standard,252.79
5910,Nathan Copeland,harringtonsherri@example.com,France,2021-12-22,Premium,38.39
5911,Janet Rivera,dbennett@example.net,Canada,2026-06-23,Premium,46.03
5912,Angela Camacho,peterssandra@example.org,Netherlands,2022-09-28,Premium,174.46
5913,John Smith,john99@example.net,Japan,2024-03-20,Standard,34.50
5914,Lori Duran,xavierwilson@example.org,France,2022-11-18,Standard,49.58
5915,Gavin Smith,kingallison@example.org,United States,2025-08-07,Basic,39.69
5916,Jennifer Wall,sheilachambers@example.net,United States,2021-02-21,Standard,154.22
5917,Kendra Maxwell,herreratamara@example.net,Germany,2021-10-02,Standard,41.60
5918,Sierra Horn,alyssaharris@example.net,United Kingdom,2021-10-26,Standard,64.67
5919,Morgan Weaver,james67@example.org,Germany,2025-03-07,Standard,56.21
5920,Oscar Walsh,perezrachel@example.com,France,2022-03-07,Premium,69.70
5921,Shelby Perkins,lconner@example.org,Canada,2021-10-10,Basic,30.44
5922,Lauren Johnson,navarromark@example.com,France,2020-09-15,Standard,16.98
5923,Destiny Atkinson,tiffany44@example.com,Australia,2024-09-07,Premium,73.77
5924,Kaitlin Tran,prestonjohn@example.com,Japan,2022-08-08,Basic,87.34
5925,Bruce Holt,,United States,2023-11-01,Standard,135.55
5926,Ernest Melendez,julie56@example.com,Netherlands,2026-07-28,Standard,39.75
5927,Mike Robinson,annawhite@example.com,Canada,2024-07-29,Standard,107.64
5928,Madison Miller,stacie70@example.org,Germany,2024-11-20,Basic,22.18
5929,Vanessa Bradshaw,nguyenrichard@example.com,Brazil,2021-03-31,Standard,15.74
5930,Jerry Holmes,bryan34@example.org,Brazil,2020-01-29,Basic,37.07
5931,Robert Kelley,edwardray@example.net,United States,2021-11-27,Basic,43.86
5932,Lauren Ruiz,wjohnson@example.net,Brazil,2023-01-23,Premium,37.36
5933,David Wright,moorejoseph@example.org,Japan,2021-12-08,Basic,52.07
5934,Benjamin Carney,stevenferguson@example.org,Japan,2024-04-25,Standard,138.52
5935,Mr. Jeffrey Hoffman,justinlopez@example.net,United Kingdom,2023-06-10,Standard,56.97
5936,Mrs. Tammy Jackson MD,gmartinez@example.net,Brazil,2020-08-25,Premium,236.56
5937,Bryan Summers,steven73@example.net,Germany,2023-10-02,Basic,23.63
5938,Wanda Brown,sarah64@example.com,Netherlands,2022-11-30,Basic,18.49
5939,Jennifer Hall,osbornewilliam@example.com,United Kingdom,2023-04-17,Standard,46.77
5940,Debra Dunn,smithmiranda@example.net,Canada,2024-11-19,Standard,54.57
5941,Noah Wu,martinezamy@example.com,United States,2021-10-05,Premium,79.28
5942,Tracy Wu,bbrooks@example.org,United Kingdom,2025-09-14,Standard,121.57
5943,Megan Campbell,penny89@example.org,Japan,2026-06-01,Standard,34.60
5944,Renee Lopez,,Australia,2020-06-07,Premium,23.18
5945,Amanda Ayers,ryanmcdonald@example.com,United States,2023-08-15,Premium,25.81
5946,Angela Elliott,zrobinson@example.com,United Kingdom,2026-01-29,Standard,63.00
5947,Leah Harris,blackjames@example.org,Canada,2021-02-26,Standard,50.20
5948,Steven Warren,torresadam@example.org,France,2023-01-09,Standard,83.92
5949,John Scott,joshuarodriguez@example.org,Japan,2020-03-05,Standard,125.83
5950,Kristen Davis,jessicagonzalez@example.net,Canada,2020-08-22,Premium,53.65
5951,Tammy Alvarez,,Brazil,2024-01-15,Basic,90.00
5952,Priscilla Garcia,pamelamartin@example.com,Brazil,2020-09-21,Premium,31.03
5953,Holly Gordon,coxrachael@example.net,Australia,2020-12-07,Basic,48.90
5954,Arthur Williams,austinthompson@example.org,Germany,2023-01-07,Standard,81.15
5955,Joseph Powell,johncollins@example.net,United Kingdom,2024-01-01,Basic,39.89
5956,Jason Vazquez,williamcollins@example.org,France,2021-12-29,Standard,30.96
5957,Danielle Davis,alyssa10@example.com,Canada,2024-01-06,Basic,52.69
5958,Dana Lynch,lherrera@example.net,Canada,2023-01-15,Standard,34.61
5959,Teresa Cowan,carolynfernandez@example.net,Netherlands,2022-12-04,Standard,41.20
5960,Kelly Hill,tammymcguire@example.com,Canada,2024-06-24,Standard,16.47
5961,Monica Sanchez,john53@example.com,Netherlands,2022-11-12,Standard,116.73
5962,Jennifer Heath,bradjackson@example.com,Canada,2026-01-12,Standard,68.36
5963,Priscilla Moore,petersonlauren@example.net,Germany,2023-10-17,Premium,91.82
5964,Michael Ramirez,rothpaul@example.net,Brazil,2023-04-10,Standard,49.75
5965,Angela Hernandez,fjohnson@example.com,Netherlands,2026-05-22,Standard,35.30
5966,Justin Todd,scottsamuel@example.org,France,2024-06-21,Standard,80.18
5967,Cody Velasquez,justingriffin@example.net,Brazil,2026-07-25,Premium,39.87
5968,Beverly Hayes,epark@example.org,United Kingdom,2025-05-04,Standard,48.48
5969,Marie Rivera,ajohnson@example.org,United States,2021-04-17,Basic,37.49
5970,Amber Ward,mccarthyrickey@example.net,Canada,2021-01-08,Basic,42.49
5971,Danielle Robinson,scarter@example.com,Japan,2024-01-28,Basic,47.69
5972,Karen Flowers,tsullivan@example.org,Germany,2022-07-06,Basic,27.00
5973,Grant Chavez,robert18@example.com,Canada,2021-06-15,Basic,52.74
5974,Leon Oconnell,xsmall@example.net,Canada,2020-04-30,Standard,120.50
5975,Kayla Wolfe,robertnichols@example.net,India,2026-07-28,Basic,55.69
5976,Cheryl Harvey,icarter@example.net,Germany,2024-08-22,Standard,54.76
5977,Aaron Bell,ijohnson@example.com,India,2025-09-19,Standard,106.54
5978,John Holmes,dcrawford@example.org,Netherlands,2024-05-21,Standard,31.49
5979,Susan Blake,kristine98@example.net,United Kingdom,2024-12-10,Standard,14.83
5980,Christopher Carter,estessamuel@example.com,United Kingdom,2023-07-26,Basic,72.10
5981,Elizabeth Henry,maryromero@example.net,France,2025-01-10,Standard,40.57
5982,Kayla Bennett,garrettsamuel@example.net,United States,2020-11-02,Standard,183.68
5983,Ashley Petersen,michele08@example.com,Brazil,2021-09-22,Standard,40.01
5984,Nicole Clark,ahardin@example.com,United Kingdom,2022-08-22,Basic,33.25
5985,Christopher Ruiz,erikayoung@example.net,Australia,2020-01-03,Basic,80.00
5986,Todd Brooks,brianna25@example.org,Australia,2021-03-28,Basic,57.29
5987,Mark Peters,michael74@example.net,Australia,2022-12-08,Premium,33.31
5988,April Peterson,jenningselizabeth@example.net,Australia,2021-10-30,Basic,31.02
5989,Joseph Garrett,savagematthew@example.com,United Kingdom,2020-01-04,Standard,131.20
5990,Nicole Reilly,darrell96@example.org,United States,2021-09-20,Standard,63.04
5991,Mary Lee,russellterri@example.net,Netherlands,2025-11-07,Basic,52.08
5992,Edgar Brooks,alexanderrichard@example.net,United States,2022-10-18,Basic,71.76
5993,Daniel Malone,fpark@example.net,Canada,2023-11-07,Basic,93.03
5994,Ryan Cox,cdelacruz@example.com,India,2022-12-25,Premium,64.18
5995,Reginald White,yfloyd@example.net,France,2025-06-15,Premium,61.27
5996,Robin Collins,watsonjoe@example.net,Canada,2023-10-23,Premium,95.27
5997,Michael Wyatt,ychapman@example.net,Canada,2021-02-21,Standard,46.77
5998,Donna Roberts,palmerkatherine@example.net,United Kingdom,2024-09-21,Basic,49.37
5999,Debbie Garcia,leetina@example.com,Japan,2023-09-19,Basic,111.69
6000,Lisa Cline,kmartinez@example.org,Japan,2024-01-19,Standard,103.07
6001,Lindsay Watts,dianaenglish@example.org,United Kingdom,2025-07-29,Standard,64.23
6002,Denise Horn,jason12@example.org,United Kingdom,2023-01-29,Premium,35.77
6003,Tamara Alvarez,mark79@example.net,Canada,2020-03-05,Standard,85.42
6004,Amy Davidson,richard87@example.org,Brazil,2021-05-20,Standard,58.15
6005,Benjamin Becker,hbailey@example.org,Germany,2025-09-29,Standard,25.39
6006,John Webb,hannabrian@example.org,Japan,2024-01-14,Standard,70.31
6007,Mary Schneider,mbarajas@example.com,Japan,2026-02-27,Premium,96.84
6008,Daniel Miller,jenniferanderson@example.net,India,2025-06-16,Basic,39.42
6009,Bailey Anderson,vruiz@example.com,Canada,2025-07-10,Standard,35.80
6010,Sophia Ramirez,matthew02@example.net,France,2022-06-16,Premium,111.90
6011,Jillian Duncan,james82@example.com,Netherlands,2020-06-02,Standard,24.30
6012,Joshua Simmons,youngpaul@example.com,United Kingdom,2024-10-21,Standard,42.99
6013,Kelly Hall,amorrison@example.net,Australia,2024-04-22,Premium,84.27
6014,Erica Johnson,hatfieldkenneth@example.net,Japan,2024-07-12,Basic,41.15
6015,Cody Brown,chelsea44@example.com,India,2023-04-26,Premium,24.43
6016,Justin Brown,michaelnelson@example.net,France,2026-08-15,Standard,24.17
6017,Anthony Stewart,johnny28@example.com,Brazil,2022-04-10,Standard,67.37
6018,Janet Smith,wigginsjohn@example.org,United Kingdom,2023-05-18,Premium,107.67
6019,Jason Herring,jpayne@example.org,India,2024-01-22,Standard,30.07
6020,Kimberly Castillo,loweandrew@example.net,Germany,2024-01-31,Standard,169.15
6021,Kenneth Chambers,macdonaldterry@example.org,India,2021-07-20,Basic,181.94
6022,Mrs. Tiffany Monroe,maryburke@example.org,Canada,2021-08-03,Standard,27.20
6023,Robin Davis,tholt@example.net,Japan,2023-08-16,Premium,40.73
6024,Jason Simon,estrickland@example.net,Brazil,2025-11-19,Standard,51.36
6025,Jenna Moody,ojones@example.org,Australia,2024-01-26,Standard,33.48
6026,Jennifer Turner,allensheena@example.org,France,2021-02-03,Basic,49.63
6027,Jacob Bryan,nturner@example.com,United Kingdom,2022-02-28,Standard,70.87
6028,Edward Stuart,xchavez@example.com,France,2025-08-17,Standard,126.40
6029,Brian Rodriguez,lisachurch@example.net,Brazil,2022-06-23,Premium,64.05
6030,Sarah Haynes,djames@example.net,Japan,2023-12-02,Basic,71.06
6031,Sylvia Clarke,peggyhardin@example.org,France,2024-09-21,Basic,30.20
6032,Dylan Kelly,mackenziekelly@example.com,France,2022-06-23,Standard,23.21
6033,Bobby Jackson,mmontgomery@example.org,United Kingdom,2025-07-05,Basic,54.23
6034,Eric Herring,jacobfloyd@example.com,United States,2024-06-29,Basic,89.61
6035,Debra Solis,reillydana@example.com,Australia,2025-12-29,Premium,53.02
6036,Carrie Cole,ahenderson@example.org,United Kingdom,2024-05-27,Standard,141.06
6037,Ryan Collins,lindaperez@example.com,France,2020-11-15,Standard,28.91
6038,Jo Mccarty,andrewarnold@example.com,Germany,2022-12-07,Standard,43.40
6039,Stacey Randall,perrymargaret@example.net,France,2023-04-24,Basic,66.06
6040,Blake Parker,brian64@example.org,India,2020-11-27,Premium,73.39
6041,Isabella Taylor,qbarron@example.org,Brazil,2023-02-26,Standard,152.01
6042,Heidi Jordan,cynthia65@example.net,France,2024-06-11,Standard,22.19
6043,Peter Ramirez,andersondonna@example.org,Australia,2021-03-21,Basic,43.71
6044,Michael Jones,lgibson@example.com,Germany,2025-01-29,Basic,49.74
6045,Eric Clark,janicedixon@example.net,Brazil,2021-02-23,Basic,145.98
6046,Mike Cardenas,tina54@example.org,India,2020-01-18,Standard,33.54
6047,Maria Crawford,mariapatel@example.com,United Kingdom,2021-06-22,Basic,19.43
6048,Michael Pope,houstonjohn@example.net,India,2025-01-27,Basic,59.43
6049,Donald Davis,sanchezkathy@example.org,Brazil,2021-04-19,Standard,35.76
6050,Peter Powers,andrew82@example.net,United States,2020-09-17,Premium,68.78
6051,James Johnson,kayla65@example.org,Netherlands,2024-10-06,Standard,78.54
6052,Kevin Robinson,nrodriguez@example.net,India,2022-08-11,Standard,87.88
6053,Ethan Nelson,pmoore@example.org,United States,2023-12-18,Basic,70.94
6054,Olivia Payne,jeremy94@example.com,Japan,2020-06-30,Premium,36.82
6055,Penny Simon MD,jonathan00@example.net,United Kingdom,2022-10-24,Premium,82.88
6056,Adrian Christian DDS,sarah07@example.net,United States,2025-02-15,Basic,43.33
6057,Pamela Clark,sweeneyjohn@example.com,Germany,2024-12-14,Premium,39.24
6058,Steven Maldonado,juliemoore@example.com,India,2023-02-05,Standard,91.65
6059,Jonathan Cruz,jasmine62@example.net,France,2025-07-30,Standard,9.63
6060,William Perez,jessica78@example.net,United Kingdom,2026-05-31,Standard,38.22
6061,Kenneth Bell,carriemejia@example.org,Netherlands,2024-06-30,Premium,40.87
6062,Rachel Moreno,kathleen87@example.net,Japan,2020-04-10,Basic,214.61
6063,Sean Hicks,sheltonariel@example.com,India,2024-03-30,Premium,91.65
6064,Kristina Hart,astone@example.net,Canada,2023-12-20,Basic,21.16
6065,Ricky Holt,crystal98@example.com,United Kingdom,2025-02-10,Standard,23.26
6066,Brooke Flores,wallkaren@example.com,France,2023-10-29,Standard,73.55
6067,Jillian Crosby,abowman@example.org,Japan,2024-05-08,Standard,180.09
6068,Kevin Harrell,ckelly@example.com,Netherlands,2021-09-01,Premium,72.63
6069,Amber Morales,austinpeterson@example.net,India,2021-12-13,Premium,21.14
6070,Mackenzie Petersen,tannertina@example.org,United Kingdom,2025-07-12,Standard,29.17
6071,Chase Soto,timothy73@example.net,France,2021-09-01,Standard,42.30
6072,Mark Andrews,makayla40@example.net,Canada,2023-01-20,Standard,58.98
6073,Barbara White,stoutdenise@example.net,India,2025-12-04,Standard,36.20
6074,Tracy Jones,katherinefreeman@example.org,France,2021-06-02,Basic,92.28
6075,Stephanie Miller,omontgomery@example.com,Australia,2021-04-15,Standard,77.56
6076,Dr. John Berry,aperry@example.com,India,2021-01-31,Premium,51.90
6077,Michael Johnson,ian56@example.com,United Kingdom,2022-08-08,Basic,67.35
6078,Aaron Doyle,danielcohen@example.org,United States,2022-05-15,Basic,49.64
6079,Christopher Carroll,reidalicia@example.org,Australia,2022-11-18,Standard,40.53
6080,Oscar Walter,brownstephanie@example.com,Australia,2023-06-30,Standard,63.70
6081,Edward Hawkins,jason08@example.com,France,2024-12-14,Standard,143.39
6082,William Reyes,colehenry@example.org,Japan,2024-06-08,Basic,109.03
6083,Richard Brown,valerie71@example.org,France,2025-08-13,Basic,88.20
6084,Kelsey Mcclure,pchung@example.com,Japan,2021-08-06,Standard,112.50
6085,Jimmy Drake,charlesmartinez@example.org,Netherlands,2025-04-15,Standard,30.36
6086,Sandra Cortez,gordonjonathan@example.net,Australia,2020-08-05,Standard,147.23
6087,James Marshall,riosstephen@example.net,India,2022-05-20,Standard,131.78
6088,Peter Cole,isingh@example.net,France,2024-08-18,Basic,199.35
6089,Joel Chandler,tannerlinda@example.org,Australia,2023-06-14,Standard,27.27
6090,Paige Moran,kayla91@example.org,India,2023-07-22,Basic,45.62
6091,Mike Morales,juliadavid@example.net,Japan,2025-12-07,Standard,34.83
6092,Ryan Lee,jeffwilliams@example.org,India,2025-04-21,Standard,88.21
6093,Richard Allison,angelcarr@example.net,India,2026-01-08,Premium,55.69
6094,Dennis Reed,johnsonphilip@example.com,Australia,2022-12-23,Standard,41.24
6095,Jeff Rice,yballard@example.net,Japan,2022-06-21,Premium,26.86
6096,Corey Lamb,christopher72@example.net,India,2024-02-28,Basic,19.27
6097,Dr. Melinda Glenn,christophersolis@example.org,United States,2023-05-20,Standard,27.72
6098,Valerie Cervantes,pattonkaitlyn@example.com,Japan,2025-07-16,Premium,97.88
6099,Michael Rodriguez,nicholsheather@example.net,Brazil,2021-01-09,Basic,83.39
6100,Amy Jarvis,wayne44@example.net,Netherlands,2025-07-01,Standard,102.43
6101,Jeremy Park,ilivingston@example.org,Germany,2026-03-30,Standard,88.40
6102,Sarah Wiggins,smithalyssa@example.org,United Kingdom,2020-03-29,Basic,39.02
6103,Gene Frederick,omccullough@example.com,France,2023-03-08,Basic,30.96
6104,Adam Hubbard,pharris@example.com,United Kingdom,2025-12-19,Standard,153.11
6105,Jason Rojas,hferguson@example.net,Germany,2020-08-30,Standard,262.02
6106,Sara Patterson,craig73@example.com,Australia,2024-09-19,Basic,99.02
6107,Evan Wallace,james74@example.org,France,2025-02-13,Basic,154.64
6108,Michelle Shepherd,kryan@example.net,United States,2025-02-20,Premium,49.87
6109,Steven Johnson,erinarmstrong@example.org,Canada,2022-05-05,Premium,130.88
6110,Dr. Brett Rhodes,terricurtis@example.net,India,2024-11-10,Basic,40.40
6111,Meghan Flynn,maciasmichael@example.net,Australia,2024-04-23,Standard,71.95
6112,Theresa Chandler,bellwendy@example.org,Germany,2021-07-29,Standard,61.84
6113,John Rogers MD,donaldbrown@example.com,France,2021-11-22,Basic,56.32
6114,Michele Parks,milesmichael@example.net,Germany,2023-03-04,Basic,12.14
6115,Calvin Sherman,jerrystrickland@example.com,Japan,2023-01-25,Standard,36.11
6116,Nathan Daniel,hamiltonamy@example.net,United Kingdom,2026-03-10,Basic,23.65
6117,Timothy Nichols,ybrown@example.org,Canada,2023-08-16,Standard,17.60
6118,Denise Bradley,shelly83@example.com,United States,2022-05-16,Basic,37.03
6119,Zachary Boyd,bwright@example.net,Germany,2026-05-05,Standard,18.79
6120,Charles Barrera,wgilbert@example.org,France,2020-03-21,Basic,37.54
6121,Robert Henry,clinton67@example.com,Japan,2021-08-19,Premium,18.24
6122,Mr. Mark Taylor MD,john96@example.com,United States,2022-07-26,Standard,82.55
6123,Carrie Allison,alexandra09@example.net,Germany,2020-03-23,Premium,68.31
6124,Kristie Bailey,fishergary@example.net,Brazil,2023-06-30,Standard,59.90
6125,Scott Lopez,nicholaskim@example.org,France,2021-07-01,Premium,31.11
6126,Jennifer Powell,andersonkayla@example.net,Netherlands,2022-07-10,Premium,19.40
6127,Natalie Green,adrian19@example.com,France,2021-01-30,Basic,51.09
6128,Betty Morales,tcoleman@example.org,Germany,2020-03-06,Basic,44.84
6129,Christopher Woods,vblack@example.org,France,2022-01-11,Basic,46.80
6130,Lori Phillips,murrayjohn@example.net,United States,2024-02-24,Basic,44.85
6131,Heather Wilkerson,dawn05@example.org,India,2026-02-12,Basic,139.46
6132,Erik Stevens,felicia80@example.com,Netherlands,2026-05-06,Premium,61.15
6133,Jeffrey Simpson,darin83@example.org,Netherlands,2020-03-01,Basic,68.95
6134,Thomas Harrington,jamesobrien@example.net,United Kingdom,2020-12-11,Standard,46.53
6135,Shane Alvarado,michael48@example.net,Canada,2021-01-02,Basic,38.78
6136,Ronald Collins,lindsay41@example.com,France,2023-05-24,Basic,87.73
6137,Mary Johnson,aguirrecorey@example.net,United Kingdom,2024-01-28,Premium,73.22
6138,Mary Tanner,carterkimberly@example.org,Germany,2020-11-18,Standard,125.26
6139,Robert Meyer,mariahunter@example.net,United States,2022-02-25,Standard,45.08
6140,Benjamin Tanner,ann01@example.org,United Kingdom,2026-07-24,Standard,104.97
6141,Whitney Lee,uterry@example.com,Canada,2020-10-03,Premium,17.59
6142,John Kent,whitakercody@example.com,Netherlands,2024-05-21,Basic,20.61
6143,Ricky Arellano,alexis80@example.net,India,2025-11-12,Basic,31.84
6144,Brent Williamson,garrettreid@example.com,Germany,2024-12-19,Standard,73.42
6145,Michael Sanchez,vnguyen@example.com,France,2021-01-09,Standard,23.23
6146,Kristen Burch,iking@example.com,United States,2023-02-20,Basic,43.62
6147,Christopher Gutierrez,mcfarlandjohn@example.com,Canada,2025-03-01,Standard,88.57
6148,Sean Roy,spencermichael@example.net,India,2020-12-21,Standard,40.20
6149,Cory Medina,smithjohn@example.org,India,2024-02-22,Standard,42.39
6150,Rachel Rios,vgrimes@example.com,France,2025-05-18,Standard,52.00
6151,Benjamin Mercer,brentcampos@example.org,India,2024-05-19,Basic,40.92
6152,Christopher Marks,lamroger@example.net,United States,2026-08-10,Standard,99.11
6153,Jacob Jones,pgray@example.com,France,2020-01-18,Standard,21.87
6154,Ryan Shelton,cantrellvictoria@example.org,Canada,2024-04-29,Standard,29.20
6155,Roberto Wheeler,shawnanderson@example.net,United Kingdom,2020-12-20,Standard,26.71
6156,Sarah Torres,eileenortiz@example.com,Canada,2022-10-10,Premium,48.17
6157,Stephanie Wilkins,jademyers@example.net,France,2026-07-22,Standard,82.50
6158,Lee Brown,rnewman@example.net,United Kingdom,2020-03-29,Basic,26.86
6159,Samuel Gordon,kelseyfrancis@example.org,Canada,2024-05-11,Standard,63.28
6160,Deborah Pena,jbruce@example.net,Australia,2023-07-28,Standard,56.61
6161,Frank Kent,claychristopher@example.net,United Kingdom,2025-07-02,Standard,89.69
6162,Laurie Miller,bdiaz@example.net,Netherlands,2023-11-03,Basic,158.59
6163,Jeffrey Knight,hoopernancy@example.net,Germany,2021-07-21,Basic,25.85
6164,Katie Fleming,deniselopez@example.net,Canada,2024-03-28,Standard,123.95
6165,Benjamin Farley,hillmelissa@example.net,Canada,2026-04-14,Standard,26.91
6166,Jose Herrera,kennedyevan@example.com,Netherlands,2022-07-31,Standard,42.22
6167,Laura Thompson,qnelson@example.org,Brazil,2022-08-31,Basic,37.24
6168,Joshua Johnson,angelachan@example.com,India,2022-09-18,Standard,171.45
6169,Mary Kelly,bdouglas@example.org,India,2021-03-12,Basic,48.77
6170,Tracey Sandoval,millerrebecca@example.com,United States,2026-03-14,Standard,38.05
6171,Zachary Conway,sean29@example.org,Brazil,2022-06-11,Basic,92.63
6172,Kimberly Coleman,morgan68@example.org,Netherlands,2026-04-07,Standard,68.81
6173,Bethany Clark,smithmatthew@example.net,United States,2022-04-25,Basic,89.01
6174,Melinda Glover,joshualopez@example.net,France,2026-08-14,Basic,51.81
6175,Michael Long,smithteresa@example.com,India,2022-12-04,Standard,51.16
6176,Jeffery Howell,tstrong@example.net,Australia,2020-04-19,Standard,168.36
6177,Kim Washington,lisa77@example.org,Germany,2024-01-07,Standard,41.85
6178,Felicia Anderson,dhughes@example.net,Brazil,2025-07-28,Standard,73.84
6179,Mike Gallegos,duffycody@example.net,India,2021-08-05,Standard,40.83
6180,Angela Smith,josephstevens@example.net,United States,2024-08-01,Premium,83.02
6181,Cory Stewart,pamela20@example.net,Japan,2024-11-14,Basic,41.42
6182,Richard Reynolds,dhutchinson@example.org,France,2025-02-25,Basic,47.25
6183,Jerry Luna,sarahsweeney@example.com,Japan,2023-03-24,Basic,47.15
6184,James Fernandez,dominic86@example.net,India,2024-11-07,Standard,40.50
6185,Walter Woods,hardyronald@example.com,France,2022-05-05,Standard,60.03
6186,Danny Williams,dianecollins@example.net,France,2026-05-14,Standard,100.51
6187,Samuel Allen,matthewgreen@example.net,United Kingdom,2023-06-18,Basic,49.48
6188,Madison Daugherty,whowell@example.org,Japan,2025-02-27,Premium,18.80
6189,Emily Johnson,keith04@example.org,India,2020-11-20,Standard,37.07
6190,Larry Rogers,mlewis@example.com,India,2023-06-01,Standard,30.64
6191,Bryan Nichols,farrellalexandra@example.net,France,2020-06-13,Basic,50.14
6192,Erika Ramirez,xfoley@example.net,France,2023-10-22,Standard,45.48
6193,Stephen Holland,baileycrosby@example.net,Australia,2023-03-14,Standard,33.38
6194,Angela Smith,charles97@example.com,Germany,2024-07-27,Standard,76.22
6195,Elizabeth Meyers,reevesnicholas@example.net,India,2026-04-15,Basic,107.39
6196,April Watkins,qwilliams@example.net,Australia,2022-03-01,Premium,99.01
6197,Jason Carrillo,cassandra71@example.com,Canada,2025-12-01,Premium,105.31
6198,Elizabeth Castillo,mking@example.org,India,2022-03-22,Standard,37.35
6199,Ann Nielsen,jenniferbutler@example.com,France,2022-02-27,Basic,23.28
6200,Emily Craig,ytrujillo@example.com,India,2022-04-19,Basic,150.55
6201,Nicholas Stein,jaime96@example.net,France,2023-07-23,Basic,53.28
6202,Alyssa Morris,vhood@example.org,Canada,2023-05-14,Basic,29.29
6203,Ryan Evans,andersonrobert@example.com,Germany,2020-12-30,Premium,103.53
6204,Elizabeth Rogers,rebeccacooley@example.net,Australia,2023-01-31,Basic,53.10
6205,Keith Larsen,amanda76@example.net,United Kingdom,2023-12-13,Basic,101.81
6206,David Camacho Jr.,robertdavis@example.org,Germany,2025-12-02,Standard,40.67
6207,David Manning,michaelsellers@example.org,Germany,2025-12-14,Premium,13.60
6208,Melissa Brown,mark23@example.org,Japan,2021-06-09,Standard,185.98
6209,Brian Reyes,keithflores@example.com,United Kingdom,2020-10-21,Standard,92.30
6210,Thomas Campbell,lisamarshall@example.org,Netherlands,2023-02-22,Standard,28.25
6211,Anthony Harris MD,williejenkins@example.org,Brazil,2024-10-23,Standard,31.06
6212,April Welch,andersonjulia@example.org,Netherlands,2024-01-20,Premium,23.76
6213,Douglas Perry,shughes@example.com,France,2023-06-13,Basic,39.70
6214,Tyler Sanchez,debralevy@example.net,India,2021-06-02,Basic,33.57
6215,Robert Beck,raymond16@example.net,Canada,2024-09-18,Standard,80.08
6216,Ian Bowen,kjohnson@example.com,India,2022-12-11,Premium,69.92
6217,Gregory Brennan,adamsdanielle@example.net,Australia,2024-11-07,Standard,100.96
6218,Jordan Williams,manderson@example.net,India,2025-02-02,Basic,27.02
6219,Nicole Short,amanda26@example.org,United States,2024-03-16,Standard,101.72
6220,Dawn Snow,matthewrios@example.org,Australia,2023-09-24,Standard,39.84
6221,Tonya Holder,leah30@example.com,Canada,2024-10-29,Basic,37.70
6222,Brandy Cox,smithmichael@example.net,Australia,2026-04-09,Standard,151.51
6223,James Hart,jameswilliams@example.com,Japan,2023-07-25,Premium,69.22
6224,Jordan Lawrence,jefferydiaz@example.com,Germany,2020-12-28,Premium,27.45
6225,Lisa Strickland,foxeric@example.com,India,2022-05-24,Basic,113.27
6226,Shannon Moran,alyssa69@example.net,Australia,2026-01-14,Premium,34.47
6227,April Hanson,ndawson@example.org,United States,2026-06-03,Basic,79.35
6228,Alexandra King,richardprice@example.net,Brazil,2023-11-01,Premium,38.84
6229,Michael Myers,anthony75@example.org,Brazil,2020-07-20,Standard,256.63
6230,Joseph Sanders,zachary90@example.net,Germany,2026-02-15,Basic,30.36
6231,Carla Jackson,vgrimes@example.net,Japan,2022-05-03,Basic,55.48
6232,Michael Andrews,bobbyallen@example.org,Japan,2025-11-08,Standard,56.09
6233,Ashlee Abbott,serranomelissa@example.com,India,2021-03-25,Premium,66.70
6234,Michael Pratt,vblake@example.net,United Kingdom,2021-01-08,Standard,34.91
6235,Ashley Cabrera,tina20@example.org,France,2022-04-25,Premium,70.81
6236,Mike Anderson,ericjenkins@example.org,Brazil,2020-09-23,Premium,42.05
6237,Kristopher Jackson,sarah42@example.org,Australia,2021-03-29,Basic,40.60
6238,Amy Johnson,andrewhall@example.org,Japan,2021-02-26,Basic,23.65
6239,Matthew Martin,davidfox@example.net,United States,2022-10-19,Basic,20.35
6240,Michelle Hall,masondavidson@example.com,Canada,2023-03-05,Basic,15.38
6241,Todd Bright,katherinemunoz@example.com,Brazil,2021-05-01,Standard,152.99
6242,Jennifer Freeman,briannashannon@example.net,India,2025-11-12,Premium,98.36
6243,Stephanie Carlson,xmitchell@example.net,United States,2020-07-05,Standard,124.93
6244,Taylor Smith,xellis@example.org,Brazil,2022-05-03,Standard,85.05
6245,David Spears,aaronmarshall@example.net,United Kingdom,2025-06-28,Standard,32.48
6246,Mikayla Cook,fbrown@example.org,India,2026-04-07,Basic,121.36
6247,Patrick Sloan,kfranco@example.com,Canada,2024-03-18,Premium,31.34
6248,Kyle Gardner,rubenmatthews@example.com,Japan,2022-06-05,Standard,63.11
6249,Natalie Vazquez,dzimmerman@example.org,France,2025-07-22,Premium,45.38
6250,Kirk Martin,staceymoore@example.com,Japan,2024-04-30,Basic,66.69
6251,Rachel Gonzalez,sophiadickerson@example.org,Brazil,2025-10-21,Premium,57.76
6252,Alyssa Thomas,gregory23@example.com,France,2023-04-01,Premium,55.68
6253,Sabrina Williams,wisemichelle@example.com,Australia,2020-12-02,Standard,80.46
6254,Tim Lopez,lutzkevin@example.org,India,2025-04-18,Basic,90.64
6255,Kelly Holloway,johnathanwood@example.com,Japan,2021-09-11,Standard,52.14
6256,Amanda Perry,barbaraperez@example.net,Japan,2020-06-29,Standard,66.11
6257,Troy Ramirez,heatheraustin@example.org,Canada,2023-06-22,Standard,43.05
6258,Sharon Clark,sandra58@example.net,France,2023-11-15,Standard,85.48
6259,Angela Bullock,lromero@example.com,Australia,2025-06-03,Premium,28.75
6260,Debra Hoffman,petersonkathryn@example.net,Canada,2020-02-21,Standard,20.01
6261,Haley Stout MD,ashley08@example.net,France,2022-12-07,Standard,139.84
6262,Aaron Fisher,joycebecker@example.org,Germany,2023-07-01,Premium,30.93
6263,Elizabeth Maldonado,grantcarrie@example.com,Canada,2023-06-10,Basic,43.31
6264,Debra Wright,steven52@example.net,India,2022-04-14,Basic,212.55
6265,Patricia Duncan,stephanie65@example.org,United Kingdom,2020-04-13,Premium,41.96
6266,Christopher Cardenas,stephenmcmillan@example.net,India,2021-12-13,Basic,25.04
6267,Amy Christensen,leah41@example.org,United Kingdom,2023-10-30,Standard,70.30
6268,Benjamin Henderson,michael62@example.net,India,2021-08-10,Basic,81.62
6269,Matthew Hudson,pgriffin@example.net,India,2022-10-24,Standard,52.01
6270,Andrew Gonzalez,stephanie59@example.com,France,2026-06-26,Standard,84.86
6271,Brittney Jordan,george45@example.org,Germany,2023-06-06,Standard,66.53
6272,Elizabeth Walker,melissa32@example.com,Netherlands,2025-10-23,Standard,64.92
6273,Gregory Preston,dominguezrebecca@example.org,Canada,2026-08-13,Basic,62.96
6274,Michael Boyle,james10@example.net,Germany,2020-10-25,Premium,45.90
6275,Nicholas Vaughan,debrajohnson@example.net,Australia,2020-08-07,Basic,40.84
6276,Jennifer Willis,frankcox@example.net,India,2021-12-25,Standard,120.24
6277,Mark James,samuel70@example.com,Brazil,2020-05-01,Standard,49.06
6278,Matthew Johnson,frank63@example.org,Japan,2024-10-04,Basic,34.88
6279,Chad Key,navarrojessica@example.net,Brazil,2022-06-28,Basic,131.38
6280,Elizabeth Anderson,alexandra05@example.com,India,2023-12-01,Basic,26.39
6281,Alicia Ramirez,rodgerstimothy@example.net,Brazil,2024-02-28,Premium,18.98
6282,Christopher Lee,serranodiane@example.net,United Kingdom,2021-06-25,Basic,64.18
6283,Andre Carroll,dennislinda@example.net,Germany,2024-03-27,Premium,28.38
6284,Derek Anderson,allenrosario@example.com,Netherlands,2020-01-15,Standard,61.79
6285,Christine Johnson,ellisemily@example.com,United States,2021-05-12,Basic,46.79
6286,Joseph Bryant,mitchell03@example.org,Netherlands,2020-04-17,Basic,35.99
6287,Robert Holland,benjamin60@example.com,Australia,2020-02-27,Standard,71.05
6288,Evelyn Smith,darren83@example.com,Australia,2025-06-13,Standard,61.31
6289,Christopher Cooper,david27@example.com,United Kingdom,2021-10-06,Basic,92.87
6290,Bobby Fletcher,amberwilson@example.com,India,2022-10-02,Standard,151.58
6291,Paul Jensen,michelleruiz@example.org,France,2022-07-17,Basic,64.05
6292,Tracey Smith,daniel61@example.net,India,2025-06-20,Basic,37.75
6293,Bryan Hale,stephanie72@example.com,India,2022-07-19,Standard,45.34
6294,Jeffrey Morris,egonzalez@example.org,India,2021-10-22,Standard,105.89
6295,Nicole Turner,gardnervanessa@example.com,United Kingdom,2021-07-16,Standard,64.90
6296,Jessica Watkins,dunnsamuel@example.org,Germany,2021-12-22,Standard,90.85
6297,Michael Livingston,katie33@example.com,Netherlands,2024-08-21,Standard,37.03
6298,Dr. Michele Adams,kimberlywhitaker@example.net,Brazil,2024-02-29,Basic,25.87
6299,Carmen Higgins,johnsonbrooke@example.net,Japan,2022-01-17,Basic,20.41
6300,Michael Sparks,hdavid@example.net,Germany,2026-03-29,Standard,61.60
6301,Gabriela Garza,zacharywest@example.com,United States,2025-12-04,Premium,94.68
6302,Michael Hoover,cindy54@example.net,Japan,2020-08-10,Basic,42.55
6303,Joseph Mckinney,richardgreen@example.org,Australia,2021-07-04,Standard,29.76
6304,Bradley Cook,rlarsen@example.net,Japan,2022-05-07,Premium,54.79
6305,Brittany Nelson,arianablair@example.net,Canada,2025-07-06,Basic,57.78
6306,Cynthia Cruz,fitzgeraldtrevor@example.com,Germany,2026-05-01,Standard,163.29
6307,Michael Taylor,aromero@example.com,Japan,2025-06-28,Basic,83.03
6308,Mike Callahan,gordonlaura@example.net,Australia,2024-04-28,Basic,36.00
6309,Christopher Hoffman,jamesgill@example.com,Netherlands,2024-08-19,Basic,47.69
6310,Christopher Miller,laceycruz@example.net,United States,2024-04-27,Premium,104.33
6311,Charles Newman,brittanycoffey@example.net,Canada,2020-12-20,Basic,300.65
6312,Jennifer Willis,rbrown@example.net,France,2025-11-02,Basic,21.90
6313,April Allen,maddenmelissa@example.org,Japan,2024-02-01,Standard,115.78
6314,Yvonne Myers,newtonhenry@example.net,United States,2023-07-27,Standard,80.80
6315,Jennifer Barron,arobinson@example.org,Australia,2020-09-20,Premium,20.16
6316,Amanda Myers,jefferyaguilar@example.net,Australia,2023-09-05,Premium,159.08
6317,Mike Gomez,fday@example.com,Brazil,2021-10-02,Premium,29.01
6318,Amy Robinson,wongmatthew@example.org,United States,2020-02-25,Standard,56.71
6319,Michael Gill,lgarrett@example.com,Australia,2026-02-28,Premium,138.82
6320,Tanya Collins,belltheresa@example.com,United Kingdom,2021-05-08,Standard,99.40
6321,Debbie Butler,richardskaitlyn@example.org,United States,2026-01-12,Standard,71.15
6322,Mark Cisneros,awilliams@example.net,Japan,2021-06-23,Basic,87.79
6323,Kathy Harmon,alexanderchristopher@example.org,United Kingdom,2022-09-27,Premium,74.51
6324,Dennis Smith Jr.,cheryl83@example.com,Canada,2023-03-05,Basic,41.41
6325,Bryan Mendoza,colejoshua@example.net,Netherlands,2023-07-28,Basic,153.99
6326,Rachel Ramirez DVM,bcook@example.net,France,2025-08-17,Standard,74.56
6327,Heather Ayers,darlene31@example.com,France,2024-07-12,Premium,68.99
6328,Danielle Hansen,patriciaoliver@example.org,United States,2021-05-12,Standard,21.12
6329,Jon Peters,meadowsstacey@example.org,Brazil,2023-10-15,Standard,119.97
6330,Sarah Ingram,zjefferson@example.com,United States,2023-02-16,Premium,58.05
6331,Veronica Snyder,sherri53@example.com,France,2024-10-19,Premium,22.12
6332,Carolyn Ellis,carmentaylor@example.org,India,2020-09-08,Standard,21.39
6333,Brandon Smith Jr.,farmerjennifer@example.org,India,2023-12-02,Basic,20.59
6334,Dawn Davis,leahsmith@example.org,France,2021-06-16,Premium,33.19
6335,John Burns,rsmith@example.net,Canada,2025-12-12,Standard,158.56
6336,Kathleen Foster,daniel66@example.org,France,2025-04-14,Standard,50.02
6337,Kevin Garner,joseph90@example.com,Brazil,2021-02-25,Standard,42.30
6338,Michael Galloway,brobbins@example.net,Australia,2023-05-15,Standard,50.50
6339,Richard Moody,ganderson@example.org,Australia,2025-11-20,Standard,79.67
6340,Kelly Turner,jacksonpatrick@example.net,Canada,2020-01-26,Standard,46.25
6341,Brandon Moreno,vkelly@example.net,Australia,2021-08-29,Standard,44.58
6342,Lori Hurst,patrick86@example.com,India,2025-07-15,Premium,83.78
6343,Shawn Richmond,elizabethcole@example.com,Canada,2024-06-21,Standard,110.09
6344,Bradley Fowler,thompsonamber@example.net,United Kingdom,2022-08-12,Basic,69.54
6345,Mathew Johnson,jonathan37@example.org,India,2021-07-18,Standard,42.12
6346,Julie Torres,huntsamuel@example.org,Brazil,2026-02-14,Standard,38.13
6347,Martha White,gmolina@example.net,Australia,2021-11-17,Premium,27.91
6348,John Zuniga,smithjustin@example.net,Australia,2020-07-29,Standard,61.91
6349,Mary Stewart,eric34@example.com,Australia,2026-01-26,Basic,121.25
6350,Aaron Mills,danielolsen@example.com,India,2022-05-17,Basic,34.15
6351,Jessica Stewart,bwilliams@example.com,United Kingdom,2020-06-10,Premium,170.27
6352,Nicholas Abbott,kshaw@example.net,United States,2022-11-07,Basic,50.53
6353,Danielle Fowler,andrea93@example.net,France,2026-08-03,Basic,30.39
6354,Alicia Hall,burtonkevin@example.com,Canada,2024-03-08,Standard,22.52
6355,William Branch,mlee@example.net,Brazil,2023-09-21,Standard,103.46
6356,Jeanne Williams,millsyolanda@example.com,Germany,2025-01-21,Standard,33.51
6357,Michelle Walker,oleon@example.org,France,2024-12-01,Standard,66.14
6358,John Burke,cooperselena@example.org,Netherlands,2023-12-20,Premium,68.09
6359,Kathleen Coleman,williamsonlaura@example.net,United States,2024-10-09,Premium,36.11
6360,Rebecca Barr,jonesbryan@example.net,United Kingdom,2026-07-16,Basic,41.90
6361,Larry Hernandez,sarahramirez@example.com,United Kingdom,2024-01-11,Standard,58.18
6362,Jon Meyer,michael18@example.org,United States,2020-05-24,Standard,45.69
6363,Robert Parker,debra42@example.com,Australia,2026-04-16,Basic,46.34
6364,Amy Dawson,brandongonzalez@example.com,India,2022-06-03,Basic,41.36
6365,Felicia Johnson,ramosronald@example.com,United Kingdom,2021-08-16,Basic,83.17
6366,Sabrina Marquez,james57@example.net,Netherlands,2023-01-25,Premium,60.89
6367,Andrea White MD,philipchavez@example.org,Canada,2023-07-29,Basic,61.70
6368,Brittany Stewart,christopher51@example.com,Netherlands,2021-03-13,Standard,133.92
6369,Patricia Pope,pfletcher@example.com,Brazil,2023-03-29,Standard,85.46
6370,Joshua Jones,susanbaker@example.org,Brazil,2024-10-02,Basic,56.75
6371,Dale Farmer Jr.,heathermaldonado@example.net,United Kingdom,2026-01-10,Standard,51.33
6372,Brandon Gray,fjohnson@example.net,Germany,2025-07-03,Premium,39.63
6373,Erin Rhodes,villanuevabrian@example.net,Brazil,2024-12-12,Premium,86.95
6374,Jessica Martinez,rebeccarhodes@example.net,Netherlands,2020-01-26,Basic,31.17
6375,James Green,conniebrandt@example.com,Netherlands,2023-09-30,Premium,51.91
6376,Diane Wilson,jeffreymcmillan@example.com,United Kingdom,2021-06-29,Standard,55.09
6377,Kim Casey,shannonhopkins@example.org,United Kingdom,2024-08-21,Standard,24.03
6378,Tracey White,zcardenas@example.net,France,2022-10-08,Basic,95.62
6379,Jesse Gill,robinbennett@example.com,France,2023-03-16,Standard,40.79
6380,Lauren Schmitt,emily40@example.org,Netherlands,2025-12-01,Basic,46.71
6381,James Evans,cassidyward@example.com,France,2025-01-24,Standard,107.94
6382,Andrew Scott,howardwilliams@example.net,Australia,2022-12-27,Standard,101.89
6383,Melissa Bishop,troy65@example.net,Brazil,2024-10-07,Basic,40.23
6384,Raymond Russo,jonesanna@example.net,Australia,2025-12-24,Premium,34.56
6385,Erin Sharp,marybrown@example.org,France,2025-12-15,Basic,103.85
6386,Denise Compton,wbrown@example.net,United Kingdom,2023-09-12,Premium,40.54
6387,Julie Love,jeffrey29@example.net,Canada,2024-01-05,Premium,64.05
6388,Steven Hammond,lance24@example.org,Brazil,2022-03-30,Premium,40.63
6389,Nathaniel Burton,turnerroger@example.net,Brazil,2023-01-01,Basic,110.83
6390,Sara Hurley,ryanshannon@example.org,United Kingdom,2023-12-09,Premium,138.73
6391,Gregory Pierce,tonyparker@example.com,Japan,2020-11-06,Basic,178.32
6392,Jason Combs,timothyhahn@example.org,United States,2023-07-06,Standard,61.76
6393,Timothy Kirk,vmoore@example.com,India,2022-03-28,Premium,56.90
6394,Alejandro Bowman,judysharp@example.org,Australia,2026-05-01,Basic,32.18
6395,Jason Hampton,rebeccacarroll@example.org,United Kingdom,2022-09-16,Premium,131.10
6396,Lisa Gardner,colemanlance@example.net,France,2025-11-23,Standard,106.91
6397,Angela Taylor,zmendoza@example.org,Brazil,2026-05-23,Standard,204.44
6398,Matthew Wu MD,steven22@example.com,Australia,2024-04-15,Standard,10.25
6399,Ryan Davis,rwilliams@example.com,Japan,2026-07-12,Premium,121.46
6400,Felicia Herrera,april95@example.com,Netherlands,2025-11-14,Standard,30.16
6401,Amy Bright,jamesstewart@example.org,Netherlands,2020-05-27,Standard,41.73
6402,Glenn Anderson,kellyjones@example.com,Canada,2022-01-11,Basic,71.20
6403,Kelly Lopez,timothy11@example.com,Japan,2026-01-24,Premium,78.15
6404,Jeremy Casey,stacygrant@example.net,United States,2021-12-14,Basic,68.67
6405,Jeffery Contreras,hayesanthony@example.com,Brazil,2021-11-03,Standard,51.55
6406,Jeanne Boyer,margaretwilson@example.org,Germany,2021-04-12,Premium,62.10
6407,Candace Morris,john33@example.com,Netherlands,2023-04-10,Basic,49.64
6408,Thomas Burgess,wyattsusan@example.org,Brazil,2024-07-11,Premium,61.53
6409,Travis Wolfe,lisadavis@example.org,United States,2025-10-31,Standard,37.62
6410,Kevin Jacobs,mmurphy@example.org,India,2021-01-11,Basic,18.85
6411,Karen Ward,oruiz@example.org,Japan,2022-02-11,Standard,80.08
6412,Derek Livingston,mikegonzalez@example.org,India,2021-06-18,Basic,117.03
6413,Lisa Robertson,kristopher63@example.com,France,2022-02-11,Standard,96.39
6414,Sandra Bird,samuelhamilton@example.com,United States,2023-09-20,Basic,99.07
6415,Jared Blevins,jennifer98@example.org,Canada,2026-01-13,Premium,69.03
6416,Madeline Bennett,kristenvillarreal@example.org,France,2021-04-29,Basic,73.25
6417,Luis Shields,hillmikayla@example.net,India,2024-04-09,Standard,84.50
6418,Tyler May,davismaria@example.com,India,2023-03-09,Premium,44.15
6419,Amy Riley,brendan97@example.net,Germany,2022-04-06,Basic,41.24
6420,Timothy Lewis,waynetaylor@example.org,United Kingdom,2023-11-05,Standard,28.76
6421,Samantha Larson,jennifergilbert@example.org,Netherlands,2020-06-27,Basic,42.02
6422,Megan Richardson,garciapamela@example.net,Australia,2022-01-25,Basic,53.64
6423,William Brown,shelby76@example.org,Netherlands,2022-10-27,Premium,22.36
6424,Walter Johnson,phunt@example.org,Japan,2026-05-12,Basic,167.82
6425,Robert Mack,evelyn46@example.net,France,2024-09-20,Basic,29.82
6426,Jennifer Sexton,wilkinsraven@example.org,Japan,2021-11-18,Standard,36.62
6427,Ashley Kent,lgreen@example.org,Netherlands,2022-12-14,Standard,97.06
6428,Maria Anderson,joseph59@example.net,France,2022-12-06,Standard,112.50
6429,Linda Kirby,blakethomas@example.net,Netherlands,2020-05-31,Standard,57.20
6430,John Butler,guzmancarl@example.com,Canada,2020-12-12,Standard,35.68
6431,Elizabeth Walters,andrewrandall@example.com,France,2024-09-07,Standard,54.23
6432,Victoria Fisher,kjohnson@example.org,Canada,2026-07-13,Standard,65.74
6433,Patrick Smith,rodriguezchristopher@example.net,Japan,2026-05-29,Standard,53.14
6434,Ryan Gonzalez,mcarter@example.com,Netherlands,2026-07-14,Premium,26.47
6435,Samuel Gutierrez,patricia73@example.org,India,2021-03-03,Standard,94.78
6436,Dr. Heather White,watsonmatthew@example.net,Netherlands,2025-02-18,Standard,51.85
6437,Kristina Harmon DDS,tammy24@example.net,United Kingdom,2023-10-26,Standard,119.13
6438,Dennis Hill PhD,linkevin@example.net,Canada,2024-01-01,Basic,48.07
6439,Carla Campbell,marcus16@example.net,Netherlands,2020-09-01,Standard,138.34
6440,Mark Harris,patricia74@example.org,Japan,2021-02-16,Basic,90.17
6441,Patty Jones,ashleysims@example.org,Australia,2024-05-27,Standard,107.18
6442,Alexander Dillon,zolsen@example.com,Canada,2023-11-15,Standard,21.45
6443,Vanessa Schmidt,eric85@example.net,France,2025-06-11,Standard,37.06
6444,Kevin Johnson,greenwendy@example.net,Germany,2024-10-16,Standard,130.87
6445,Erika Palmer,markbuck@example.net,Canada,2020-01-04,Premium,103.29
6446,John Lewis,chelseafuentes@example.net,Netherlands,2026-07-10,Basic,47.51
6447,Walter Tyler,fharris@example.org,Australia,2020-03-01,Premium,135.26
6448,Christine Brown,sbradley@example.com,United Kingdom,2020-03-09,Standard,44.21
6449,Alex Watkins,abigail81@example.org,Brazil,2020-05-30,Standard,51.67
6450,Kristen Sanchez,glassalexis@example.org,Canada,2021-11-20,Premium,68.36
6451,Donald Weiss,cjones@example.org,Japan,2025-07-15,Premium,51.30
6452,David Schaefer,jessica12@example.net,India,2023-08-14,Standard,50.75
6453,Fernando Henson,baxterbrandi@example.net,Canada,2020-11-03,Standard,59.06
6454,Derrick Zuniga,xthomas@example.com,Germany,2024-12-14,Premium,37.29
6455,Carl Cook,dbrown@example.net,United States,2020-06-01,Basic,72.36
6456,Samuel Robertson,daniel61@example.org,Brazil,2020-06-08,Standard,36.95
6457,Nicole Reilly,ericchristensen@example.org,Germany,2025-10-10,Standard,37.20
6458,James French,sarahjenkins@example.org,France,2026-01-18,Standard,37.56
6459,Michael Robinson,zachary00@example.org,Japan,2023-08-23,Standard,51.65
6460,Jacob Benitez,martinezshawn@example.com,Brazil,2020-09-07,Standard,71.37
6461,Maria Joyce,lbullock@example.org,Canada,2025-07-03,Standard,43.74
6462,Douglas Macdonald,paulparker@example.com,Netherlands,2020-07-24,Basic,44.64
6463,Lance Brown,lauriejohnson@example.com,Japan,2024-04-08,Premium,73.67
6464,Margaret Cooper,williamforbes@example.net,India,2022-09-02,Premium,78.19
6465,Jessica Hall,adrian42@example.net,Canada,2023-10-31,Standard,20.91
6466,Michael Henry,markgriffin@example.org,Canada,2024-05-09,Standard,77.95
6467,Jacqueline Miller,hmitchell@example.org,United Kingdom,2022-07-18,Basic,50.62
6468,Sheri Brooks,joyce98@example.net,Japan,2024-02-06,Basic,28.28
6469,Rachel Jackson,christopher49@example.com,France,2024-10-12,Standard,89.17
6470,Brendan Gonzalez,oscott@example.com,India,2023-01-03,Basic,45.73
6471,Lacey Brown,donald87@example.net,India,2025-10-29,Basic,40.44
6472,Judy Jackson,andrewmoore@example.org,Germany,2025-08-29,Standard,127.18
6473,Mario Randall,kimberly34@example.org,United States,2021-05-12,Premium,52.95
6474,Philip James,huertajohn@example.com,Netherlands,2022-12-20,Standard,47.69
6475,Austin Smith,jeremy30@example.org,Canada,2024-05-04,Standard,103.64
6476,Eric Miller,wilsoncameron@example.com,Canada,2021-11-17,Standard,56.68
6477,Alyssa Allison,stevenmendoza@example.net,Brazil,2025-12-25,Standard,30.18
6478,John Wells,elizabeth92@example.net,India,2021-08-19,Standard,39.43
6479,Marcus Santos,ronaldyang@example.net,France,2023-12-15,Standard,44.20
6480,Jessica Chan,wdominguez@example.com,Brazil,2022-09-09,Standard,26.80
6481,Rachel Montgomery,brownmichael@example.com,Brazil,2021-05-20,Basic,51.34
6482,Cheryl Cunningham,shayes@example.com,Australia,2020-04-28,Premium,144.28
6483,Diane Edwards,doughertyscott@example.org,France,2020-11-25,Premium,35.32
6484,Stephen Kramer,cynthia20@example.org,India,2025-12-07,Standard,129.47
6485,Carl Lyons,aolsen@example.net,Canada,2020-01-28,Premium,29.47
6486,Juan Morton,joerobbins@example.org,Canada,2021-04-05,Standard,17.72
6487,Jared Huffman,jasonsullivan@example.org,United Kingdom,2020-07-14,Standard,75.83
6488,Amanda Wilson,tparker@example.com,Germany,2021-10-22,Basic,29.25
6489,Steven Anderson MD,priscilla11@example.com,United Kingdom,2025-08-21,Standard,54.00
6490,Kelli Smith,troymorris@example.com,India,2025-11-16,Basic,100.94
6491,Misty Turner,nturner@example.com,Japan,2020-11-14,Standard,18.90
6492,Douglas Holland,jennifer93@example.com,United Kingdom,2026-05-08,Standard,38.88
6493,Heather Benson,breed@example.net,Canada,2026-03-07,Basic,75.51
6494,Lynn Ramirez,jonestheresa@example.com,United Kingdom,2022-12-02,Premium,104.99
6495,Lindsey Jackson,mooretony@example.com,Canada,2023-01-03,Basic,41.59
6496,Jeffrey Williams,sharon79@example.org,Japan,2021-06-22,Standard,145.15
6497,Joseph Russell,amber67@example.org,Canada,2024-10-01,Standard,99.67
6498,Rodney Ford,jodilove@example.net,United States,2020-12-31,Standard,108.62
6499,Michael Ford,hkim@example.net,Canada,2020-06-19,Premium,41.35
6500,Margaret Gallegos,heatherallen@example.net,Germany,2020-02-02,Basic,99.84
6501,Daniel Rogers,stewarttyler@example.com,United Kingdom,2022-03-18,Standard,23.02
6502,Amanda Stevens,matthew79@example.com,India,2025-03-21,Standard,46.05
6503,Lynn Brooks,alvarezscott@example.org,Japan,2025-10-11,Standard,81.19
6504,Ricardo Baker,anthonysmith@example.com,India,2021-04-17,Basic,36.92
6505,Mark Andrews,thomasnixon@example.net,United Kingdom,2021-12-21,Basic,57.51
6506,Glenn Brewer,patrick24@example.org,United Kingdom,2022-08-15,Standard,63.15
6507,Mark Kelly,markmassey@example.com,Japan,2023-03-29,Standard,115.72
6508,Nicole Robinson,eric64@example.org,United Kingdom,2020-12-14,Premium,30.16
6509,Anthony Jones,eric22@example.org,France,2021-05-24,Standard,37.82
6510,Christopher Peterson,kcarter@example.com,France,2022-01-04,Standard,63.97
6511,Kayla Barnes,finleynancy@example.org,Netherlands,2023-05-23,Standard,49.95
6512,Andrew Berry,ohayes@example.com,United Kingdom,2024-10-02,Premium,100.02
6513,Ryan Howell,terrinavarro@example.com,India,2021-11-05,Basic,108.45
6514,Amanda English,brianoconnor@example.com,Australia,2024-03-23,Premium,30.68
6515,Veronica Herman,hlozano@example.net,Netherlands,2020-12-13,Basic,192.17
6516,Kevin Baker,joseph52@example.org,United States,2026-07-13,Standard,17.84
6517,Megan Johnson,whiteheadanthony@example.org,France,2020-06-19,Basic,86.22
6518,Travis Jenkins,vvasquez@example.org,India,2025-05-25,Basic,156.37
6519,Victor Owens,sonyadavis@example.com,United Kingdom,2021-05-26,Standard,42.45
6520,Jennifer Rogers,guzmanthomas@example.org,United States,2025-08-12,Basic,29.40
6521,Christy Roach,fgomez@example.com,France,2022-11-30,Premium,25.07
6522,Richard Williams,antonioserrano@example.com,United Kingdom,2022-11-17,Basic,93.15
6523,Dawn Velazquez,kellis@example.org,United States,2025-05-12,Standard,35.45
6524,Timothy Martin,rita93@example.net,France,2020-09-24,Standard,12.06
6525,Miss Kaitlin Delacruz,fjohnson@example.com,United States,2025-05-16,Standard,27.52
6526,Brian Drake,gmoses@example.net,Brazil,2022-03-20,Standard,157.91
6527,Daniel Walker,delgadogeorge@example.net,United Kingdom,2020-01-25,Premium,102.08
6528,Dustin Warren,earlowens@example.com,Brazil,2021-12-19,Basic,55.68
6529,Joshua Lynch,sandersjohn@example.org,United Kingdom,2023-05-17,Standard,91.84
6530,Brian Ramsey,robert41@example.net,United Kingdom,2021-01-30,Standard,94.11
6531,Christina Chapman,mark42@example.com,India,2026-03-20,Standard,40.46
6532,Angela Cruz,hbrown@example.com,Japan,2022-12-03,Standard,28.32
6533,Vincent Mathews,collinselizabeth@example.org,India,2026-06-18,Standard,78.34
6534,Robert Gonzalez,joseph19@example.net,France,2020-01-17,Premium,95.38
6535,Judy Koch,kcamacho@example.net,France,2022-05-12,Standard,45.22
6536,Jerry Lopez,alex56@example.org,United Kingdom,2024-12-02,Standard,20.50
6537,Joshua Merritt,randy45@example.com,United States,2025-02-26,Standard,43.90
6538,Jared Mullins,monica19@example.net,India,2020-02-08,Premium,64.66
6539,Mr. Brian Olsen,gregorylopez@example.com,France,2020-02-15,Basic,61.85
6540,Jesse Hogan,daniel59@example.net,United Kingdom,2021-10-30,Premium,41.03
6541,Bianca Charles,sullivankelly@example.org,France,2023-01-22,Basic,30.99
6542,Jeremy Gibbs,sandrawright@example.com,Canada,2026-07-02,Basic,27.59
6543,James Washington Jr.,ylevy@example.org,Brazil,2023-09-07,Standard,25.98
6544,Sherri Graham,michelle58@example.net,Netherlands,2025-06-07,Standard,55.07
6545,Diane Palmer PhD,porteranita@example.org,Brazil,2020-03-08,Premium,113.78
6546,Roy Johnston,thomasrobinson@example.net,Netherlands,2020-07-23,Premium,89.19
6547,Allison Blackburn,zperry@example.com,Canada,2020-01-31,Premium,50.26
6548,Alexander Lopez,achapman@example.com,United Kingdom,2025-06-10,Basic,50.21
6549,Jason Olsen,todddiaz@example.net,Brazil,2020-05-08,Standard,40.13
6550,Cynthia Walker,thomas09@example.org,Japan,2025-12-29,Premium,30.44
6551,Donna Holloway,bakerevelyn@example.org,India,2024-09-24,Premium,37.80
6552,Charles Russell,ocarey@example.net,Germany,2026-01-06,Standard,77.75
6553,Mr. Shawn Bishop DDS,morgan54@example.org,Brazil,2021-04-12,Basic,28.94
6554,Paul Johnson,shelbysimon@example.net,India,2020-02-18,Basic,168.16
6555,Lisa Reed,gthompson@example.org,Japan,2024-02-25,Basic,53.34
6556,Allison Lloyd,mccoyelizabeth@example.org,Germany,2026-07-07,Standard,125.75
6557,Mario Hall,greeneanna@example.org,Japan,2025-06-23,Premium,87.15
6558,Cameron Webb,samuelcarney@example.com,France,2025-03-08,Basic,34.35
6559,Michelle Washington,derek73@example.org,United States,2024-09-06,Standard,93.39
6560,Cynthia Flores PhD,paulagarcia@example.com,Japan,2020-02-17,Standard,106.07
6561,Charlene Randolph,lmontgomery@example.org,Netherlands,2022-04-26,Basic,43.81
6562,Jennifer Briggs,gking@example.org,Australia,2022-06-13,Premium,181.36
6563,Elizabeth Watkins,hendersonamy@example.org,United States,2022-10-12,Standard,42.12
6564,Robert Smith,natasha33@example.net,Netherlands,2023-01-19,Standard,79.96
6565,Jennifer Torres,maria52@example.net,Canada,2023-12-31,Premium,96.12
6566,Christy Mosley,rjones@example.org,Germany,2022-08-11,Standard,28.81
6567,Michael Medina,chavezjames@example.net,United States,2026-07-19,Basic,41.25
6568,Teresa Reynolds,xrivera@example.org,United States,2022-04-27,Premium,89.94
6569,Sheila Banks,wendy16@example.com,Japan,2024-04-12,Basic,21.73
6570,Linda Bolton,michael99@example.org,United Kingdom,2021-06-23,Standard,56.35
6571,Brenda Gray,zrichards@example.org,Netherlands,2020-04-27,Premium,58.64
6572,Dylan Cole,ashley95@example.net,Canada,2025-09-17,Basic,51.93
6573,Christopher Lawson,rojasjames@example.net,Australia,2025-09-08,Standard,44.22
6574,John Nelson DVM,mmoore@example.org,Canada,2023-04-21,Premium,47.43
6575,Bonnie Brewer,herbertgarcia@example.org,Brazil,2025-03-19,Standard,54.02
6576,Shelly Fleming,glee@example.org,Australia,2022-11-01,Basic,99.00
6577,Gabriel Johnson,rangeljonathan@example.org,Germany,2025-05-08,Premium,112.98
6578,Erin Hunter,brittanydiaz@example.org,United Kingdom,2022-01-05,Standard,27.44
6579,Daniel Blanchard,joewells@example.org,Germany,2022-03-27,Premium,55.49
6580,Victoria Fletcher,sanfordlouis@example.com,Germany,2025-11-12,Standard,65.71
6581,Tracey Burch,camerongonzales@example.org,Japan,2025-04-10,Standard,62.70
6582,Debbie Fuller,zhall@example.org,Netherlands,2023-03-28,Standard,24.76
6583,Theresa Jackson,monica33@example.net,France,2021-10-29,Standard,25.20
6584,Melissa Thomas,daniel68@example.net,France,2025-10-21,Premium,138.36
6585,Leslie Swanson,ileblanc@example.net,Canada,2024-11-30,Standard,58.60
6586,Hannah Wilson,kendra02@example.net,Germany,2020-02-25,Premium,34.35
6587,Mary Palmer,rberry@example.org,Netherlands,2021-04-11,Standard,52.54
6588,Christie Mora,simmonsgregory@example.com,Japan,2021-06-08,Standard,52.93
6589,Thomas Burch,john65@example.org,Brazil,2020-11-27,Standard,187.33
6590,James Jordan,buchananrobert@example.net,Brazil,2021-02-24,Standard,144.02
6591,Jesse Smith,umckenzie@example.com,Netherlands,2026-06-30,Standard,62.75
6592,Karen Butler,patrickmiller@example.com,India,2021-10-09,Standard,74.80
6593,Joseph Cannon,sylvia12@example.org,Brazil,2021-04-12,Basic,175.72
6594,Kirk Griffin,melissa69@example.com,France,2022-07-20,Standard,31.93
6595,Louis Brown,melissanelson@example.net,Brazil,2022-09-02,Standard,89.38
6596,Mackenzie Edwards,newmanpamela@example.net,United Kingdom,2020-10-04,Standard,39.05
6597,Richard Wilson,fvaughn@example.com,Japan,2025-08-30,Basic,169.08
6598,George Lloyd,daniellecooper@example.org,Germany,2026-03-08,Standard,46.16
6599,David Singleton,peter16@example.org,United Kingdom,2021-06-04,Basic,20.61
6600,Karen Campbell,brandon97@example.org,India,2020-02-18,Standard,71.11
6601,Edward Scott,lbarnes@example.net,France,2024-08-02,Premium,124.05
6602,Jason Simon,sarah09@example.com,Netherlands,2020-01-28,Standard,174.56
6603,Kelly Lee,williamlucas@example.org,Brazil,2022-12-15,Standard,34.48
6604,Mr. Rodney Parker,edgarharvey@example.com,United Kingdom,2024-02-04,Standard,30.86
6605,Lawrence Macias,amanda59@example.net,Netherlands,2025-07-01,Basic,158.71
6606,Jenna Owen,gortiz@example.com,Germany,2020-04-29,Basic,60.30
6607,Cristina Schwartz MD,donaldmarquez@example.net,United Kingdom,2020-03-07,Premium,25.64
6608,Robert Hanna,fthompson@example.org,Canada,2025-04-13,Standard,73.27
6609,Peter Reed,nwatson@example.net,United Kingdom,2020-02-23,Standard,57.16
6610,Keith Gilbert,catherineschaefer@example.org,Australia,2024-07-31,Basic,76.92
6611,Amy Berry,catherinemedina@example.org,France,2024-05-05,Basic,25.41
6612,Mark Martinez,hpadilla@example.com,Brazil,2026-01-14,Basic,52.84
6613,Angela Prince,jaclynmack@example.com,Canada,2020-01-30,Premium,74.52
6614,Nathan Irwin,bakerrenee@example.com,Germany,2021-08-03,Basic,44.07
6615,Theodore Pierce,rileysteven@example.com,Netherlands,2020-06-23,Basic,41.78
6616,Jacqueline Garner,troy04@example.org,Australia,2024-09-09,Basic,134.07
6617,David Murray,dfields@example.org,Netherlands,2020-05-12,Standard,39.95
6618,Jesse Oconnell,zpeck@example.org,France,2022-10-10,Standard,24.29
6619,Michael Smith,mhudson@example.com,United Kingdom,2020-04-04,Basic,56.16
6620,Diane Freeman,fosterdiana@example.org,Canada,2022-07-10,Standard,91.37
6621,Andrew Wilson,juanballard@example.org,Canada,2025-04-12,Basic,24.24
6622,Anthony Thomas,porterwilliam@example.net,United Kingdom,2023-11-27,Standard,80.49
6623,Kevin Kelly,christopher39@example.org,Brazil,2025-08-08,Standard,50.86
6624,Michael Singleton,loganclayton@example.com,India,2023-10-11,Basic,35.81
6625,Mrs. Cynthia Gordon DDS,christinabrown@example.com,India,2023-07-14,Standard,114.31
6626,Michael Carter,kingsusan@example.com,Germany,2026-07-25,Standard,80.83
6627,James Gonzalez,shebert@example.com,Germany,2022-07-03,Standard,33.53
6628,Elizabeth Cross,kimberlyrosales@example.net,France,2020-09-24,Premium,43.21
6629,Earl Gonzalez,kcooper@example.org,Canada,2023-05-06,Basic,27.40
6630,Jay Williams,hansenkenneth@example.org,United Kingdom,2021-08-08,Standard,73.57
6631,Mark Knight,doris49@example.org,United Kingdom,2025-02-28,Standard,50.79
6632,Dr. William Harris,sara17@example.net,Netherlands,2021-02-23,Standard,121.87
6633,Michele Rangel,savannaherickson@example.org,Australia,2020-10-25,Standard,96.72
6634,Ariel Jefferson,urodriguez@example.org,Canada,2025-02-20,Basic,54.64
6635,Mary Carroll,christopherreyes@example.org,Brazil,2022-08-08,Basic,55.98
6636,Mary Wilson MD,carlmcfarland@example.com,India,2021-09-25,Premium,133.84
6637,Sergio Hull,stephensstacy@example.org,Canada,2024-04-29,Premium,77.26
6638,Aaron Lowe,paigeosborn@example.net,United Kingdom,2022-03-10,Standard,75.43
6639,Devin Brown,shannon53@example.com,United Kingdom,2024-12-28,Standard,47.05
6640,Richard Benson,obrienerin@example.com,Netherlands,2023-10-28,Standard,36.89
6641,Eric Smith,kwright@example.net,France,2025-01-20,Premium,67.70
6642,Darin Wells,jessepark@example.net,United Kingdom,2023-02-25,Standard,36.07
6643,Lindsay Johnson,cindy45@example.org,Canada,2022-01-17,Basic,27.12
6644,Steven Gilbert,christydiaz@example.com,Japan,2026-03-26,Standard,146.57
6645,Karen Robinson,joe10@example.com,United States,2024-11-02,Basic,48.76
6646,Tiffany Phillips,seancordova@example.com,Canada,2021-11-04,Premium,29.77
6647,Joseph Andrews,trevinoheather@example.net,Netherlands,2020-11-06,Premium,124.79
6648,Gary White,joegrant@example.net,United States,2022-11-01,Standard,27.14
6649,Stephanie Middleton,smithsandra@example.net,Australia,2026-04-08,Basic,62.81
6650,Katherine Thomas,erika44@example.net,Germany,2023-04-23,Standard,63.35
6651,Samantha Dunn,xnelson@example.org,United States,2023-03-15,Premium,60.72
6652,Brian Pearson,msmith@example.net,United Kingdom,2023-06-07,Standard,104.97
6653,Richard Goodman,nmurphy@example.org,United States,2024-12-08,Premium,52.72
6654,Michael Rodriguez,audreyjohnson@example.org,France,2024-11-20,Standard,20.47
6655,Amy Hernandez,halltommy@example.net,United States,2021-01-19,Standard,63.32
6656,Howard Costa,vjackson@example.com,United Kingdom,2021-12-13,Standard,37.49
6657,Phillip Simmons,ryanford@example.net,Netherlands,2022-10-06,Premium,58.83
6658,Brian Hughes,jaredjohnson@example.org,France,2025-04-04,Standard,41.92
6659,Terrance Burns,nhouston@example.net,Japan,2023-03-12,Standard,32.35
6660,Kenneth Love,nmartin@example.org,Australia,2020-08-30,Premium,78.07
6661,Jennifer Brown,daniellearroyo@example.com,Brazil,2026-08-07,Premium,41.67
6662,Steven Knight,carlaswanson@example.net,Canada,2023-06-27,Standard,25.73
6663,Paige Patterson,charles47@example.com,Germany,2022-10-05,Standard,117.81
6664,Casey Ali,karinahodges@example.net,Australia,2024-07-13,Standard,45.94
6665,Whitney Kim,kayla58@example.com,United Kingdom,2021-10-23,Standard,232.30
6666,Erica Castro,rachel57@example.com,Japan,2020-03-04,Basic,164.18
6667,Patricia Gutierrez,shelley06@example.com,Japan,2020-02-04,Basic,81.64
6668,Abigail Jensen,michelle11@example.com,Germany,2025-04-25,Basic,40.45
6669,Jessica Gray,robert70@example.com,Netherlands,2023-09-16,Premium,102.63
6670,Rachel Evans,cwilliamson@example.net,Germany,2022-08-26,Standard,69.66
6671,Jean Hunter,arussell@example.net,France,2025-04-22,Standard,137.36
6672,Charles Marshall,williamjohnson@example.com,Australia,2023-11-06,Standard,214.54
6673,Robert Fowler,,Brazil,2023-02-18,Standard,69.49
6674,Cody Rowe,fowlereric@example.com,United Kingdom,2022-01-18,Basic,67.13
6675,Deborah Wilkins,annthompson@example.net,Germany,2021-05-20,Basic,23.92
6676,Anne Savage,rachaelgray@example.com,Canada,2020-12-03,Standard,243.11
6677,Michael Anderson,ebaker@example.net,Germany,2026-04-03,Premium,102.28
6678,Kimberly Walker,joshua89@example.org,Netherlands,2020-11-18,Basic,143.90
6679,Lori Morrison,martinshields@example.com,India,2022-03-18,Standard,83.43
6680,Maria Greene,hamiltonmichael@example.com,Japan,2022-07-11,Standard,115.43
6681,Angela Esparza,douglas87@example.net,Canada,2021-03-13,Basic,82.94
6682,Kenneth Wright,joneschristopher@example.net,Japan,2020-04-17,Standard,40.30
6683,Daniel Jefferson,martinezjustin@example.net,France,2022-12-06,Standard,17.36
6684,Michael Potter,noblebrian@example.net,Japan,2025-05-26,Premium,58.63
6685,Stephanie Hayden,greid@example.net,Germany,2023-08-15,Standard,69.54
6686,Ricardo Clark DVM,johnsonjanet@example.net,France,2020-04-24,Basic,27.51
6687,Elijah Smith,michael42@example.org,India,2020-06-06,Basic,45.62
6688,Tiffany Flores,lisa82@example.net,Canada,2026-02-24,Standard,114.57
6689,Andrew Brooks,whitakeramy@example.org,Netherlands,2025-02-11,Basic,57.16
6690,Daniel Wood,cookolivia@example.net,Brazil,2022-04-26,Basic,150.42
6691,Lauren Gray,amalone@example.com,Brazil,2021-11-25,Standard,22.10
6692,Jessica Hill,benitezerin@example.org,Canada,2025-06-08,Standard,36.57
6693,Deborah Atkins,kathleenvelasquez@example.org,India,2021-09-22,Standard,57.58
6694,Holly Montes,noahburke@example.com,Germany,2024-01-26,Basic,79.06
6695,Manuel Anderson,dford@example.net,France,2026-07-03,Standard,75.97
6696,Jasmine Chambers,robertroberson@example.org,Brazil,2025-01-04,Standard,31.17
6697,Kathleen Martinez,carly60@example.net,Australia,2022-12-06,Basic,89.24
6698,Alyssa Hanson,jacksonjeremiah@example.org,United States,2026-01-29,Premium,111.80
6699,Trevor Harrison,michael96@example.net,Brazil,2026-03-15,Standard,36.87
6700,Mary Gonzalez,carolyn38@example.com,Germany,2026-01-29,Premium,17.18
6702,Ashley Black,hzamora@example.com,Brazil,2021-10-22,Basic,32.57
6703,Sherry Mayer,wilsonjerry@example.com,Germany,2024-02-03,Standard,89.98
6704,Mark Ramos,jamesadams@example.org,Germany,2020-05-16,Premium,88.29
6705,Jonathan Ingram,wjohns@example.org,Australia,2025-01-11,Standard,57.55
6706,Dr. Matthew Skinner,vallen@example.net,Brazil,2025-09-08,Premium,25.90
6707,Sandra Hurley,leestacey@example.org,Canada,2020-07-21,Premium,19.60
6708,Robert Allen,natashatorres@example.net,Japan,2021-01-09,Standard,78.79
6709,Spencer Willis,daniel78@example.net,Canada,2021-10-04,Premium,23.20
6710,Valerie Barnett,wrodriguez@example.org,Netherlands,2026-01-27,Basic,66.10
6711,Sharon Lopez,victoria90@example.org,Germany,2023-12-06,Basic,38.67
6712,Caleb Owen,frank41@example.com,Japan,2023-01-13,Standard,143.87
6713,Michael Clark Jr.,melissaglover@example.org,Netherlands,2021-07-02,Standard,53.90
6714,Evelyn Roman,francojoanne@example.com,Japan,2022-08-14,Basic,67.79
6715,Crystal Mason,jimenezjeffrey@example.com,Canada,2022-09-29,Basic,18.63
6716,Lisa Pennington,brandonfuller@example.com,Germany,2020-01-14,Standard,113.03
6717,Mrs. Angela Cruz MD,jjensen@example.com,India,2020-10-21,Basic,57.14
6718,Samantha Adams,butlerbradley@example.org,India,2023-06-26,Standard,67.84
6719,Nathan Fields,qfranco@example.com,Australia,2022-09-13,Standard,37.88
6720,Michael Oneal,paulclayton@example.org,Canada,2026-07-20,Premium,40.64
6721,Thomas Bennett,bradley11@example.org,Netherlands,2025-05-21,Standard,29.19
6722,Kelsey Hicks,anthony29@example.org,Germany,2022-09-22,Basic,45.45
6723,Brenda Phillips,michael94@example.net,Japan,2025-04-15,Standard,96.23
6724,Richard Parker Jr.,donnagallagher@example.com,Canada,2023-02-02,Standard,35.21
6725,Laurie Pugh,westmichael@example.org,Netherlands,2025-07-02,Standard,42.26
6726,Jason Owen,snguyen@example.com,United States,2025-12-30,Standard,49.42
6727,Caitlin Taylor,ecollins@example.com,Australia,2023-05-04,Basic,49.81
6728,Lisa Jacobson,uevans@example.org,United States,2020-08-08,Basic,31.71
6729,Billy Crosby,john17@example.net,Australia,2021-06-17,Standard,40.09
6730,Kathryn Green,walkersamuel@example.net,United States,2025-11-16,Premium,26.33
6731,Brandi Waters,christinafreeman@example.com,Brazil,2024-02-17,Basic,52.58
6732,Carla Wilson,xrojas@example.com,Netherlands,2022-09-17,Basic,120.52
6733,Denise Garcia,tara03@example.net,United States,2020-08-15,Standard,47.29
6734,Amanda Evans,thomas23@example.com,Germany,2024-09-22,Standard,27.53
6735,Michael Chase,greenemichael@example.com,Australia,2021-06-03,Basic,205.90
6736,Lori Orr,evanlarson@example.net,Netherlands,2026-02-01,Basic,62.89
6737,Aaron Peterson,xclark@example.org,Canada,2025-05-27,Premium,54.10
6738,Kimberly Floyd,tammystevens@example.com,India,2025-04-08,Basic,51.61
6739,Kelsey Campbell,tararaymond@example.org,Brazil,2025-07-30,Standard,49.96
6740,Jordan Mccarthy,natasha08@example.net,Germany,2023-03-20,Premium,138.43
6741,Catherine Wilson,roserhonda@example.net,United Kingdom,2023-06-14,Basic,41.04
6742,Colton Barrett,justindeleon@example.org,Germany,2023-05-18,Premium,20.51
6743,Michael Joseph,matthew43@example.org,Netherlands,2026-05-03,Standard,95.33
6744,Timothy Cunningham,aanderson@example.com,Germany,2022-08-24,Standard,28.25
6745,Tricia Huff,jacobhernandez@example.org,Japan,2024-10-07,Standard,47.67
6746,Tracy Stevens,glennchloe@example.org,Australia,2021-05-06,Standard,35.41
6747,April Black,bennettjeffrey@example.com,France,2020-07-02,Premium,21.48
6748,Jonathan Combs,khubbard@example.com,India,2020-05-03,Standard,61.41
6749,Taylor Diaz,livingstondavid@example.org,France,2023-02-13,Standard,252.16
6750,Samuel Carroll,emichael@example.org,India,2023-11-29,Standard,96.83
6751,Marcus Thompson,thomasmartin@example.com,India,2026-01-03,Basic,76.24
6752,Heather Cabrera,alexanderashley@example.net,Canada,2025-06-16,Standard,50.74
6753,Jonathon Kelly,christophervilla@example.net,India,2022-08-15,Standard,60.02
6754,Amber Watson,dsullivan@example.org,Canada,2024-05-10,Premium,45.92
6755,Bruce Grimes,teresa27@example.com,Japan,2022-10-26,Basic,82.43
6756,Alexander Johnson,connortaylor@example.com,Australia,2022-07-12,Standard,40.55
6757,Scott Allen,pauljenkins@example.net,United States,2026-01-03,Standard,64.79
6758,Robert Mata,pchaney@example.net,Canada,2024-09-10,Standard,36.61
6759,Sharon Perez,mcgeeamy@example.com,United States,2020-09-20,Standard,128.31
6760,Kimberly Lee,frostdaniel@example.net,India,2023-10-18,Standard,33.96
6761,Brian Taylor,toniwells@example.org,Brazil,2023-07-19,Premium,123.36
6762,Christian Hernandez,manningjamie@example.net,United Kingdom,2023-08-03,Premium,120.87
6763,Megan Hawkins,cjohnson@example.com,India,2020-08-20,Premium,32.72
6764,Erika Sweeney,ericamoore@example.org,United States,2021-09-12,Premium,53.16
6765,Kathleen Walker,wrogers@example.net,Germany,2022-11-17,Premium,38.72
6766,Kurt Kirby,reynoldschristopher@example.com,India,2020-06-03,Standard,45.84
6767,Stacy Moore,paulperez@example.net,Australia,2025-08-30,Standard,75.20
6768,Jesse Cruz,scottmcneil@example.com,Australia,2024-09-17,Standard,23.79
6769,Johnny Schneider,garybuck@example.com,United States,2023-05-27,Standard,56.32
6770,Nicole Phillips,ramirezmichael@example.com,France,2023-11-30,Basic,124.43
6771,William Diaz,heatherward@example.com,United Kingdom,2020-12-16,Standard,99.24
6772,Bradley Wilkinson,ypatel@example.com,Brazil,2025-01-15,Basic,42.49
6773,Paul Hunt,pwilliams@example.org,Japan,2024-05-27,Standard,22.76
6774,Anthony Bailey,ogaines@example.org,Netherlands,2021-05-06,Basic,167.38
6775,Brandon Barton,jimmy99@example.com,Canada,2026-06-23,Standard,50.04
6776,Alexander Figueroa,joshua24@example.org,United Kingdom,2021-09-16,Standard,30.96
6777,Jennifer Kelley,marymarshall@example.org,France,2022-01-02,Basic,73.35
6778,Victoria Newman,matthewhiggins@example.com,Brazil,2023-04-24,Standard,33.89
6779,Jacqueline Austin,ronaldflores@example.net,India,2022-06-05,Standard,154.45
6780,Christopher Carpenter,wgreen@example.net,France,2020-06-02,Standard,34.60
6781,Christopher Woods,simonmelanie@example.org,United Kingdom,2024-11-18,Standard,60.33
6782,Kelsey Brown,lrobertson@example.com,United States,2023-07-31,Premium,40.60
6783,Karen White,pmills@example.com,France,2024-12-15,Basic,225.52
6784,Kimberly Powell,jesse81@example.com,United States,2021-04-02,Basic,55.04
6785,Brian Mathis,xboyd@example.net,Canada,2025-02-17,Premium,33.64
6786,Benjamin Klein,eringates@example.com,Japan,2022-10-28,Standard,23.94
6787,Alicia Smith,stevenjackson@example.com,United States,2022-05-03,Basic,46.51
6788,Margaret Lee,jessicadean@example.com,Brazil,2021-10-20,Standard,181.90
6789,Anthony Harris,solisanita@example.com,Japan,2021-08-05,Standard,62.11
6790,Michael Smith,bobhiggins@example.com,Canada,2024-07-02,Basic,52.44
6791,Karen Mckinney,larry64@example.org,Germany,2024-07-11,Basic,61.82
6792,Joseph Smith MD,chad03@example.com,Japan,2023-06-15,Basic,213.21
6793,Leslie Williams,ericblair@example.net,Canada,2024-07-13,Basic,53.53
6794,Tiffany Washington,bryantmarissa@example.org,Netherlands,2020-04-22,Standard,47.90
6795,Leslie Arnold,qgarcia@example.com,Australia,2025-05-29,Standard,56.88
6796,Mark Villegas,omarsh@example.com,Japan,2023-04-25,Standard,64.80
6797,Timothy Miller,sethlynch@example.com,Australia,2024-04-05,Basic,23.81
6798,Julie Williams,montesdana@example.net,Germany,2024-07-19,Standard,48.04
6799,Mark Norris,gbrown@example.org,Netherlands,2021-05-18,Basic,84.58
6800,Brandon Rose,ejames@example.net,Germany,2026-02-23,Standard,85.05
6801,Dr. Brett Calhoun DDS,kristin70@example.org,India,2026-04-12,Premium,80.52
6802,Colleen Irwin,jennyjackson@example.com,India,2024-09-23,Basic,92.40
6803,Vincent Jones,floresmegan@example.org,Japan,2025-04-14,Standard,76.38
6804,Ashley Patton,grossashley@example.com,United States,2021-08-06,Standard,51.92
6805,Amanda Pollard,hgraham@example.com,Brazil,2021-05-18,Standard,38.76
6806,Christopher Hernandez,christina11@example.com,United States,2021-02-22,Premium,60.20
6807,Susan Stark,michaelbradley@example.com,Japan,2020-06-16,Premium,74.34
6808,Brian Villanueva,william61@example.com,Canada,2025-03-07,Standard,227.05
6809,Dawn Turner,ysmith@example.org,Brazil,2025-07-21,Standard,339.13
6810,Tammy Moore,cstewart@example.org,Canada,2025-05-21,Basic,127.04
6811,Sandra Baker,richardelizabeth@example.org,Canada,2022-08-21,Basic,34.81
6812,Tricia Smith,riverasteven@example.com,Brazil,2025-06-04,Standard,48.22
6813,Jennifer Sanchez,kellyschmitt@example.net,Germany,2020-01-09,Standard,63.31
6814,Jonathan Jimenez,harry17@example.net,India,2025-02-28,Standard,110.36
6815,Alan Davis,anthonysuzanne@example.org,Canada,2026-06-25,Standard,185.01
6816,Richard Perry,christinawalsh@example.org,Brazil,2022-04-18,Basic,44.34
6817,Joseph Jackson,ydecker@example.com,United Kingdom,2025-05-30,Premium,41.55
6818,Amanda Flowers,fspencer@example.org,Germany,2025-08-28,Basic,31.81
6819,Jasmine Myers,cheryl30@example.net,Netherlands,2021-09-01,Premium,143.51
6820,Amanda Moore,btodd@example.org,India,2024-04-28,Premium,39.12
6821,Susan Walsh,tdougherty@example.net,Australia,2021-12-01,Standard,79.95
6822,Zachary Murphy,laura71@example.com,Brazil,2020-08-11,Basic,40.91
6823,Susan Cooper,vanessa58@example.com,Netherlands,2024-03-15,Basic,161.62
6824,Stephanie Cole,hlove@example.org,Brazil,2022-02-14,Standard,17.52
6825,Christy Kirby,james27@example.net,Brazil,2020-03-25,Standard,37.59
6826,Patricia Simmons,jcarrillo@example.org,Canada,2023-03-02,Basic,36.42
6827,Mr. Kirk Lloyd DVM,jonathan84@example.org,India,2025-02-26,Premium,57.42
6828,Amanda Johnson,matthew40@example.org,India,2025-12-21,Standard,50.28
6829,Samuel Hanna,atkinsonjesus@example.com,India,2025-02-19,Standard,109.66
6830,William Taylor,michael38@example.net,Canada,2025-08-04,Premium,75.49
6831,Gregory Butler,kevinhuber@example.net,United Kingdom,2024-06-16,Standard,30.57
6832,Morgan Perry,valerieschroeder@example.net,United Kingdom,2020-06-15,Basic,11.44
6833,Brittany Smith,kaylee54@example.net,Australia,2021-09-05,Premium,93.95
6834,David Reid,maureenmendez@example.org,Canada,2024-03-20,Standard,56.15
6835,Megan Olson,njones@example.org,Netherlands,2020-06-04,Basic,24.10
6836,Bob Goodman,garcialance@example.org,India,2020-05-02,Standard,53.79
6837,David Nelson,fieldsmary@example.org,Germany,2026-01-23,Standard,149.88
6838,Gail Ray,wilsonamy@example.net,Germany,2024-07-15,Premium,40.35
6839,Helen Wood,bennettrachel@example.com,Netherlands,2026-05-28,Premium,60.65
6840,Robert Brown,mwilkins@example.org,Canada,2025-02-28,Standard,133.21
6841,Adrian Taylor,browndeanna@example.com,Australia,2020-08-02,Standard,25.32
6842,Gabriella Knight,wperez@example.org,Australia,2023-04-02,Premium,34.90
6843,Sandra Fox,seangutierrez@example.org,Netherlands,2023-09-24,Standard,31.22
6844,Jennifer Perez,kboyer@example.com,United Kingdom,2021-08-30,Basic,55.38
6845,Gerald Villarreal,millerjohn@example.net,Japan,2021-09-30,Standard,91.23
6846,William Lopez,rriddle@example.org,Australia,2024-04-02,Basic,72.46
6847,Rebecca Cross,dennis30@example.com,Germany,2021-04-23,Basic,19.72
6848,Taylor Hunter,campbelljames@example.net,Germany,2020-05-28,Basic,45.79
6849,Joshua Larson,gutierrezkevin@example.net,Brazil,2020-12-29,Premium,19.55
6850,John Sanchez,rebekah05@example.net,Brazil,2025-12-17,Premium,12.71
6851,Kari Colon,tracy52@example.net,Germany,2024-12-09,Premium,57.27
6852,Leah White,matthew97@example.net,Germany,2020-12-26,Standard,64.78
6853,Diana Martinez,matthew40@example.net,Netherlands,2022-09-12,Premium,30.57
6854,Brian Gallegos,rodriguezdaisy@example.net,Brazil,2020-07-30,Standard,34.12
6855,Keith Huff,ugriffin@example.com,United Kingdom,2023-02-15,Standard,84.45
6856,Janice Anderson,griffithscott@example.net,United Kingdom,2024-04-25,Standard,46.91
6857,George Allen,ywheeler@example.org,Brazil,2023-08-01,Premium,19.27
6858,Nancy Dunlap,johnsonemily@example.org,Australia,2026-06-17,Standard,35.17
6859,Jordan Short,michelle25@example.com,Canada,2020-04-30,Standard,28.58
6860,Joseph Larsen,danielmontoya@example.org,Brazil,2020-04-19,Standard,72.21
6861,Amy Bell,martinezyvonne@example.net,United States,2022-05-15,Standard,85.23
6862,Jennifer Snow,nyoung@example.com,United States,2020-02-09,Premium,62.23
6863,Emily Tran,davidmiller@example.com,France,2023-05-30,Standard,31.00
6864,Michael Franklin,ejones@example.org,Canada,2023-09-09,Basic,44.90
6865,Suzanne Logan,paula89@example.org,Canada,2023-02-27,Basic,44.01
6866,Terry Lewis,amanda25@example.com,Brazil,2023-04-09,Standard,32.72
6867,Savannah Jordan,mhartman@example.net,Germany,2025-07-31,Standard,56.66
6868,Jennifer Ferguson,aarongreene@example.org,France,2026-04-20,Premium,60.86
6869,Karen Garcia,jgrant@example.net,United States,2023-06-03,Premium,39.63
6870,Kevin Callahan,randygonzales@example.org,India,2022-08-02,Standard,28.14
6871,Melinda May,barry66@example.net,United Kingdom,2020-12-19,Basic,58.41
6872,Denise Miller,tammy68@example.com,Brazil,2022-06-10,Standard,39.12
6873,Angela Flores,lorraine33@example.org,India,2023-08-02,Basic,132.73
6874,Beth Holmes,larry02@example.com,France,2024-12-20,Standard,90.41
6875,Nicole Ortiz,qmoran@example.org,Germany,2020-11-29,Standard,33.23
6876,Sharon Thomas,jerrywood@example.org,Netherlands,2025-07-17,Standard,77.71
6877,Steven Copeland,pattersonmichael@example.org,Canada,2024-12-07,Standard,27.42
6878,Michael Dixon,laurenrobertson@example.com,France,2026-08-14,Standard,65.33
6879,Matthew Patton,stephanie43@example.org,Netherlands,2023-02-04,Standard,37.18
6880,Stephen Roach,erojas@example.com,Australia,2024-05-19,Basic,50.67
6881,Curtis Thompson,mindy83@example.org,United Kingdom,2021-05-24,Premium,32.23
6882,Jesus Gomez,jeffrey36@example.org,United Kingdom,2026-04-14,Standard,71.21
6883,Mrs. Susan Rogers DDS,dpowell@example.com,France,2022-05-14,Basic,45.16
6884,Megan Smith,cpatterson@example.com,Netherlands,2025-02-13,Premium,86.60
6885,Luis Watson,jennifer61@example.org,Germany,2024-08-16,Standard,64.61
6886,Sean Wong III,derekhines@example.com,Australia,2021-03-10,Standard,69.93
6887,Jeffrey Campbell,emilysmith@example.com,Germany,2021-06-08,Standard,92.62
6888,Aaron Jones,lucascobb@example.com,Germany,2022-11-29,Premium,18.64
6889,Daniel Clay,adrianpalmer@example.org,Japan,2024-12-06,Standard,43.93
6890,Brianna Miller,vargasjennifer@example.net,India,2021-08-01,Premium,57.68
6891,Savannah Mckay,hunterbarbara@example.org,Canada,2026-06-05,Standard,28.89
6892,Aaron Abbott,ihutchinson@example.org,Canada,2026-04-09,Standard,64.15
6893,Ashley Johnson,marshallmichael@example.com,Australia,2026-01-16,Basic,67.02
6894,Beth Anderson,rmarquez@example.com,United Kingdom,2021-07-04,Standard,27.69
6895,Jordan Meadows,cookgina@example.net,Japan,2026-06-05,Standard,47.67
6896,Travis Harris,vbrennan@example.net,Brazil,2021-06-23,Standard,58.35
6897,Laura Wilson,christophermendez@example.com,United States,2020-12-22,Standard,58.62
6898,Haley Jensen,devin76@example.org,Netherlands,2023-04-25,Basic,31.08
6899,Joseph Anderson,xhenderson@example.org,Brazil,2023-07-31,Basic,47.51
6900,Ashley Lewis,bmolina@example.net,Germany,2024-10-19,Standard,81.42
6901,Michael Gutierrez,bryanttaylor@example.com,India,2022-10-17,Basic,48.13
6902,David Cook,oneillvalerie@example.org,Australia,2026-01-02,Standard,11.95
6903,William Perry,jamesmorales@example.net,Australia,2023-04-01,Premium,248.57
6904,Jessica Stewart,tnguyen@example.net,France,2021-11-25,Standard,14.83
6905,William Keller,amber18@example.com,Australia,2021-02-25,Premium,38.70
6906,Teresa Mullen,changpatricia@example.com,Netherlands,2026-05-29,Premium,40.13
6907,Gina Clark,lori50@example.org,United Kingdom,2023-10-26,Standard,41.90
6908,Erica Barnes,ibrooks@example.net,Netherlands,2022-07-29,Basic,28.13
6909,Derek Mendoza MD,onorris@example.net,Japan,2025-03-25,Standard,78.88
6910,Robert Houston,kylemartin@example.net,Netherlands,2024-01-16,Standard,43.14
6911,Ricardo Wilcox,josephguerra@example.org,Canada,2022-01-24,Premium,41.76
6912,Jennifer Reyes,cherylhardy@example.net,United States,2023-05-26,Basic,36.55
6913,Sabrina Welch,tduran@example.org,Japan,2021-01-10,Premium,31.02
6914,Michael Gibson,patriciahall@example.com,Netherlands,2020-12-28,Standard,84.07
6915,John Martinez,melanie08@example.com,India,2023-12-14,Basic,28.09
6916,Claudia Stark,meyervalerie@example.org,Germany,2025-04-11,Basic,56.70
6917,Catherine Fitzgerald,austin35@example.net,Japan,2024-03-03,Standard,75.79
6918,Brandy Moyer,calhountodd@example.net,Brazil,2020-04-26,Premium,19.17
6919,Douglas Graham,clarkelizabeth@example.com,India,2024-09-28,Standard,151.78
6920,Katie Moran,colin84@example.com,India,2020-10-19,Basic,66.16
6921,Jonathan Bush,gfox@example.com,Germany,2024-12-14,Standard,45.94
6922,Karen Garcia,wharvey@example.com,India,2021-09-05,Basic,55.88
6923,Matthew Salazar,ellissuzanne@example.com,United Kingdom,2022-05-10,Standard,28.82
6924,Laura Gomez,lchapman@example.org,Canada,2020-06-10,Basic,73.26
6925,Susan Vaughan,ryandebra@example.net,United Kingdom,2023-10-28,Basic,39.17
6926,Jessica Maddox,zlambert@example.com,United States,2024-10-09,Standard,52.65
6927,Teresa Rivera,dustin03@example.org,Japan,2021-04-17,Standard,36.82
6928,Brent Fischer,wendyhumphrey@example.org,India,2020-08-01,Basic,24.30
6929,Yvette Walker,navarrowhitney@example.com,India,2026-03-14,Basic,25.50
6930,Jeffrey Wright,gregory94@example.net,Germany,2021-10-01,Standard,40.05
6931,Rachel Mcmahon,eroy@example.org,India,2024-07-15,Standard,26.86
6932,Evan Boyd,karinagarza@example.org,United Kingdom,2022-12-12,Standard,142.89
6933,Paul West,zdaniels@example.org,Germany,2026-06-16,Standard,71.38
6934,Christina Evans,hbennett@example.net,India,2024-08-08,Standard,16.09
6935,Samuel Cooper,richard14@example.net,Germany,2024-10-01,Basic,19.67
6936,Shawn Hansen,sarahhendricks@example.net,Canada,2021-04-15,Standard,74.53
6937,Ralph Ray,john12@example.org,India,2023-01-22,Basic,92.40
6938,Diana Rowland,collinsteresa@example.org,Australia,2026-05-09,Standard,61.96
6939,Stephen Yates,zjohnson@example.net,Netherlands,2026-04-25,Standard,24.76
6940,Arthur Wilkerson,jeffharris@example.net,India,2020-02-20,Standard,22.56
6941,Shelby Long,gmartinez@example.net,Germany,2020-07-23,Standard,31.40
6942,Tammy Olsen,malonekristen@example.com,India,2026-01-10,Basic,43.00
6943,Brian Taylor,jessica92@example.org,United States,2021-05-23,Basic,29.91
6944,Brandon Castillo,amber21@example.net,India,2026-02-22,Standard,26.81
6945,Danny Hill,tracey79@example.com,India,2022-10-20,Basic,196.00
6946,Rose Dean,batesjessica@example.com,India,2023-03-31,Standard,111.67
6947,James Jackson,olyons@example.com,United States,2024-10-22,Premium,52.37
6948,Michael Winters,hilltodd@example.com,United States,2026-06-05,Standard,103.72
6949,Tammy Lewis,bmaxwell@example.org,Japan,2023-04-21,Basic,39.27
6950,Valerie Martinez,heather77@example.org,United States,2020-11-03,Standard,24.82
6951,Mary Jacobs,johnstonashley@example.org,India,2021-09-29,Standard,54.43
6952,Scott Hooper,vasquezjennifer@example.com,France,2023-03-26,Standard,74.43
6953,Jessica Martin,smithgeorge@example.com,France,2024-02-06,Standard,74.17
6954,Donna Gonzalez DDS,kevin27@example.net,Canada,2025-07-02,Premium,130.63
6955,Amanda Huerta,robinsonamy@example.net,Germany,2025-06-06,Standard,28.82
6956,Anita Farmer,rodney59@example.com,United States,2023-04-20,Basic,98.61
6957,Kayla Terry,udaniels@example.com,Germany,2025-04-18,Basic,51.97
6958,Carol Tran,hollysmith@example.net,Canada,2024-06-11,Standard,39.16
6959,Julie Watson,bmason@example.net,Australia,2026-08-12,Standard,190.56
6960,Michael Prince,yschmidt@example.com,India,2026-05-04,Premium,100.13
6961,Jennifer Harris,jason92@example.com,United States,2020-01-20,Basic,77.69
6962,Jacqueline Green,walkeredward@example.com,France,2023-02-17,Basic,54.98
6963,Jacqueline Hodges,franklong@example.org,France,2021-05-10,Standard,71.35
6964,Jill Garcia,mary55@example.net,Australia,2022-12-04,Basic,83.11
6965,Matthew Henry,donnacoleman@example.org,United Kingdom,2025-05-22,Basic,26.77
6966,Tracy Brown,jsmith@example.org,Australia,2021-12-04,Basic,71.84
6967,Sarah Rice,browndrew@example.com,Brazil,2023-06-09,Premium,31.25
6968,Cynthia Morrison,onelson@example.com,United Kingdom,2020-05-05,Standard,23.84
6969,Nicole Mccormick,msalazar@example.org,United States,2020-10-17,Premium,70.51
6970,Craig Gonzalez,katelynsalazar@example.org,Germany,2025-04-10,Standard,87.24
6971,Nathan Ross,jfuentes@example.net,Germany,2020-05-08,Standard,37.77
6972,Seth Hamilton,michaelmartinez@example.com,Japan,2021-10-27,Standard,54.37
6973,Danielle Johnson,bartlettnicholas@example.org,United States,2024-08-19,Basic,37.79
6974,Heather Wilson,timothyproctor@example.org,France,2025-04-16,Basic,84.28
6975,Michael Noble,bennettzachary@example.net,Germany,2026-02-26,Standard,90.68
6976,Julie Bright,gregory95@example.org,Canada,2025-09-21,Basic,20.19
6977,Stephanie Cole,rickywelch@example.org,India,2021-03-21,Standard,23.25
6978,Tonya Lambert,cbryant@example.net,Brazil,2022-01-15,Basic,142.89
6979,Victoria Williams DDS,jacquelineolson@example.net,Japan,2026-05-11,Basic,99.43
6980,Laura Carroll,bbaker@example.net,Germany,2025-05-23,Basic,37.23
6981,Michael Moore,antoniolewis@example.com,Netherlands,2022-04-22,Standard,30.29
6982,Christian Riggs,donald10@example.net,France,2024-10-23,Standard,39.28
6983,Joshua Chan,yjimenez@example.com,Canada,2025-02-11,Premium,152.17
6984,Charles Turner,mendezmadison@example.com,United States,2022-01-20,Basic,36.45
6985,John Allison,xallen@example.com,Canada,2021-03-17,Standard,63.38
6986,Erica Smith,thomas26@example.net,Australia,2024-01-03,Standard,28.91
6987,Katie Joseph,angelarhodes@example.com,Australia,2024-12-03,Premium,32.85
6988,Leah Dixon,alicia00@example.net,Germany,2022-10-31,Basic,73.49
6989,Michael Adams,slam@example.net,Netherlands,2024-10-24,Basic,27.32
6990,Emily Campos,hannah51@example.com,Germany,2020-08-25,Basic,189.18
6991,Russell Bean,melvinlawson@example.com,Germany,2024-02-04,Standard,50.54
6992,Ariel Brown,jimmy64@example.net,United Kingdom,2024-11-17,Standard,67.70
6993,Joyce Hernandez,kgriffith@example.net,Canada,2023-12-19,Standard,107.45
6994,Angela Branch,heidiparker@example.com,Germany,2021-04-12,Basic,28.64
6995,Chad Rowe DDS,joeljohnson@example.org,United Kingdom,2025-10-10,Basic,59.28
6996,Steven Kim,zkirby@example.net,United States,2021-07-28,Standard,44.14
6997,Ian Pitts,melissaholt@example.com,United Kingdom,2024-01-21,Basic,56.55
6998,Jeffrey Macdonald,rbanks@example.org,Australia,2022-11-27,Standard,63.88
6999,Dr. Anthony Powell PhD,mooresue@example.org,India,2024-12-27,Basic,39.55
7000,Colleen Richards,tapiamichael@example.com,Brazil,2023-12-08,Basic,47.68
7001,Tony Morgan,michelledelacruz@example.com,United Kingdom,2024-06-20,Basic,90.82
7002,Victoria Parker,hunterdavis@example.net,Australia,2022-03-27,Basic,60.74
7003,Mary Kent,lopezlaurie@example.net,India,2025-05-06,Premium,126.82
7004,Cynthia Miller,melliott@example.org,Australia,2024-07-17,Basic,34.50
7005,Mr. Matthew Gallagher,lsilva@example.org,United States,2021-03-12,Premium,27.32
7006,Brian Glover,jeanette06@example.org,Brazil,2024-08-05,Standard,25.63
7007,Kathryn Wilson,aprilwashington@example.org,France,2025-03-09,Premium,60.06
7008,Robert Perez,bcarey@example.net,United States,2024-07-19,Premium,42.58
7009,Zachary Stone,chadedwards@example.net,Brazil,2023-06-08,Premium,72.11
7010,Martin Tran,ktaylor@example.org,Brazil,2021-03-24,Standard,58.28
7011,James Williams,wardcharles@example.com,United Kingdom,2020-08-22,Premium,46.21
7012,Amy Miles,julieduncan@example.org,India,2024-12-18,Standard,42.53
7013,Louis Arnold,julie89@example.com,Japan,2026-07-22,Basic,99.52
7014,Teresa Patterson,joseph09@example.org,Germany,2020-03-04,Standard,57.33
7015,Terri Mcdaniel,stephen92@example.com,United States,2026-07-02,Basic,341.65
7016,George James,jon74@example.net,Canada,2020-06-28,Basic,48.63
7017,Jacob Barajas,anthonyhartman@example.net,United States,2024-10-29,Standard,70.18
7018,Brent Larsen,joseph61@example.com,France,2022-05-28,Basic,84.00
7019,Shannon Reynolds,sallywilliams@example.com,Germany,2020-11-08,Basic,116.52
7020,Miss Sandra Phelps,mathismaria@example.org,Brazil,2022-06-18,Premium,121.39
7021,Laura Mckenzie,heather65@example.com,Australia,2020-03-30,Basic,24.64
7022,Lance Freeman,pberry@example.net,Australia,2026-05-21,Basic,81.76
7023,Connor Kane,stevenwalter@example.net,Japan,2020-02-01,Premium,71.47
7024,Tara Morton,bensonkatie@example.net,India,2025-09-13,Standard,103.24
7025,Richard Crawford,vargasanthony@example.com,Japan,2022-05-16,Standard,36.41
7026,Robert Carpenter,jacob32@example.org,Netherlands,2021-01-23,Basic,84.60
7027,John Lee,samuelbutler@example.net,Netherlands,2022-03-31,Basic,100.58
7028,Terrance Medina,pattonstacy@example.org,Netherlands,2020-03-12,Standard,61.96
7029,Joseph Tate,barajasmitchell@example.org,Germany,2024-10-18,Standard,73.99
7030,Catherine Ramos,clarkpaul@example.org,United Kingdom,2025-11-11,Standard,42.96
7031,Susan Long,lindabutler@example.com,Japan,2025-09-29,Basic,96.84
7032,Anthony Ward,adkinssusan@example.net,India,2022-03-25,Standard,45.37
7033,Ronnie Grimes,samantha38@example.org,United Kingdom,2025-08-03,Standard,44.10
7034,Joshua Watts,durhammelissa@example.com,Japan,2021-07-31,Standard,60.92
7035,John Oliver,shawn18@example.net,United Kingdom,2024-07-29,Basic,52.06
7036,Shelby Wilson,christine14@example.net,Brazil,2022-06-10,Premium,94.95
7037,Kyle Wheeler,friedmanjoseph@example.com,United States,2021-04-12,Standard,37.98
7038,Jennifer Cox,daniel10@example.org,United States,2022-08-14,Standard,49.32
7039,Donna Bowers,reneemyers@example.net,United Kingdom,2021-03-25,Premium,33.85
7040,Kathleen Hamilton,jimmy63@example.com,United Kingdom,2023-07-16,Basic,51.20
7041,Douglas Ayala,christine02@example.net,Australia,2025-12-25,Standard,51.34
7042,Catherine James,jessepham@example.org,Germany,2022-12-25,Standard,79.58
7043,Matthew Davis,william49@example.net,France,2020-10-13,Basic,50.92
7044,Daniel Rogers,jtanner@example.net,Brazil,2020-11-24,Premium,13.70
7045,Isaac Soto,hopkinskaren@example.org,Australia,2024-03-02,Standard,29.64
7046,Brian Wallace,byrdjames@example.com,Japan,2026-05-02,Premium,67.41
7047,Eric Spence,martinwilliam@example.com,Australia,2026-07-11,Basic,37.89
7048,Stacy Burgess,seangoodman@example.org,United States,2020-05-06,Basic,61.86
7049,Sharon Grant,egallagher@example.net,United States,2021-07-11,Standard,25.57
7050,Virginia Fitzpatrick,michaelpayne@example.net,France,2021-07-11,Standard,16.91
7051,Emily Maldonado,doris13@example.net,Australia,2024-02-27,Premium,31.95
7052,Donald Grimes,htorres@example.com,United States,2022-10-08,Basic,111.18
7053,Patrick Reed,chelseahernandez@example.net,Netherlands,2026-03-02,Standard,61.51
7054,Jonathon Sanchez,scott99@example.org,Brazil,2025-04-21,Standard,55.80
7055,Linda Green,jose51@example.org,France,2021-01-03,Basic,34.30
7056,Carl Rubio,christian24@example.org,Netherlands,2025-10-23,Standard,73.37
7057,Sarah Miller,larryking@example.org,Japan,2023-06-29,Standard,14.09
7058,Lawrence Wilson,pwilliams@example.net,India,2023-11-07,Standard,35.61
7059,Sarah Smith,mark37@example.net,Germany,2023-11-17,Standard,30.71
7060,Ashley Cohen,patrick14@example.com,Germany,2024-04-13,Basic,143.12
7061,Jeffery Bonilla,victoria57@example.org,Australia,2025-12-03,Standard,120.23
7062,Mark Hunter,adrian91@example.org,India,2021-08-24,Basic,110.65
7063,Martin Sandoval,montgomerytony@example.net,Japan,2023-09-22,Premium,54.45
7064,Douglas Vincent,rebecca14@example.net,United Kingdom,2023-02-23,Basic,62.61
7065,Janet Johnson,mark38@example.com,United Kingdom,2024-04-07,Basic,16.04
7066,Sarah Holmes,zthompson@example.com,United States,2024-03-14,Standard,24.59
7067,Joshua Moreno,john88@example.org,India,2026-05-02,Standard,33.03
7068,Samantha Munoz,mreeves@example.net,Canada,2025-05-30,Basic,35.75
7069,Janice King,yreilly@example.com,India,2020-12-21,Standard,54.95
7070,Deborah Reeves,youngelizabeth@example.com,France,2022-04-28,Premium,70.23
7071,Jose Hall,craigchristina@example.net,Brazil,2023-05-28,Premium,113.78
7072,Zachary Morton,johnsontrevor@example.com,United States,2022-05-29,Standard,43.26
7073,Jeffery Vincent,nwhite@example.com,United Kingdom,2025-05-27,Standard,56.46
7074,Andrew Richards,greenjared@example.net,Netherlands,2022-02-20,Standard,21.44
7075,Carly Todd,steven53@example.com,Germany,2021-01-10,Basic,31.24
7076,Tonya Elliott,jorge30@example.com,United Kingdom,2021-01-02,Basic,52.50
7077,Matthew Pacheco,kaylabridges@example.org,United Kingdom,2023-04-16,Standard,111.33
7078,Samantha Espinoza,aphillips@example.org,France,2024-04-11,Standard,28.00
7079,Ann Pena,qmoore@example.org,Germany,2020-02-16,Standard,49.03
7080,Benjamin Mendez,dannyphelps@example.com,Brazil,2021-12-22,Standard,113.32
7081,Anthony Davidson,haynesryan@example.com,Australia,2026-01-01,Basic,29.06
7082,Andrew Martinez,helenglass@example.org,Germany,2021-01-22,Standard,44.04
7083,Joel Gentry,garymeyer@example.org,Netherlands,2025-05-27,Basic,49.26
7084,Shawn Hart,amandacarlson@example.net,Canada,2023-12-20,Standard,53.78
7085,John Thompson,ericbrown@example.com,Japan,2023-08-20,Basic,39.76
7086,Brian Robertson,cindy75@example.com,Brazil,2024-02-16,Basic,41.42
7087,Jason Reed,wanda38@example.org,Germany,2026-03-30,Standard,23.33
7088,Christopher Burton,fbrown@example.net,France,2022-04-20,Basic,31.36
7089,Katherine Hartman,jeffreywolf@example.net,Brazil,2020-06-28,Basic,82.10
7090,Samantha Rogers,gregory44@example.net,France,2025-10-24,Standard,40.56
7091,Michelle Hall,karen74@example.net,Australia,2026-07-05,Standard,30.02
7092,Heidi Watson,mblackwell@example.net,Netherlands,2025-11-19,Standard,28.49
7093,Tara Morgan,jason93@example.com,Germany,2022-12-23,Basic,76.53
7094,Dr. Jennifer Horn,belltracy@example.net,Canada,2020-06-21,Standard,69.57
7095,Rhonda Navarro,ubenton@example.net,Netherlands,2024-08-03,Standard,58.21
7096,Karen Flores,teresascott@example.org,Germany,2025-09-18,Standard,44.86
7097,Daniel Smith,smithbrandon@example.org,United Kingdom,2026-05-16,Premium,92.01
7098,Tonya Rodriguez,pamelabaldwin@example.org,United States,2020-08-09,Basic,105.57
7099,Connor Peters,daltonrobert@example.net,Netherlands,2020-09-10,Standard,204.71
7100,Lori Gutierrez,corey22@example.com,Brazil,2024-04-02,Basic,96.16
7101,Ashley Brewer,danielbaker@example.org,Japan,2024-10-17,Premium,63.41
7102,Jessica Pierce,marc96@example.com,Australia,2020-03-28,Premium,44.01
7103,Harry Jacobs,cannonsusan@example.net,United Kingdom,2023-03-01,Standard,211.28
7104,Christopher Parks,gregoryherrera@example.org,Netherlands,2023-09-22,Standard,43.71
7105,Amanda Lee,matthewmcguire@example.com,Brazil,2024-12-19,Standard,65.59
7106,Andrew Koch,kcarson@example.net,Canada,2023-12-17,Standard,70.27
7107,Michael Garcia,sean97@example.org,Germany,2025-01-28,Basic,143.18
7108,Jessica Osborne,matthew27@example.net,Canada,2020-09-09,Standard,21.04
7109,Duane Archer,lsmith@example.org,United Kingdom,2021-10-30,Basic,60.82
7110,Katie Spence,alexissalazar@example.net,Australia,2020-09-30,Standard,83.13
7111,Wendy Hudson,alexander86@example.com,Australia,2024-05-07,Premium,158.60
7112,Mrs. Stephanie Carroll DDS,elizabethsampson@example.net,France,2023-03-01,Standard,27.96
7113,Matthew George,hnelson@example.org,Netherlands,2024-02-10,Standard,37.82
7114,Johnny Durham,johnsonkeith@example.com,United Kingdom,2021-12-01,Standard,32.38
7115,Dale Suarez,cescobar@example.org,France,2023-05-04,Premium,55.11
7116,Jennifer Hamilton,andersonkimberly@example.net,United Kingdom,2025-07-04,Premium,49.45
7117,Sandra Adams,ilamb@example.com,Japan,2024-02-21,Standard,55.42
7118,Michael Sullivan,davisevan@example.org,Japan,2022-09-05,Premium,172.27
7119,Louis Powell,torreschristina@example.com,Canada,2026-01-01,Standard,65.60
7120,Hayden Simpson,gabrielle43@example.org,Germany,2022-05-15,Standard,41.06
7121,Julia Berry,randolpherin@example.net,France,2021-05-11,Standard,169.94
7122,Kimberly Bishop,grantcrystal@example.net,Germany,2023-02-12,Basic,50.70
7123,Steven Lopez,vanessadillon@example.com,Germany,2024-04-19,Standard,57.24
7124,Gregory Kane,ashley52@example.net,Australia,2025-01-27,Standard,63.15
7125,Abigail Weber,iwilliams@example.net,Japan,2024-11-08,Basic,63.82
7126,Shelley Le,arnoldevelyn@example.org,United Kingdom,2025-06-02,Basic,37.88
7127,Dorothy Howard,stewartlauren@example.com,Brazil,2023-03-27,Standard,63.34
7128,Megan Mendoza,grantalexis@example.org,Canada,2023-11-21,Premium,85.89
7129,Dawn Small,jennifer96@example.org,United Kingdom,2025-05-24,Basic,24.23
7130,Derek Robinson,lindaturner@example.org,Germany,2024-10-06,Premium,67.76
7131,Ryan Martinez,justinlewis@example.net,India,2023-10-27,Standard,34.23
7132,Destiny Richardson,herrerachristopher@example.com,United States,2022-08-04,Basic,33.77
7133,Jennifer Curtis,sarahlyons@example.net,Australia,2026-01-05,Standard,69.17
7134,Cassandra Carroll,shannonli@example.com,Japan,2021-09-25,Standard,47.62
7135,Timothy Stephenson,martinkristopher@example.com,United Kingdom,2020-09-26,Basic,79.61
7136,Philip Mcdonald,jacobstracy@example.org,United States,2026-05-10,Standard,126.59
7137,Ashley Rivas,lawsonemily@example.com,France,2020-10-29,Premium,43.84
7138,Cynthia Gonzales,cindy17@example.com,India,2022-11-11,Standard,50.14
7139,Kyle Smith,emilybell@example.org,Japan,2025-07-31,Basic,72.25
7140,John Reed,pwilliams@example.org,Brazil,2022-05-15,Premium,18.78
7141,Johnathan Johnson,xwhite@example.org,Germany,2023-02-12,Standard,156.51
7142,Tim Lopez,morrisjohn@example.org,Netherlands,2020-01-08,Basic,53.39
7143,Phillip Hendricks,zjohnston@example.com,France,2020-04-05,Premium,35.45
7144,Heather Larson,leerebecca@example.org,France,2021-12-09,Standard,120.08
7145,Charles Douglas,chelseybenitez@example.net,Canada,2023-12-30,Standard,23.00
7146,Spencer Mendez,christopherturner@example.org,Japan,2021-04-05,Standard,53.98
7147,Autumn Jones,dawndelgado@example.com,Brazil,2025-01-09,Standard,125.28
7148,Jon Clark,mdavidson@example.net,United Kingdom,2022-07-10,Basic,126.21
7149,Elizabeth Jackson,robert35@example.org,United Kingdom,2021-10-09,Standard,35.49
7150,Eric Keller,jasonkeith@example.net,Australia,2021-05-15,Premium,95.24
7151,Michelle Carlson,madisonlarson@example.net,Netherlands,2024-12-04,Standard,27.15
7152,David Davidson,ckelly@example.com,France,2023-04-25,Standard,16.72
7153,Jasmine Smith,gregory97@example.org,Japan,2021-09-03,Basic,49.02
7154,Theresa Rojas,jroberts@example.org,Brazil,2020-10-31,Standard,48.35
7155,Joe Harris,morrisblake@example.com,Germany,2023-01-12,Basic,53.95
7156,Charles Walters,awu@example.org,Brazil,2020-05-05,Basic,86.66
7157,Alan Reed,debraduncan@example.com,United States,2023-03-19,Standard,38.48
7158,Timothy Michael,ofry@example.com,Japan,2020-06-16,Standard,46.62
7159,Shane Valentine,stevenhernandez@example.org,Canada,2023-08-18,Standard,77.35
7160,Mr. Tony Castillo,gabrielle43@example.com,Australia,2020-02-12,Premium,21.35
7161,Scott Lopez,tmendoza@example.com,Japan,2023-08-16,Basic,59.01
7162,Christine Anderson,afletcher@example.org,Germany,2020-05-22,Standard,15.55
7163,Travis Wade,lisagallegos@example.org,United Kingdom,2023-11-27,Basic,19.12
7164,Scott Campbell,kmartinez@example.com,United Kingdom,2022-01-01,Basic,38.01
7165,Heather Tapia,vincentmichael@example.com,Japan,2026-05-25,Standard,55.44
7166,Lauren Nguyen,ystevenson@example.org,France,2023-10-12,Basic,63.72
7167,Sara Arellano,raymondfuentes@example.net,Brazil,2020-07-27,Premium,29.84
7168,Richard Mullins,tknight@example.com,Brazil,2022-02-15,Premium,88.98
7169,Lisa Lee,rreyes@example.com,India,2021-05-31,Standard,71.49
7170,Joshua Rogers,stephanie78@example.net,Australia,2020-09-06,Basic,94.81
7171,Sherry Walker,hendersonalexis@example.org,France,2024-08-20,Standard,37.07
7172,Clinton Taylor,udoyle@example.net,Australia,2020-02-24,Basic,39.10
7173,Shelley Garrett,angelcameron@example.org,Australia,2025-05-07,Basic,238.27
7174,Leslie Moore,danielle51@example.net,India,2025-11-12,Standard,64.48
7175,Dana Fitzgerald,marshalldylan@example.org,India,2025-01-22,Standard,39.74
7176,Andrea Hale,jeffreyjohnston@example.net,India,2020-01-21,Basic,45.46
7177,Patrick Calhoun II,courtneybraun@example.net,Germany,2024-12-11,Premium,93.61
7178,Jean Kim DDS,cguzman@example.net,Netherlands,2020-01-30,Basic,25.18
7179,Catherine Watkins,johnsmith@example.net,Brazil,2022-02-25,Basic,28.53
7180,Eric Parks,wpacheco@example.com,India,2021-06-13,Standard,71.40
7181,Jamie Wilkins,rmorgan@example.org,India,2024-11-28,Standard,119.59
7182,Sarah Fields,trose@example.net,Canada,2026-06-11,Premium,54.91
7183,Ryan Palmer,matthewsjacqueline@example.org,India,2021-09-15,Standard,65.58
7184,Thomas Robinson,clarkkatherine@example.net,Canada,2023-11-03,Basic,18.72
7185,Audrey Fritz,keyrachel@example.net,United Kingdom,2021-03-14,Standard,47.84
7186,George Smith,pgarza@example.org,Japan,2023-10-17,Basic,40.82
7187,Amy Campbell,rmullins@example.net,Australia,2026-02-18,Premium,36.23
7188,Leslie Hudson,melaniejackson@example.org,United Kingdom,2023-12-09,Basic,133.60
7189,Timothy Hogan,thomasabigail@example.net,Japan,2023-07-27,Basic,15.38
7190,Michael Ortiz,ymiller@example.net,Australia,2023-06-01,Standard,47.27
7191,Erin Shields,joshuabrown@example.net,Australia,2020-03-23,Standard,81.29
7192,John Werner,phall@example.net,Japan,2024-07-28,Standard,27.95
7193,Jason Moore,timothy41@example.org,Australia,2025-12-13,Premium,31.58
7194,Nathan Anderson,vfarrell@example.net,United States,2023-02-22,Standard,56.02
7195,Johnny Jones,aliciamiller@example.com,Canada,2026-07-21,Standard,67.96
7196,Jennifer Mason,jenkinskristin@example.com,France,2020-02-04,Premium,45.17
7197,Lisa Sparks,mrodriguez@example.org,United States,2021-10-11,Premium,72.70
7198,Teresa Boyd,parsonspaige@example.net,Germany,2025-01-31,Standard,69.14
7199,Suzanne Serrano,gina18@example.com,Canada,2025-01-03,Basic,41.87
7200,Patrick Wright,davispatrick@example.org,India,2020-01-06,Standard,75.66
7201,Kevin Davis,cynthia96@example.net,India,2025-03-08,Premium,65.80
7202,Gabrielle Perez,suzanne81@example.org,United Kingdom,2020-09-03,Standard,150.34
7203,Jesse Sanders,rosslisa@example.com,United Kingdom,2025-01-29,Standard,91.87
7204,Shelby Hunt,stevenkemp@example.net,France,2025-04-06,Standard,24.37
7205,Christina Best,imullen@example.org,Germany,2022-05-05,Standard,53.80
7206,Hannah Davis,kylecaldwell@example.com,France,2021-03-09,Standard,44.71
7207,Jose David,thomas08@example.org,Germany,2020-04-22,Standard,48.82
7208,Carrie Soto,danielmiller@example.com,India,2025-11-25,Standard,37.15
7209,Philip Parker,guerrakevin@example.org,United States,2026-06-01,Standard,83.58
7210,Garrett Gutierrez,lpatel@example.com,Netherlands,2023-08-03,Premium,33.79
7211,Jennifer Cortez,bethany00@example.org,Japan,2022-10-08,Standard,170.12
7212,Luke Davis,johnward@example.org,Netherlands,2022-04-05,Standard,40.47
7213,James Price,gonzalezbradley@example.org,United States,2025-11-18,Premium,29.72
7214,Nathaniel Hawkins,ssmith@example.org,France,2022-02-19,Standard,27.65
7215,Rebecca Dickson,melissa48@example.net,Australia,2023-04-26,Basic,147.72
7216,Stacey Hunt,tmartinez@example.net,United States,2022-05-08,Basic,98.18
7217,Douglas Mosley,mandrews@example.org,Brazil,2025-10-09,Basic,30.01
7218,Mr. Bradley Walker MD,nguyenscott@example.com,Australia,2025-05-24,Basic,26.38
7219,Lauren Russell,debrapowell@example.org,Germany,2021-01-23,Basic,39.15
7220,Brooke Lee,breanna41@example.com,Netherlands,2024-05-29,Basic,42.17
7221,Rodney Dorsey,brownbrian@example.com,Germany,2024-11-14,Basic,17.52
7222,Heidi Peters,lisaanderson@example.net,France,2021-11-06,Standard,82.85
7223,Tammy Rios,meganpalmer@example.com,United Kingdom,2021-06-27,Standard,87.70
7224,Regina Decker,timothy57@example.org,India,2024-11-22,Basic,64.95
7225,Michael Stewart,paul56@example.net,Netherlands,2020-05-10,Standard,29.95
7226,Ricky Rodriguez,gbarnes@example.com,Netherlands,2022-01-01,Basic,232.29
7227,Joseph Sandoval,shortdonald@example.com,United States,2026-08-03,Standard,149.32
7228,Katherine Lawrence,connie93@example.com,Netherlands,2021-12-31,Standard,21.67
7229,Seth Taylor,lindahenson@example.org,Japan,2021-10-19,Basic,61.55
7230,Suzanne Huerta,wfisher@example.org,United States,2026-03-31,Premium,10.03
7231,Kayla Scott,jacobwiggins@example.net,India,2026-05-03,Standard,29.59
7232,Peter Vazquez,pittmanrobert@example.net,France,2022-07-15,Basic,51.41
7233,Charles Watkins,karenfuentes@example.org,Brazil,2024-10-01,Standard,45.93
7234,Becky Vaughn,nfernandez@example.org,India,2025-09-04,Standard,31.30
7235,Samantha Smith,josephjeffery@example.net,Netherlands,2020-01-13,Standard,40.27
7236,Sheri Cooper,ramirezbrandon@example.com,France,2020-11-26,Premium,77.28
7237,Amanda Morgan,martha90@example.org,United States,2024-09-15,Basic,49.80
7238,Amanda Stevenson,jill25@example.com,France,2022-02-23,Standard,59.70
7239,Julia Guzman,bishopcheryl@example.org,Canada,2022-11-20,Standard,34.52
7240,Paula Farmer,nelsonjames@example.net,Germany,2023-05-21,Basic,32.47
7241,Derek Webster,blackjames@example.net,France,2025-07-28,Basic,46.60
7242,Michael Price,omarortiz@example.com,Brazil,2020-05-09,Standard,118.31
7243,Michael Flores,epowers@example.org,Japan,2024-08-27,Premium,18.30
7244,Taylor Kramer,rbaldwin@example.net,Netherlands,2022-12-06,Premium,127.68
7245,Mackenzie Murray,wdean@example.com,Germany,2025-01-21,Basic,26.12
7246,Garrett Martin,powersjoseph@example.net,Canada,2023-05-25,Premium,59.19
7247,Ricky Ballard,egoodwin@example.org,Australia,2024-12-30,Standard,110.81
7248,Christopher Phillips,vmorgan@example.org,Brazil,2025-08-26,Premium,65.87
7249,Veronica Patel,stephensstephanie@example.net,Germany,2021-04-05,Premium,43.88
7250,Alexander Perez,lramos@example.net,United Kingdom,2020-09-13,Basic,47.66
7251,Thomas Massey,morajames@example.com,Canada,2024-02-11,Premium,28.61
7252,Russell Ochoa,evansgary@example.org,India,2025-10-04,Standard,37.36
7253,Angela Merritt,jason28@example.net,Australia,2021-03-03,Premium,106.39
7254,Melissa Gonzalez,cartergregory@example.com,India,2021-06-02,Premium,48.89
7255,Karen Perez,mary23@example.com,France,2024-01-13,Standard,59.00
7256,Ricardo Collins,masonashley@example.org,Australia,2025-04-08,Basic,48.46
7257,Teresa Williams,linda32@example.org,Canada,2024-12-10,Standard,95.51
7258,John Pham,kenneth96@example.net,United States,2020-07-23,Premium,98.02
7259,Laura Jones,brianorr@example.net,France,2026-03-20,Premium,76.35
7260,Kenneth Wilson,randy61@example.com,Japan,2022-02-18,Standard,50.69
7261,Carla Olson,lewismary@example.com,India,2020-05-04,Standard,36.57
7262,Benjamin Krause,,United States,2026-07-15,Standard,35.51
7263,Shannon Dickson,thomasanthony@example.com,Canada,2022-07-20,Standard,36.34
7264,Benjamin Simmons,nathaniel00@example.com,United States,2024-04-17,Standard,80.45
7265,Stephanie Crawford,cfrazier@example.com,Brazil,2021-01-25,Premium,33.88
7266,Jerry Fernandez,lmoore@example.org,Netherlands,2020-12-26,Basic,107.42
7267,Erica Stevens,lynnhoffman@example.net,United Kingdom,2025-02-26,Standard,65.04
7268,Patrick Levy,garnerdawn@example.net,Australia,2020-04-14,Standard,24.22
7269,Nicholas Stone,qlopez@example.org,Brazil,2025-10-07,Standard,45.02
7270,Thomas Rangel,mariahtaylor@example.net,Germany,2021-05-10,Basic,36.52
7271,Jasmine Gardner,nhenry@example.com,Brazil,2026-03-15,Basic,81.17
7272,Brooke Banks,mariahramirez@example.com,France,2021-06-29,Basic,53.98
7273,Taylor Kim,clayscott@example.com,Brazil,2020-12-29,Basic,87.45
7274,Edwin Miller,alyssa78@example.com,Japan,2025-03-25,Premium,62.00
7275,Joshua Anderson,joshuawest@example.org,France,2022-06-06,Standard,151.08
7276,Katherine Dyer,christopher52@example.org,France,2021-07-11,Premium,32.03
7277,Cynthia Mcknight,daniel87@example.com,India,2022-07-14,Premium,70.47
7278,Jessica Wallace,hillanita@example.com,Germany,2020-03-29,Standard,31.79
7279,Angela Novak,lstrickland@example.com,France,2025-01-14,Premium,32.88
7280,Yolanda Finley,leealexandria@example.com,India,2021-07-29,Premium,65.99
7281,Shelly Contreras,tylerrusso@example.com,France,2020-12-15,Standard,44.53
7282,Carrie Smith,tkim@example.com,Canada,2025-12-13,Premium,58.04
7283,Elizabeth Thompson,ortegamaureen@example.com,United Kingdom,2021-03-27,Basic,79.90
7284,Joseph Sullivan,sullivanjose@example.com,India,2026-01-21,Standard,90.32
7285,Edward Jones,kelsey53@example.org,India,2026-05-04,Basic,38.78
7286,Sarah Hanson,jennifermartinez@example.net,Australia,2020-03-27,Basic,107.55
7287,Tammie King,bguerrero@example.com,United Kingdom,2020-01-08,Standard,28.08
7288,Robert Rojas MD,ymorton@example.org,United Kingdom,2023-03-19,Standard,90.50
7289,Michael Martin,gford@example.net,Germany,2025-08-22,Standard,86.84
7290,James Lester,vparker@example.org,Australia,2023-12-26,Standard,48.31
7291,Mr. Riley Fitzpatrick,eric95@example.net,Japan,2023-07-22,Standard,35.84
7292,Robert Moore,danny83@example.org,India,2026-03-30,Premium,50.51
7293,Kathryn Brown,fmoran@example.org,France,2023-11-01,Standard,31.33
7294,Phillip Ferguson,franciscaroline@example.org,France,2022-06-14,Standard,71.37
7295,Michael Wright,ubeltran@example.com,France,2022-11-04,Standard,32.61
7296,Cameron Bates,edwardwhite@example.net,United States,2025-09-12,Standard,30.98
7297,Ms. Samantha Allen MD,,Netherlands,2021-08-18,Premium,51.47
7298,Alexandra Nelson,cindy35@example.net,Netherlands,2020-10-14,Basic,29.92
7299,Kayla Sherman,kclark@example.com,Australia,2026-01-01,Standard,95.54
7300,Anthony Thomas,gthomas@example.net,United Kingdom,2023-08-04,Basic,27.12
7301,Joshua Mendez,philip98@example.com,United States,2024-04-20,Standard,48.48
7302,Julie Gonzalez,guzmannoah@example.org,United States,2025-05-05,Standard,65.76
7303,Nathan Rivera,velasquezdylan@example.com,Canada,2020-10-11,Basic,140.54
7304,Jasmine Benjamin,rthompson@example.com,Brazil,2024-01-17,Standard,24.94
7305,Charles Hickman,christopherluna@example.net,France,2020-06-27,Premium,112.88
7306,Amanda Black,stephenwillis@example.net,France,2022-07-26,Premium,49.38
7307,Brent Taylor,thomasbenjamin@example.org,Netherlands,2022-10-10,Standard,69.91
7308,Earl Rodriguez,christian68@example.com,Japan,2022-09-18,Basic,12.84
7309,Aaron Medina DVM,kcaldwell@example.org,Brazil,2025-08-01,Standard,65.22
7310,Angel Thompson,ealvarez@example.net,Germany,2023-12-10,Standard,32.54
7311,Julie Burgess,pjohnson@example.com,Brazil,2026-03-29,Basic,12.15
7312,Emily Nelson,eugenemcdonald@example.com,Canada,2020-04-24,Basic,52.54
7313,William Gardner,chrisbrown@example.org,Australia,2026-05-13,Standard,69.56
7314,Steve Young,lisa37@example.net,Germany,2020-07-07,Basic,45.76
7315,Stacey Ramirez,amy82@example.org,India,2023-05-24,Basic,145.89
7316,Devon Davis,carrie96@example.net,United Kingdom,2021-05-05,Standard,53.47
7317,William Mcmahon,erinsuarez@example.org,Australia,2025-10-28,Standard,33.04
7318,Joshua Adams,jilljackson@example.org,United States,2021-01-26,Standard,72.76
7319,Jason Leach,sandratate@example.com,Germany,2021-02-27,Standard,37.04
7320,Valerie Pearson,njimenez@example.net,Canada,2022-12-21,Premium,22.49
7321,Elizabeth Petersen,meaganevans@example.net,Netherlands,2024-05-29,Standard,87.06
7322,David Rodriguez,mnguyen@example.com,Canada,2023-11-02,Basic,63.98
7323,Andrew Evans,fmcbride@example.org,Australia,2023-01-31,Basic,71.18
7324,Jessica Hall,ubrock@example.net,Brazil,2023-01-06,Standard,29.19
7325,Michelle Aguirre,tammy84@example.com,Australia,2022-06-12,Basic,33.73
7326,Michael Taylor,leemichael@example.net,United States,2024-12-13,Standard,99.19
7327,Ryan Henry,erinneal@example.com,India,2021-11-26,Premium,42.21
7328,Aaron Young,obrienpaul@example.org,United States,2025-07-18,Premium,55.53
7329,David Daugherty,holsen@example.net,United Kingdom,2024-01-14,Basic,36.23
7330,Samantha Riley,ashley70@example.com,Netherlands,2025-04-25,Basic,143.87
7331,Jennifer Mccoy,chandlerfelicia@example.org,Japan,2024-11-06,Standard,42.83
7332,Kevin Kramer,jeffrey35@example.com,France,2021-11-22,Basic,55.84
7333,Victoria Ruiz,charlesjones@example.org,Netherlands,2022-02-18,Standard,47.13
7334,William Howard,yubilly@example.org,Germany,2024-11-28,Premium,47.07
7335,Nathan Reyes,karawilliams@example.net,United Kingdom,2020-12-06,Premium,120.54
7336,Benjamin Griffin,riceallison@example.com,United Kingdom,2023-05-28,Standard,65.54
7337,Robert Summers,linjustin@example.net,Netherlands,2020-12-19,Standard,37.16
7338,Rachel Barnes,mackrebecca@example.org,Japan,2025-09-28,Premium,210.47
7339,Holly Love,fitzgeraldzachary@example.net,Canada,2026-03-16,Standard,29.11
7340,Alejandro Calderon,whitestacy@example.org,Japan,2025-01-02,Premium,35.93
7341,Walter Gonzalez,brian45@example.org,United Kingdom,2020-04-30,Premium,42.92
7342,Hannah Richard,dmueller@example.net,Japan,2021-10-03,Standard,28.46
7343,Madison Edwards,robin69@example.com,India,2021-12-13,Standard,111.31
7344,Mark Keller,patrick66@example.com,Japan,2023-02-23,Basic,39.75
7345,Elizabeth Smith,robert14@example.org,Germany,2026-06-14,Basic,34.40
7346,Jermaine Nelson,hooddaniel@example.com,Canada,2025-09-29,Basic,52.33
7347,Cheryl White,smiththomas@example.net,Japan,2023-08-26,Standard,77.69
7348,Dr. Steven May,melanie83@example.org,Japan,2022-01-18,Standard,76.30
7349,Andrew Peterson,monicaclark@example.org,Japan,2020-06-13,Basic,46.03
7350,Jennifer Briggs,ruizrichard@example.com,Japan,2022-11-08,Basic,109.24
7351,Gregory Miller,williamsdenise@example.org,France,2024-01-25,Standard,51.01
7352,Kathryn Goodwin,morenopatrick@example.net,India,2024-03-03,Premium,17.78
7353,Laura Mitchell,colleenharris@example.com,Netherlands,2023-06-13,Standard,89.77
7354,Thomas Perez,ralphchapman@example.net,France,2021-12-22,Basic,90.95
7355,Mariah Gordon,tara55@example.net,United Kingdom,2026-06-30,Basic,56.70
7356,Michael Rodriguez,tyrone57@example.com,India,2020-10-24,Basic,14.72
7357,Maurice Medina III,jillarnold@example.org,Japan,2020-08-02,Basic,99.16
7358,Michael Welch,oherrera@example.com,Germany,2023-04-28,Standard,35.30
7359,Brian Everett,sanchezmichael@example.net,Australia,2023-11-09,Premium,17.54
7360,Wanda Chavez,christinamartin@example.com,Brazil,2021-06-28,Premium,36.89
7361,Ryan Freeman,harrisonlisa@example.com,Canada,2025-09-21,Standard,36.63
7362,Gregory Tyler,jonesrobert@example.org,Germany,2023-06-23,Standard,84.67
7363,Mark Ferguson,emiller@example.net,Germany,2025-05-12,Standard,31.44
7364,Jason Hampton,pmartin@example.com,Japan,2021-12-19,Standard,105.48
7365,Lisa Price,hamiltonandrew@example.org,Germany,2021-10-30,Premium,15.68
7366,Chelsea Ray,patrick11@example.net,United Kingdom,2020-05-23,Standard,45.63
7367,Elizabeth Ward,mccarthyvalerie@example.com,Canada,2020-11-12,Standard,57.20
7368,Melissa Gonzalez DVM,andrewsnyder@example.org,Brazil,2022-10-16,Standard,17.64
7369,Michael Wilson,waltervargas@example.net,Japan,2023-01-12,Standard,24.66
7370,David Stewart,zflores@example.net,Germany,2020-01-11,Standard,88.45
7371,Carrie Perry,lauren64@example.net,Canada,2021-05-16,Standard,77.99
7372,Craig Whitaker,matthewcooper@example.org,United Kingdom,2020-02-14,Standard,63.53
7373,Mark Finley,beckjean@example.com,Germany,2025-11-14,Premium,55.76
7374,Amanda Holmes,julie91@example.net,United Kingdom,2022-11-04,Standard,77.60
7375,Bradley Franklin,kellygrant@example.net,Japan,2025-09-26,Basic,28.98
7376,Rhonda Ramos,scotthinton@example.com,Brazil,2025-08-25,Basic,38.15
7377,Chelsea Case,keithcrawford@example.net,Netherlands,2021-07-20,Basic,38.67
7378,Steven Henry,mcmillanchristopher@example.net,Australia,2024-10-31,Standard,89.77
7379,Victor Henry,wilsonjeremy@example.org,Japan,2026-02-10,Standard,145.17
7380,Zachary Garcia,samueljimenez@example.com,Netherlands,2020-11-05,Basic,52.19
7381,Antonio Walton,shawdanielle@example.org,Netherlands,2020-02-05,Standard,139.08
7382,Mikayla Hill,perezbrian@example.net,India,2020-07-13,Basic,73.34
7383,Stephanie Davenport,scottalan@example.org,Netherlands,2022-05-12,Premium,101.22
7384,Sheryl Carpenter,danielguerrero@example.net,Germany,2024-10-04,Standard,39.71
7385,Matthew Page,jtate@example.com,Japan,2020-08-12,Standard,48.96
7386,Sierra Collins,marcus18@example.net,United Kingdom,2024-09-09,Standard,101.40
7387,Christina Barr,brookshaley@example.net,France,2023-12-18,Premium,44.17
7388,Tara Soto,christine74@example.com,India,2023-02-01,Standard,57.62
7389,Cody Nunez,cartersteven@example.net,Australia,2025-12-04,Standard,101.04
7390,Stacy Cameron,glennkristina@example.org,Japan,2026-06-24,Premium,130.83
7391,Mark Maxwell,hbailey@example.net,Germany,2023-06-02,Basic,61.56
7392,Jason Jensen,estephens@example.org,Canada,2025-01-14,Basic,102.97
7393,Monica Spence,cruzmegan@example.net,United Kingdom,2020-11-24,Premium,105.53
7394,Jessica Glover,rcraig@example.net,United Kingdom,2024-08-03,Premium,146.38
7395,Ryan Cole,stephen48@example.net,United States,2025-02-27,Basic,114.27
7396,Mr. Ricky Sims,caroline77@example.com,Brazil,2020-12-14,Standard,27.90
7397,Jennifer Anderson,williamssteven@example.org,Germany,2021-10-14,Standard,53.08
7398,Diana Barton,kimberlyyoung@example.org,Brazil,2022-10-31,Standard,42.27
7399,Mr. Robert Cole MD,housejennifer@example.com,Canada,2020-02-26,Basic,148.46
7400,Heather Miller,jose60@example.net,France,2023-12-15,Standard,43.54
7401,Daniel Little,ncooley@example.org,Brazil,2021-04-04,Standard,99.92
7402,Katie Clay,lbecker@example.org,Australia,2024-05-01,Standard,67.11
7403,Ruth Cook,tonyarowe@example.org,United Kingdom,2021-11-19,Standard,162.18
7404,Joseph Lewis,wsanders@example.org,United Kingdom,2021-04-09,Standard,31.97
7405,Michael Burke,gonzalesjessica@example.net,India,2020-02-05,Basic,46.99
7406,Haley Campbell,butlerjacob@example.net,Germany,2023-12-28,Basic,57.57
7407,Samuel Smith,kelly19@example.com,Japan,2021-09-10,Standard,90.23
7408,Jeremiah Wise,amber67@example.org,Japan,2020-08-16,Standard,58.57
7409,Dale Brooks,chelsea59@example.com,France,2025-06-24,Basic,70.37
7410,Lynn Chan,bookerjohn@example.com,Brazil,2022-06-02,Standard,138.51
7411,Lawrence Martin,lmaynard@example.com,Germany,2021-03-27,Standard,22.76
7412,Brian Baxter,tbrown@example.org,United States,2024-05-11,Standard,37.73
7413,Lisa Dixon,dcoleman@example.org,United States,2022-05-28,Basic,43.97
7414,Laura George,marshalladrian@example.com,United States,2021-05-17,Basic,58.96
7415,Krista Barnett,alvarezchristian@example.net,Canada,2025-01-16,Standard,94.89
7416,Lauren Sanders MD,hernandezchristian@example.org,Japan,2024-09-05,Standard,37.55
7417,David Davis,samanthacruz@example.net,United Kingdom,2023-02-25,Standard,26.88
7418,Russell Reed,qnolan@example.org,United Kingdom,2024-04-24,Premium,23.25
7419,Gina Matthews,mark23@example.org,Germany,2022-01-26,Basic,65.68
7420,Anita Rios,wleon@example.com,Germany,2024-09-16,Standard,50.63
7421,David Jenkins,slee@example.org,Netherlands,2021-12-24,Standard,118.63
7422,Edward Clark,william50@example.org,United Kingdom,2021-01-24,Standard,126.48
7423,William Miller,rachelstewart@example.net,Japan,2021-08-29,Standard,327.23
7424,Marilyn Austin,jerry47@example.org,Germany,2022-06-24,Basic,67.31
7425,Christine Brown,owashington@example.org,Brazil,2022-12-25,Premium,42.00
7426,Kevin Cohen,edward48@example.com,United Kingdom,2025-09-15,Standard,67.12
7427,Christina Bell,jason09@example.org,Netherlands,2023-03-09,Standard,29.23
7428,Linda Burke,bassjoshua@example.com,United States,2021-12-06,Basic,41.87
7429,Christine Lowery,dana65@example.org,France,2023-10-29,Standard,70.43
7430,Sharon Patterson,williamskevin@example.net,United States,2025-02-23,Premium,46.35
7431,Michelle Quinn,tiffany38@example.com,Netherlands,2022-09-08,Basic,41.35
7432,Timothy Davis,johnstoneric@example.org,Germany,2023-04-14,Premium,113.80
7433,Terri Hopkins,ptrevino@example.net,Canada,2020-12-22,Standard,33.46
7434,Juan Ward,lmartinez@example.org,Germany,2021-09-03,Standard,34.24
7435,Edward Berry,rodriguezheather@example.net,Brazil,2024-10-23,Basic,73.89
7436,Alexander Thompson,taylorkayla@example.org,Australia,2025-12-08,Standard,63.11
7437,Wendy Dean,katherinerodriguez@example.org,India,2020-07-20,Basic,50.57
7438,Jerry Martinez,michael67@example.net,Brazil,2023-11-11,Premium,69.66
7439,Charles Rush,nsmith@example.org,Brazil,2026-02-02,Standard,70.43
7440,Bryce Dennis,joelbautista@example.net,Australia,2024-09-17,Standard,45.81
7441,Michael Daniels,jamie53@example.com,Japan,2024-08-22,Standard,46.09
7442,Miss Madeline Wise,tball@example.com,France,2022-07-08,Standard,73.84
7443,Ann Wall,andrewsdale@example.com,Netherlands,2026-06-01,Standard,82.16
7444,Matthew Roberts,amandabishop@example.org,Germany,2025-11-28,Standard,44.20
7445,Carlos Freeman,gkelley@example.com,Canada,2022-04-18,Standard,73.86
7446,Melissa Lutz,alexandracastaneda@example.com,France,2023-05-07,Standard,44.16
7447,Terrance Rubio,jhumphrey@example.net,Japan,2021-11-12,Standard,23.47
7448,Ms. Cindy Hunt,eric63@example.com,Germany,2026-07-17,Standard,64.05
7449,Chad Boyd,moorejohn@example.com,Japan,2021-08-01,Standard,20.25
7450,Levi Ramirez,ipugh@example.com,Canada,2021-08-06,Basic,85.50
7451,Daniel Adams,fcampbell@example.com,Germany,2021-04-11,Standard,69.92
7452,Jasmine Morris,cooperbrenda@example.net,Canada,2020-09-01,Basic,158.57
7453,Edwin Adams,jay93@example.net,Germany,2025-12-17,Premium,87.04
7454,Jackie Ellison,joshuabrooks@example.net,France,2024-09-17,Premium,36.24
7455,Mitchell Mueller DDS,zwebb@example.com,Netherlands,2023-02-02,Standard,68.19
7456,Rickey Smith,bjohnson@example.com,Japan,2025-09-08,Standard,49.77
7457,Matthew West,lmcmillan@example.org,United Kingdom,2020-10-06,Standard,72.38
7458,Carmen Holmes,greenmichelle@example.net,Brazil,2023-06-02,Standard,163.27
7459,Melinda Gregory,russellbailey@example.net,United Kingdom,2024-04-14,Premium,50.36
7460,Shannon Castro,morrisronald@example.org,France,2021-09-02,Standard,24.86
7461,Sarah Wheeler,hicksandrew@example.com,Australia,2020-04-28,Premium,67.65
7462,Mark Smith,georgejohnson@example.org,Canada,2025-04-16,Standard,32.35
7463,Karl Lewis,katrina35@example.net,France,2021-02-25,Premium,34.16
7464,Tina Smith,tracyosborne@example.org,Brazil,2025-11-27,Standard,98.70
7465,Justin Yates,christopher02@example.org,Netherlands,2022-03-13,Standard,76.23
7466,Danielle Mccormick,mary99@example.net,Brazil,2023-01-17,Premium,116.17
7467,Ryan Evans,sarah26@example.org,France,2023-05-23,Premium,23.94
7468,David Barton,foleytaylor@example.net,Germany,2023-07-20,Standard,30.30
7469,Kimberly Hernandez,henrykristin@example.org,United Kingdom,2024-05-01,Basic,142.33
7470,Jackie Johnston,gsmith@example.net,United States,2025-10-21,Standard,39.53
7471,Cody Lucas,weaverdave@example.com,United States,2023-08-02,Premium,56.10
7472,Lauren Higgins,chendricks@example.org,United States,2023-12-21,Premium,49.08
7473,Willie Villanueva,becky11@example.com,India,2021-08-12,Basic,54.81
7474,Danielle Martinez,richardwall@example.net,United States,2025-08-27,Standard,47.38
7475,Kenneth Hunter,christina01@example.org,United States,2025-08-09,Premium,28.68
7476,Dr. Melissa Weaver,josephperez@example.org,France,2023-10-23,Basic,93.71
7477,Todd Sandoval,efuller@example.com,Canada,2024-04-01,Premium,21.10
7478,Stephanie Nunez,lisadennis@example.net,United States,2022-05-05,Standard,77.18
7479,Sean Crawford,linda19@example.com,Brazil,2023-12-21,Standard,120.45
7480,Michele Morse,mcdonaldchristopher@example.org,France,2024-12-27,Basic,51.04
7481,Lori Wilson,michaelrobinson@example.org,Germany,2023-09-06,Basic,39.59
7482,Nicole Miller,rwhite@example.org,Netherlands,2025-01-21,Basic,33.87
7483,Timothy Lucero,amanda86@example.com,Japan,2020-04-10,Basic,21.99
7484,Austin Torres,elizabeth87@example.org,Germany,2020-06-03,Basic,92.41
7485,Lisa Morgan,rodriguezrachel@example.net,Australia,2026-01-26,Premium,88.46
7486,Jasmine Powers,carla19@example.org,Brazil,2022-10-31,Standard,61.76
7487,Jenny Dunn,david33@example.com,Germany,2020-06-01,Basic,80.41
7488,Phillip Smith,jeffrey37@example.com,India,2025-06-06,Premium,125.18
7489,Abigail Ortiz,knightbrian@example.org,United Kingdom,2020-08-31,Basic,75.56
7490,Gregory Baker,howardmonroe@example.org,India,2024-01-05,Premium,91.02
7491,Barbara Riley,christopher89@example.net,Germany,2025-06-09,Basic,100.75
7492,Dustin Allen,michele17@example.net,Germany,2021-01-09,Standard,97.43
7493,Miguel Ferguson,staffordrachel@example.com,United Kingdom,2023-06-06,Basic,96.93
7494,Joseph Franklin,anthonycowan@example.net,United States,2021-09-05,Standard,139.53
7495,Louis Davis,johnsonadam@example.net,India,2022-11-13,Standard,49.28
7496,John Chung,jacobmata@example.org,United States,2022-09-29,Standard,92.30
7497,Sara Young,pedrocruz@example.org,Germany,2023-03-08,Basic,74.28
7498,Latasha Rios,griffinaaron@example.net,Germany,2022-05-22,Premium,52.92
7499,Jermaine Brown,hramirez@example.org,Canada,2023-08-30,Standard,33.52
7500,Robert Nguyen,alexandernicholas@example.org,France,2024-02-28,Premium,31.65
7501,Nathaniel Roberts,mariajohnson@example.com,Canada,2020-10-25,Basic,147.80
7502,Angela Diaz,michael58@example.org,Japan,2021-06-02,Standard,21.72
7503,Justin Sanchez,tcruz@example.com,Netherlands,2023-04-10,Standard,97.14
7504,Jennifer Kelley,gmoses@example.org,United States,2022-08-28,Basic,63.77
7505,Shelley Holder,smithcourtney@example.net,Netherlands,2020-07-11,Premium,66.75
7506,Robert Johnson,gregorymiller@example.com,Japan,2022-12-17,Basic,72.95
7507,Carrie Rogers,marshallrodney@example.org,Netherlands,2022-04-04,Standard,139.14
7508,Carol Gonzales,millerjoy@example.net,Germany,2024-11-14,Basic,42.07
7509,Joanna Shaw,xgarcia@example.org,Brazil,2021-03-04,Premium,24.35
7510,Cameron Price,,Canada,2025-10-20,Premium,214.94
7511,Sergio Bender,ylogan@example.org,India,2021-04-02,Premium,51.41
7512,George Evans,charlene65@example.com,Germany,2023-03-19,Premium,63.16
7513,Heather Larson,amy79@example.net,United Kingdom,2024-09-22,Premium,119.30
7514,Ryan Downs,kingmelissa@example.net,Brazil,2026-07-13,Standard,41.31
7515,Matthew Collins,anthony90@example.com,Germany,2022-03-11,Basic,49.20
7516,Brian Bailey,vjackson@example.com,Germany,2023-03-25,Basic,46.96
7517,Kevin Dyer,zvelasquez@example.net,United Kingdom,2024-04-20,Premium,32.24
7518,Howard Hernandez,ellisrichard@example.net,Japan,2022-08-31,Standard,91.59
7519,William Flores,dawn20@example.org,Brazil,2025-05-20,Premium,34.54
7520,Zachary Ramirez,wsmith@example.net,United Kingdom,2020-07-22,Standard,25.31
7521,Garrett Lowe,flynnsamuel@example.org,Netherlands,2020-09-19,Basic,127.83
7522,Wendy Stevens,dmoss@example.org,Australia,2020-03-17,Premium,72.33
7523,Heather Mckee,nperry@example.net,Netherlands,2020-10-14,Standard,54.56
7524,Jason Rogers,millerwendy@example.com,India,2023-12-29,Basic,67.38
7525,George Bauer,masseyjames@example.com,Netherlands,2023-12-29,Basic,53.23
7526,William Arellano,mandyknapp@example.org,India,2021-07-09,Basic,49.94
7527,Susan Williams,jasonlucas@example.org,Australia,2026-07-28,Premium,32.71
7528,Sheila Ross,michelle30@example.com,Brazil,2020-08-02,Premium,76.30
7529,Virginia Hogan,andre71@example.net,United Kingdom,2022-03-26,Premium,36.07
7530,Michael Robinson,jessewolf@example.com,Japan,2025-04-04,Basic,75.23
7531,Gina Parks,vthompson@example.net,France,2026-07-23,Standard,35.08
7532,Chris Cooper,amy33@example.com,Australia,2020-10-29,Standard,50.47
7533,Jamie Lee,hking@example.com,Australia,2024-01-10,Standard,77.97
7534,Jeffrey Hendrix,jenniferclark@example.org,France,2024-04-19,Basic,28.95
7535,Angela Haynes,owenscody@example.org,United Kingdom,2021-09-20,Basic,23.78
7536,Nicole Garcia,matthew41@example.org,India,2023-12-15,Premium,21.53
7537,Adrian Curtis,gardnerjames@example.net,France,2023-08-25,Standard,105.55
7538,Deborah Terry,eandrews@example.net,United Kingdom,2024-08-16,Premium,97.74
7539,Kevin Dawson,crystal76@example.net,United Kingdom,2023-12-09,Standard,44.79
7540,Bryce Taylor,mauricejenkins@example.org,India,2021-10-05,Standard,98.66
7541,Barbara Petty,kevinrichardson@example.com,France,2020-03-15,Standard,108.03
7542,Carrie Vang,wpeterson@example.net,Brazil,2026-04-06,Standard,75.54
7543,Walter Cole,donovanjackson@example.org,Brazil,2020-06-01,Premium,44.14
7544,Mary Lee PhD,tesparza@example.org,United States,2023-05-28,Standard,52.28
7545,Patrick Hardin,sabrina99@example.net,Germany,2024-01-03,Basic,41.72
7546,Paul Smith,jonesdennis@example.net,United States,2020-08-26,Basic,70.50
7547,David Williams,jessicafisher@example.com,United States,2025-11-01,Premium,37.55
7548,Danielle Williams,lunaclarence@example.net,Japan,2023-02-10,Basic,19.44
7549,Jenna Williams,salazardanny@example.net,United States,2024-06-30,Basic,147.19
7550,James Butler,jacob04@example.net,United States,2020-04-03,Standard,31.74
7551,Ryan Howard,fmckinney@example.org,Japan,2020-03-24,Standard,38.79
7552,Michael Moreno,ljennings@example.org,Japan,2025-06-24,Standard,48.95
7553,Catherine Adams,joannsmith@example.com,Canada,2026-03-16,Premium,85.60
7554,Michelle Kelly,vasquezwendy@example.net,Australia,2024-12-11,Basic,70.93
7555,Harold Carlson,ubauer@example.com,United States,2026-03-11,Standard,74.63
7556,Benjamin Russo,angelagarcia@example.com,Germany,2023-03-09,Standard,32.58
7557,Michael Waller,matthew34@example.com,Japan,2025-11-22,Premium,14.22
7558,Meghan Owens,averyrichard@example.net,Japan,2020-04-19,Basic,46.81
7559,Deborah Nelson,grantdustin@example.org,Germany,2025-09-20,Premium,165.92
7560,Rachel Foster,joshua48@example.com,United States,2025-04-03,Standard,46.46
7561,Bruce Richardson,kevin51@example.net,Japan,2026-05-25,Standard,84.62
7562,Mitchell Castillo,christinewillis@example.com,Japan,2022-07-05,Standard,46.59
7563,Joseph Alexander,jamesriley@example.com,United States,2021-11-24,Premium,46.61
7564,Heather Baker,elizabeth12@example.org,France,2024-12-27,Basic,21.59
7565,Jessica Combs,paularamsey@example.org,India,2022-01-24,Standard,41.82
7566,Mary Brown,hollowaylaura@example.com,United Kingdom,2020-07-01,Premium,47.19
7567,Cindy Ross,phoffman@example.net,France,2026-02-27,Standard,74.41
7568,Travis Lewis,tmartin@example.com,United Kingdom,2022-07-22,Standard,46.52
7569,Lauren Lee,montoyachristopher@example.net,Japan,2022-11-18,Standard,117.34
7570,Michelle Ware,zacharysutton@example.org,Brazil,2024-04-08,Basic,30.40
7571,Mark Morris,alexander39@example.net,Netherlands,2025-06-25,Standard,11.08
7572,Michael Baker,coxpeter@example.org,France,2022-06-22,Basic,29.03
7573,Madison Martin,stevenshaw@example.com,Netherlands,2020-06-27,Basic,48.59
7574,Megan Hutchinson,tdonovan@example.com,United States,2023-05-24,Premium,24.38
7575,Elizabeth Wiggins,kylemeyers@example.org,Japan,2022-11-12,Basic,45.93
7576,Shannon Watkins,woneill@example.org,France,2024-01-21,Standard,51.96
7577,David Brady,pcooper@example.org,Netherlands,2022-01-15,Basic,15.08
7578,Aaron Martinez,amymorris@example.com,Canada,2020-01-16,Standard,214.97
7579,Maria Shaw,donaldsolomon@example.net,Australia,2021-10-27,Premium,89.42
7580,Sherri Sanchez,harrisdavid@example.org,Japan,2022-07-28,Standard,56.74
7581,Cathy Joseph,andrewknight@example.org,Canada,2026-04-13,Basic,32.94
7582,Jessica Sexton,jenniferlivingston@example.org,United Kingdom,2025-07-28,Basic,51.11
7583,Joseph Horton,zwilliams@example.net,United Kingdom,2025-03-23,Basic,44.86
7584,Antonio Conrad,angelagray@example.com,Australia,2022-12-20,Premium,70.04
7585,Garrett Phelps MD,georgevanessa@example.com,Australia,2021-11-04,Standard,16.62
7586,Albert Wilson,qlopez@example.net,India,2026-08-15,Standard,82.81
7587,Christopher Walker,robinsonmartin@example.org,Brazil,2023-04-04,Basic,92.41
7588,Julie Simmons,ryangreen@example.com,France,2026-07-07,Standard,22.83
7589,Brandon Robertson,ruth44@example.org,India,2022-05-19,Standard,57.00
7590,Erin Moses,davidharvey@example.com,Netherlands,2022-09-15,Standard,22.90
7591,Catherine Preston,,Canada,2023-06-02,Standard,25.87
7592,Wayne Fitzgerald,nicholas32@example.org,India,2020-10-01,Basic,73.57
7593,Rodney Larson,natasha55@example.org,Brazil,2022-10-20,Standard,139.21
7594,Joel Hernandez,alexander83@example.net,United States,2024-08-19,Standard,106.88
7595,Nicholas Patel,kimberly93@example.net,Netherlands,2022-11-06,Standard,34.57
7596,Annette Ross,gwalter@example.net,Australia,2021-07-10,Basic,33.23
7597,Eric Gonzalez,shelia28@example.com,United States,2020-02-04,Basic,91.94
7598,Shawna Cannon,gregg36@example.org,United States,2021-01-18,Premium,50.33
7599,Joe Martin,ocalderon@example.net,United States,2022-07-28,Standard,71.51
7600,Michele Kemp,,France,2022-12-12,Basic,133.99
7601,Amy Santos,goldendonna@example.net,Canada,2021-01-15,Premium,126.84
7602,Cristina Browning,linda07@example.net,Japan,2021-08-16,Basic,88.65
7603,Dennis Wood,ggross@example.org,Germany,2026-03-25,Standard,73.30
7604,Sharon Jackson,mayskelsey@example.org,Netherlands,2020-04-17,Basic,96.02
7605,Elizabeth Saunders,angela78@example.com,United Kingdom,2025-07-22,Standard,36.22
7606,Shannon Solomon,qfaulkner@example.org,Canada,2023-05-29,Basic,49.83
7607,Angela Wolfe,kfreeman@example.com,United Kingdom,2020-02-25,Basic,41.71
7608,Taylor Gonzalez,kbishop@example.org,United Kingdom,2024-03-15,Premium,58.22
7609,Adam Hale,fullerraymond@example.net,India,2022-04-12,Premium,29.29
7610,Melissa Arias,onorris@example.org,United Kingdom,2021-04-11,Standard,166.07
7611,Ernest Mcknight,thomas91@example.com,Canada,2020-09-23,Standard,127.97
7612,Shawn Cooke,katiewu@example.com,Germany,2021-04-18,Standard,92.35
7613,George Osborne,dunderwood@example.com,United Kingdom,2021-07-16,Premium,65.06
7614,Jason Sutton,samantha67@example.net,Germany,2025-06-18,Standard,58.70
7615,Michele Davis,grayjoel@example.org,France,2025-08-03,Premium,42.07
7616,Wanda Taylor,xtrujillo@example.net,United Kingdom,2024-10-04,Standard,91.64
7617,John Martin MD,whiteheaddavid@example.net,Brazil,2020-03-02,Basic,21.41
7618,Adam Christian,joshuasingh@example.org,Australia,2021-12-05,Basic,32.48
7619,Melissa Glover,martinsandra@example.net,Germany,2025-05-09,Standard,44.25
7620,Amber Miller,nelsonbrian@example.org,United Kingdom,2023-07-13,Standard,92.66
7621,Anna Edwards,dburnett@example.com,Canada,2025-04-20,Standard,133.34
7622,Denise Anderson,gcarroll@example.net,Brazil,2024-10-23,Premium,26.28
7623,Michael Moore,lopezcarlos@example.com,United Kingdom,2025-01-14,Premium,98.76
7624,Amanda White,gbrady@example.org,United Kingdom,2025-08-12,Premium,53.56
7625,Gary White,shane36@example.net,Australia,2026-04-13,Premium,40.27
7626,Ashley Flores,erika02@example.com,Brazil,2020-07-07,Basic,130.28
7627,Scott Webb,raymond69@example.net,France,2024-07-29,Premium,50.92
7628,Michelle Mills,ashleyhernandez@example.org,Australia,2026-07-04,Basic,57.49
7629,Cynthia Carey,gbray@example.com,Netherlands,2026-07-27,Premium,96.95
7630,Theresa Sawyer,kari45@example.org,India,2023-10-21,Basic,37.14
7631,Curtis Palmer,dunnashley@example.net,Japan,2021-07-29,Premium,56.74
7632,Kristin Ramirez,pedro98@example.org,United Kingdom,2022-11-12,Standard,24.21
7633,James Montes,shannongonzalez@example.net,Japan,2025-04-09,Basic,47.94
7634,Sierra Aguirre,christine41@example.net,United Kingdom,2024-09-13,Premium,99.90
7635,Bradley Young,qgreene@example.com,United Kingdom,2026-05-20,Basic,158.16
7636,Alicia Malone,kschultz@example.com,United States,2025-01-30,Standard,106.47
7637,Joseph Smith,huangkayla@example.org,United Kingdom,2021-12-28,Standard,45.46
7638,Adam Little,smithdana@example.net,Netherlands,2025-01-18,Standard,52.77
7639,Aaron Hernandez,conniehenderson@example.net,United States,2021-09-12,Standard,74.95
7640,Jennifer Smith,stephaniemartinez@example.net,India,2023-02-03,Basic,20.29
7641,Crystal Simpson,lori32@example.net,Australia,2021-08-04,Standard,46.06
7642,Shirley Atkinson,kevintaylor@example.org,United States,2021-09-13,Standard,54.65
7643,Peter Silva,angelavilla@example.net,Netherlands,2026-07-25,Premium,43.28
7644,Cheryl Thompson,amber22@example.org,Japan,2024-04-13,Basic,19.80
7645,Jill Williams,roger61@example.net,United Kingdom,2023-05-24,Standard,67.99
7646,Susan Allen,mirandaricardo@example.org,Netherlands,2024-06-23,Standard,43.03
7647,Melanie White,seanmullins@example.com,Germany,2023-11-12,Standard,62.50
7648,Christian Johnson,melvin54@example.com,Netherlands,2025-08-01,Standard,54.01
7649,Mandy Ritter,marksveronica@example.net,United Kingdom,2025-03-10,Basic,48.05
7650,Michael Chavez,kelsey22@example.net,India,2020-10-17,Basic,32.12
7651,Kelly Logan,robinsonjohnny@example.com,Australia,2023-04-27,Standard,42.75
7652,Nicole Beasley,olarsen@example.org,Canada,2022-08-31,Standard,56.23
7653,Danielle Fowler,rossadam@example.net,Brazil,2023-02-25,Standard,25.82
7654,Karen Cox,bfreeman@example.net,Australia,2025-07-08,Premium,39.77
7655,Susan Stewart,bonnie77@example.org,Canada,2025-06-23,Basic,79.28
7656,Kathleen Cordova,jeremycook@example.org,Netherlands,2024-01-13,Basic,37.78
7657,Tonya Harrington,lopezamanda@example.net,France,2024-01-16,Standard,62.72
7658,Judy Gill,nguyenbrooke@example.com,Japan,2022-12-24,Premium,79.07
7659,Patrick Valenzuela,stevenrodgers@example.net,France,2023-05-31,Standard,37.51
7660,Andrew Andrews,zjacobs@example.org,France,2021-10-14,Premium,73.43
7661,Brian Cole,eric42@example.com,Netherlands,2023-01-06,Standard,40.78
7662,Samuel Steele,rachaelgriffin@example.org,Brazil,2021-09-06,Standard,31.86
7663,Michael Gibson,brownsean@example.net,United States,2024-11-14,Standard,38.32
7664,Jody Torres,timothy51@example.org,Brazil,2025-07-04,Standard,69.78
7665,Amanda Fletcher,jorge99@example.net,Canada,2024-02-03,Standard,57.98
7666,Sarah Dawson,haynestracy@example.com,Netherlands,2024-08-25,Standard,38.11
7667,Ms. Brandy Craig,younglisa@example.com,Japan,2024-01-14,Standard,151.17
7668,Bryan Ferguson,goodalec@example.org,Germany,2021-04-01,Standard,132.84
7669,Robert Jensen,chanjasmine@example.net,Germany,2025-07-28,Premium,26.97
7670,Taylor Lee,brianlarsen@example.net,United States,2024-05-12,Standard,39.87
7671,Ashley Huynh,joseph13@example.com,Canada,2020-09-20,Standard,20.32
7672,Lori Mccann,laura04@example.net,Japan,2024-08-23,Basic,27.59
7673,Ryan Knight,wiseamber@example.net,Canada,2026-01-08,Standard,32.48
7674,Roy Fox,devinthompson@example.net,Brazil,2025-10-25,Basic,31.46
7675,Sarah Foster,rebeccayoung@example.net,Australia,2025-03-27,Premium,48.44
7676,Jeffrey Stevens,sotorobert@example.org,United States,2021-07-09,Standard,118.41
7677,Sarah Riley,clozano@example.org,Japan,2023-11-03,Standard,20.51
7678,Melissa Rush,amy70@example.com,United Kingdom,2020-06-13,Premium,82.38
7679,Laurie Wilson,qbradford@example.com,Japan,2020-12-10,Basic,59.70
7680,Jessica Bonilla,christopher15@example.com,Netherlands,2024-01-18,Standard,68.46
7681,Wendy Burgess,matthew73@example.org,United States,2021-11-13,Standard,49.19
7682,Danny Anderson,gtaylor@example.com,India,2024-12-31,Premium,39.17
7683,Dr. Jaime Wilson,zpennington@example.org,France,2022-04-06,Standard,69.10
7684,Stephanie Thomas,megan27@example.net,Germany,2022-08-20,Standard,30.54
7685,Nicholas Reyes,grimesjacqueline@example.org,Netherlands,2022-12-28,Standard,77.10
7686,Rebecca Gonzales,amberbutler@example.com,Germany,2024-10-09,Basic,73.26
7687,Melody Russell,halexander@example.net,Japan,2021-06-06,Premium,38.83
7688,Terrence Mitchell,jacob46@example.net,United Kingdom,2021-08-03,Standard,66.98
7689,Matthew Best,austinlaura@example.org,Germany,2024-10-03,Standard,54.93
7690,Jennifer Moore,sdavis@example.com,Brazil,2022-09-21,Standard,37.57
7691,Jean Smith,annettehines@example.com,France,2022-07-14,Standard,45.55
7692,Angela Smith,katelynharper@example.net,Australia,2024-05-13,Basic,35.59
7693,Shawn Braun,olsonjacqueline@example.net,United States,2024-01-06,Standard,54.20
7694,Kevin Washington,jessicaharris@example.net,United Kingdom,2021-05-10,Standard,39.15
7695,Jose Weber,clarkisaac@example.com,Japan,2022-07-01,Basic,51.74
7696,Deanna Carter,colleenhernandez@example.com,Australia,2021-01-30,Basic,22.47
7697,Theresa Wallace,joseph54@example.com,Canada,2021-11-03,Premium,58.14
7698,Jeffrey Rhodes,lfletcher@example.com,Australia,2025-10-11,Standard,103.54
7699,Jason Myers,enielsen@example.com,Germany,2025-06-04,Basic,31.08
7700,Beth Smith,xcole@example.net,Japan,2026-01-28,Standard,69.98
7701,Kim Martin,emartinez@example.com,Netherlands,2025-06-28,Premium,196.11
7702,Nathan Gates,jbennett@example.org,United Kingdom,2025-10-15,Premium,17.86
7703,Katherine Johnson,rhondastephens@example.net,Netherlands,2023-05-30,Standard,31.16
7704,Terri Villanueva,thompsontonya@example.org,Canada,2023-09-07,Basic,72.46
7705,Ashley Hamilton,leslierocha@example.net,Canada,2024-11-23,Basic,42.57
7706,Michael Avila,johnsonsusan@example.com,Japan,2023-05-29,Standard,50.18
7707,Walter Romero,franklinjames@example.com,Germany,2021-10-15,Standard,134.69
7708,Thomas King,kelly72@example.net,Germany,2021-12-13,Basic,108.46
7709,Andrew Sanchez,camachomichael@example.net,Brazil,2025-05-29,Standard,110.72
7710,Marie Hernandez,hartchad@example.org,Australia,2026-05-25,Basic,31.32
7711,Thomas Guerrero,zrocha@example.net,Australia,2026-05-29,Basic,66.40
7712,Patrick Williams,anthonymata@example.com,France,2022-10-23,Standard,82.59
7713,Jason Zamora,nancyalvarez@example.org,Germany,2021-06-12,Standard,24.70
7714,Jamie Elliott,alyssa41@example.net,Germany,2026-04-23,Basic,43.51
7715,April Griffith,hawkinslisa@example.org,France,2021-02-10,Standard,172.31
7716,Gabriella Knox,victoria65@example.org,United Kingdom,2021-10-22,Basic,49.91
7717,Hannah Drake,benjamin68@example.com,United States,2022-06-11,Standard,129.10
7718,Joel Lin,heatherbrown@example.org,Netherlands,2023-10-06,Standard,75.66
7719,Charles Sheppard,mzimmerman@example.net,France,2023-05-15,Standard,49.05
7720,Gabrielle Wright,thomas50@example.org,Netherlands,2020-10-22,Premium,65.24
7721,Caroline Adams,batesolivia@example.org,Australia,2020-08-20,Standard,68.96
7722,Danielle Smith,erica95@example.com,United Kingdom,2023-04-06,Basic,45.02
7723,Jeremiah Young,amy54@example.com,United Kingdom,2022-10-21,Standard,86.41
7724,Adam Wallace,falexander@example.net,Netherlands,2022-12-26,Standard,83.16
7725,Jared Webb,russellamy@example.com,Australia,2022-12-02,Standard,46.95
7726,Nathan Jackson,alexander90@example.com,India,2024-02-01,Basic,67.39
7727,Benjamin Walters,porterjoshua@example.org,Netherlands,2021-10-29,Premium,32.63
7728,Tony Cox,kevin02@example.net,India,2024-08-10,Basic,140.72
7729,Andrea Fowler,andrew58@example.com,United Kingdom,2021-11-16,Standard,152.02
7730,Amanda Anderson,lindseymedina@example.com,Brazil,2023-09-16,Standard,95.76
7731,Patricia Humphrey,theresaorr@example.org,India,2023-06-18,Standard,37.23
7732,Nancy Bell,nlopez@example.org,Australia,2022-11-29,Standard,48.11
7733,Rebecca Baker,peter07@example.org,Australia,2024-08-06,Premium,86.03
7734,Angela Martin,ellen17@example.com,United States,2020-05-26,Basic,107.12
7735,Erin Harris,beardarthur@example.net,Brazil,2025-10-29,Standard,134.78
7736,Jennifer Miranda,camposjohn@example.net,Canada,2022-06-26,Standard,54.93
7737,Lisa Ward,hrogers@example.net,Brazil,2025-12-08,Standard,64.74
7738,Mary Gamble,william53@example.com,United Kingdom,2021-12-22,Basic,117.50
7739,Jared Miller,simmonsrobert@example.net,United States,2022-04-21,Standard,23.57
7740,Rick Miller,tmitchell@example.net,Germany,2025-01-15,Basic,151.52
7741,Joel Woodard,wmcknight@example.com,Australia,2025-12-29,Basic,29.81
7742,Rebecca Rojas,cjohnson@example.net,France,2023-11-14,Premium,42.21
7743,Tony Hall,larrymoody@example.com,United Kingdom,2026-05-20,Standard,27.39
7744,Tyler Barber,melissamccarthy@example.com,Netherlands,2021-03-31,Basic,50.90
7745,Bradley Day,ronald27@example.com,Australia,2025-04-04,Basic,208.48
7746,Angela Brown,zmartin@example.net,Germany,2023-10-07,Standard,47.78
7747,Gabriel Sanders,david92@example.org,Australia,2026-07-17,Premium,47.76
7748,Tammy Williams,hendersonkathleen@example.com,Germany,2021-03-29,Basic,59.03
7749,Cynthia Cook,kwalters@example.org,France,2024-04-05,Standard,16.38
7750,Brandon Perkins,zacharyharris@example.org,Canada,2024-04-06,Premium,38.07
7751,Melissa Shaw,michaelmitchell@example.com,Japan,2024-03-02,Standard,122.06
7752,Frank Green,julieeverett@example.com,Australia,2023-05-06,Standard,66.07
7753,Alex Hernandez,xmoon@example.org,United States,2023-03-27,Premium,174.44
7754,Jennifer Sweeney,smithandrew@example.org,Netherlands,2022-10-22,Basic,64.78
7755,Jennifer Scott,gcastro@example.net,Netherlands,2023-02-05,Standard,22.16
7756,Paula Reed,myersterri@example.com,Germany,2025-08-26,Basic,102.91
7757,Candice Brown,michellelynch@example.com,Australia,2020-05-25,Standard,26.94
7758,Tyler Richardson,moorelisa@example.net,Canada,2024-10-18,Standard,51.12
7759,Angel Vargas,lmurphy@example.org,France,2022-07-31,Standard,49.10
7760,Chad Goodwin,hmcgee@example.com,United States,2020-04-11,Basic,43.65
7761,Paul Andrade,jasonjohnson@example.net,Japan,2022-10-28,Standard,46.19
7762,Alejandro Walker,wilsonsteven@example.com,Australia,2022-05-04,Standard,43.23
7763,Alexandra Kelley,hbaker@example.com,United Kingdom,2022-02-02,Basic,50.86
7764,Scott Nash,codyanderson@example.org,Australia,2025-03-21,Standard,160.93
7765,John Jones,josephjimenez@example.org,United Kingdom,2020-03-08,Standard,39.82
7766,Brian Rodriguez,francotammy@example.org,France,2020-04-25,Premium,56.34
7767,Kristin Ellison,ann66@example.net,Germany,2025-03-09,Standard,29.56
7768,Bianca Rice,chelseagibson@example.org,Japan,2024-06-01,Standard,94.18
7769,Sarah Galloway,moorealicia@example.net,United States,2020-04-08,Standard,61.84
7770,Victoria Jones,paigerichardson@example.com,United States,2025-04-19,Standard,99.24
7771,Deborah Rhodes,sandovalemily@example.net,Japan,2020-10-17,Standard,24.90
7772,Tony Miller,david35@example.net,India,2024-10-08,Basic,37.58
7773,George Mccarty PhD,kdiaz@example.net,India,2021-10-24,Premium,39.33
7774,Charles Spears,michael99@example.org,Germany,2025-03-19,Premium,53.01
7775,Mary Smith,taylordanielle@example.org,United Kingdom,2024-06-03,Standard,29.04
7776,Ryan Dunlap,vjones@example.net,France,2021-06-19,Standard,60.25
7777,Jason Washington,thomassamantha@example.org,Australia,2024-01-22,Premium,30.68
7778,Kelsey Arnold,fgomez@example.org,Germany,2020-12-16,Standard,39.69
7779,Michael Reyes,kevin55@example.net,France,2022-03-25,Standard,22.05
7780,Renee Campbell,ianwilliamson@example.net,Brazil,2024-05-02,Premium,83.83
7781,Mr. Charles Robinson PhD,stevensandrew@example.com,Canada,2023-07-17,Premium,23.60
7782,Sandra King DDS,cwebster@example.com,Netherlands,2022-03-04,Standard,65.41
7783,Tracey Esparza,pthomas@example.com,Germany,2024-09-03,Standard,21.52
7784,Mary Cook,staceychen@example.net,Netherlands,2020-12-16,Basic,97.79
7785,John Johnson,owalter@example.org,Netherlands,2024-01-28,Standard,145.07
7786,Shaun Rich,adriana07@example.com,France,2021-09-11,Standard,48.31
7787,Elizabeth Hansen,matthew82@example.com,United States,2025-02-20,Premium,42.49
7788,Gail Coleman,heatherfoster@example.org,Netherlands,2026-04-05,Basic,32.32
7789,Melanie Taylor,kevinclark@example.org,Brazil,2023-08-21,Standard,28.05
7790,John Pennington,melodyjones@example.com,Australia,2025-11-08,Standard,20.76
7791,Nancy Nolan,wrightbrian@example.net,United Kingdom,2022-03-15,Standard,58.94
7792,Jon Kirk,weaverheather@example.org,Canada,2020-02-28,Basic,56.61
7793,Andrew Gallagher,holtandrew@example.com,Australia,2022-09-05,Standard,30.28
7794,Amanda Carpenter,rothbriana@example.org,Canada,2026-03-20,Premium,45.33
7795,Karen Frye,dterry@example.net,Japan,2024-10-10,Standard,82.55
7796,Elizabeth Martin,elizabeth65@example.com,Netherlands,2023-09-26,Basic,62.23
7797,George Steele,melissagonzales@example.net,United States,2024-11-06,Standard,38.60
7797,Jamie Morales,mbuchanan@example.com,Netherlands,2020-06-08,Premium,196.62
7798,Glenn Miller II,larry29@example.org,Netherlands,2020-01-08,Standard,56.58
7799,Brenda Lopez,david67@example.com,Australia,2025-03-05,Basic,20.58
7800,Heather Lee,christophercruz@example.net,United Kingdom,2020-06-16,Standard,75.28
7801,Dwayne Francis,cantrellchelsea@example.com,India,2024-04-17,Standard,105.55
7802,Daniel Thompson,elizabethbryant@example.com,France,2020-01-12,Standard,31.15
7803,Christy Thomas,robertsjohn@example.com,Canada,2022-10-06,Premium,137.99
7804,Christina Simon,virginiagillespie@example.com,Germany,2021-07-16,Basic,101.22
7805,Claudia Marks,crystaldurham@example.com,Germany,2026-01-27,Premium,88.56
7806,Jordan Lara,iflores@example.com,France,2024-01-29,Standard,118.12
7807,Haley Walsh DDS,kevin69@example.net,Netherlands,2021-12-24,Standard,55.50
7808,John Dixon,brobinson@example.net,Germany,2020-03-15,Basic,108.01
7809,Melissa Day,yvonne14@example.net,Japan,2023-06-14,Standard,86.92
7810,Joseph Ortiz,sherylwarren@example.net,Japan,2025-07-01,Standard,42.79
7811,Timothy Reed,stevensandrew@example.com,Germany,2021-03-31,Basic,42.68
7812,Renee Garrett,michael10@example.com,Japan,2025-04-04,Premium,51.12
7813,Stacey Miller,hartrichard@example.net,Brazil,2021-10-06,Standard,45.88
7814,Cameron Bryant,browncharles@example.net,Australia,2021-03-11,Basic,74.94
7815,Maria Kelly,colonjessica@example.com,Brazil,2023-04-04,Premium,81.98
7816,Anthony Fowler,qjackson@example.org,France,2020-01-22,Standard,26.05
7817,Adam Baker,stricklandrichard@example.com,Japan,2024-08-21,Standard,93.83
7818,Patricia Jacobs,kathryn68@example.org,India,2022-08-20,Standard,57.96
7819,Carlos Wright,jennifer19@example.net,Canada,2020-05-01,Basic,48.61
7820,David Peterson,cmccarthy@example.net,Netherlands,2025-07-29,Basic,46.96
7821,Cynthia Johnson,idiaz@example.org,Canada,2024-07-07,Standard,40.50
7822,Mallory Nguyen,michellehicks@example.net,United States,2024-06-06,Standard,30.65
7823,Tony Mclaughlin,stephanie31@example.com,Japan,2024-04-16,Standard,56.91
7824,Kelly Hughes,mary63@example.org,India,2023-11-10,Standard,16.37
7825,Kathleen Ayers,psavage@example.org,Netherlands,2020-05-02,Standard,38.85
7826,Heidi Lopez,michaelfleming@example.com,Australia,2024-07-02,Standard,72.88
7827,Jeremy Haley,walkercody@example.com,United States,2023-08-23,Premium,96.17
7828,Ryan Smith,glee@example.org,United States,2021-12-21,Basic,105.94
7829,Stephen Rodriguez,joshua07@example.com,United Kingdom,2025-03-31,Standard,31.78
7830,Jason Vaughn,oholt@example.net,Germany,2025-01-18,Standard,155.72
7831,Diana Santos,christopherrich@example.org,Australia,2020-11-25,Premium,27.80
7832,Jessica Patel,xrivas@example.org,United Kingdom,2025-02-24,Basic,38.95
7833,Eric Thompson,jessica58@example.com,Japan,2020-05-04,Standard,71.40
7834,Beverly Spencer,scottwebb@example.com,United States,2022-12-22,Basic,68.06
7835,Christopher Garza,hendersonryan@example.com,Germany,2023-12-24,Standard,57.39
7836,Leah Sullivan,jonathan45@example.org,Japan,2021-06-28,Standard,148.06
7837,Aimee Chang,jphillips@example.org,United States,2025-10-10,Standard,78.31
7838,Ruben Burns,alexisclark@example.com,Brazil,2020-11-07,Standard,40.67
7839,Shaun Osborn,vegaapril@example.org,Japan,2025-07-24,Standard,70.49
7840,Michael Cunningham,jacob37@example.org,Canada,2020-07-29,Premium,60.33
7841,Luke Hicks,tmartinez@example.net,Brazil,2025-07-10,Premium,52.56
7842,Clinton Mcpherson,gabrielhurst@example.org,Brazil,2024-11-03,Premium,49.03
7843,Kent Lee,qvilla@example.net,United Kingdom,2020-02-23,Standard,26.32
7844,Gina Macias,travis13@example.com,Netherlands,2022-04-12,Standard,17.36
7845,Bradley Vega,ichandler@example.org,Netherlands,2024-09-10,Basic,56.79
7846,Alexandria Hernandez,tiffanysolomon@example.org,United States,2022-01-05,Standard,51.45
7847,Kimberly Davidson,dean03@example.org,France,2021-03-29,Premium,84.15
7848,Beth Edwards,nathan35@example.org,France,2022-09-24,Premium,36.30
7849,Keith Bowman,mallen@example.com,United States,2024-10-31,Standard,93.92
7850,Tami Jensen,richardmorgan@example.com,Netherlands,2021-07-05,Standard,13.65
7851,Daniel Schneider,uweaver@example.net,India,2023-11-03,Premium,96.10
7852,Linda Jimenez,kelly55@example.org,France,2024-11-17,Basic,48.39
7853,Brooke Clark,travisstewart@example.com,Canada,2020-02-08,Basic,22.12
7854,Robert Lopez,arodriguez@example.com,Germany,2021-12-12,Standard,72.42
7855,Jamie Jackson,morrisonconnor@example.com,Japan,2026-07-10,Standard,39.35
7856,Deanna Berry,wbryant@example.com,Australia,2024-08-09,Standard,49.10
7857,Terri Patterson,glasssarah@example.com,India,2020-03-04,Basic,149.66
7858,Tanya Coleman,vanessa65@example.org,United States,2025-07-13,Standard,671.55
7859,Hannah Gonzalez,theresa07@example.com,India,2025-11-15,Basic,33.49
7860,Cindy Turner,jorgediaz@example.org,Netherlands,2021-01-17,Standard,55.70
7861,Brittany Bush,robert51@example.com,United Kingdom,2025-12-25,Standard,41.47
7862,Mr. Keith West,meghanwheeler@example.com,Germany,2023-12-18,Standard,86.86
7863,Thomas Vega,elizabeth61@example.org,Netherlands,2024-08-27,Premium,30.89
7864,John Carpenter,kimevans@example.org,Netherlands,2025-08-03,Basic,48.15
7865,Brittany Chambers,vperkins@example.org,Germany,2023-03-29,Basic,57.55
7866,Tina Molina,aguirredawn@example.org,Canada,2022-04-11,Basic,111.19
7867,Nicholas Miles,christiestone@example.org,India,2021-10-13,Standard,43.95
7868,Jo Hatfield,qwest@example.com,India,2025-01-18,Premium,85.92
7869,Brandon Davis,agonzalez@example.com,India,2021-06-07,Basic,66.05
7870,Larry Mcmahon,john18@example.org,Japan,2020-02-20,Standard,182.94
7871,Brian Perez,gordonkathryn@example.net,Germany,2022-04-04,Standard,33.46
7872,Angela Brown,badams@example.com,United Kingdom,2022-02-17,Standard,64.90
7873,Richard Bradford,jennifer98@example.net,Australia,2023-10-29,Basic,21.14
7874,Charles Wallace,yroberts@example.org,Canada,2020-08-28,Standard,142.88
7875,Kelly Murphy,phillipschristopher@example.org,Australia,2024-09-20,Premium,18.32
7876,Rebecca Knight,,Germany,2026-06-09,Standard,54.87
7877,David Chavez,debrajohnson@example.org,Netherlands,2024-11-29,Premium,30.82
7878,Mrs. Emily Oneill,jeffrey18@example.net,Japan,2025-08-24,Basic,136.73
7879,Tracey Weaver,jonathanjohnson@example.org,Canada,2020-10-13,Standard,15.73
7880,Margaret Santana,jordan99@example.net,Canada,2026-08-12,Standard,25.04
7881,Amy Jones,ohampton@example.org,Canada,2021-11-08,Standard,111.15
7882,Patricia Mclaughlin,dkim@example.com,Australia,2024-11-15,Standard,37.43
7883,Erica Lambert,margaret79@example.org,Germany,2024-08-06,Standard,48.46
7884,Courtney Ward,vnelson@example.net,United Kingdom,2024-01-02,Premium,149.06
7885,Mary Medina,lindsey87@example.com,United States,2026-05-26,Standard,84.45
7886,Diane Ewing,wcampbell@example.net,Netherlands,2021-02-08,Standard,66.44
7887,Lance Day,hernandezjuan@example.com,Canada,2020-05-28,Basic,71.40
7888,Darius Taylor,zwilliams@example.org,France,2025-05-10,Standard,44.39
7889,Ryan Downs,jennifer36@example.org,United Kingdom,2021-08-26,Standard,29.93
7890,Ryan Martin,ubrown@example.com,Australia,2024-10-11,Premium,69.87
7891,Andrew Owen MD,tyler54@example.net,United States,2021-06-08,Standard,91.58
7892,Kayla Riggs,robert46@example.net,Canada,2023-05-01,Basic,31.98
7893,Kathryn Spencer,richard01@example.com,Canada,2023-01-03,Standard,53.70
7894,Faith Quinn,ygibson@example.com,India,2022-10-19,Basic,131.24
7895,Darrell Myers,christine53@example.net,Canada,2022-05-01,Basic,173.46
7896,Nicholas Wright,baxterashley@example.org,United Kingdom,2024-03-08,Standard,69.57
7897,Sherry Leon,ojoyce@example.com,Germany,2023-09-11,Premium,79.44
7898,Noah Smith,tracey36@example.net,Australia,2024-11-07,Standard,62.82
7899,Joshua Stephens,shannonmcdonald@example.net,India,2021-03-24,Basic,23.34
7900,Amanda Copeland,zmitchell@example.org,Germany,2022-09-25,Basic,148.65
7901,Michael Curry,kevin65@example.com,Japan,2023-12-16,Premium,49.65
7902,Ashley Hendricks,peterhester@example.net,Germany,2020-03-01,Standard,35.40
7903,Anthony Mitchell,lauracochran@example.org,United States,2024-12-01,Premium,37.33
7904,Tracy Dunn,collinhall@example.net,Australia,2023-12-22,Standard,35.69
7905,Todd Mclaughlin,rebeccaturner@example.net,United Kingdom,2021-02-14,Basic,57.97
7906,Curtis Ingram,wsharp@example.org,France,2023-03-20,Premium,34.09
7907,Linda Miller,jodysoto@example.net,India,2026-03-26,Premium,75.19
7908,Stacy Jones,brittanyfrazier@example.org,Brazil,2020-06-14,Standard,139.55
7909,Sonya Reeves,scottmanning@example.com,India,2022-10-25,Standard,66.52
7910,Tammy Miller,brandon74@example.net,Netherlands,2025-05-18,Standard,68.56
7911,Jennifer Henderson,cassandraryan@example.org,United States,2025-10-21,Basic,22.01
7912,Anita Dunn,cindy82@example.com,United States,2020-03-23,Standard,34.10
7913,Sandra Hardin,kleinjeffery@example.org,United Kingdom,2022-06-13,Basic,22.96
7914,Edwin Mcmahon,mburgess@example.net,Germany,2024-10-20,Premium,71.28
7915,Jacob Barrera,victor61@example.net,Brazil,2026-05-10,Standard,34.99
7916,Brian Jones,escobarjennifer@example.net,Germany,2022-11-18,Standard,93.74
7917,Steven Lindsey,nlyons@example.net,Canada,2022-11-03,Premium,38.71
7918,Natalie Riley,frankyoung@example.net,India,2021-01-04,Premium,29.23
7919,Bridget Brown,jennifer89@example.org,Australia,2025-04-21,Basic,98.31
7920,Tamara Castillo,forbesanita@example.net,Germany,2023-10-22,Standard,156.19
7921,Sarah Rangel,dylansalinas@example.net,Australia,2022-12-21,Premium,131.90
7922,Rebecca Davis,vevans@example.com,Canada,2021-08-02,Standard,45.95
7923,Philip Adams,joseph08@example.net,Japan,2025-08-04,Premium,40.00
7924,Peter Davis,matthewtucker@example.org,Japan,2022-04-27,Standard,39.77
7925,Jonathan Moore,jmason@example.com,United States,2020-09-12,Basic,116.40
7926,Austin Gonzales,williambowman@example.org,France,2021-06-25,Basic,67.98
7927,Nancy Wallace,harperclayton@example.com,Australia,2021-04-08,Standard,51.37
7928,Alyssa Burgess,sarahallen@example.com,United States,2023-06-26,Standard,72.40
7929,Lawrence Price,tonyaturner@example.com,Canada,2021-04-05,Standard,28.12
7930,Justin Campbell,brownnicholas@example.org,United States,2024-02-28,Standard,92.89
7931,Sandra Mccall,bautistataylor@example.com,Canada,2025-11-22,Basic,88.51
7932,Jessica Lopez,emiller@example.com,Canada,2025-08-15,Premium,74.55
7933,Kevin Richardson,bmartinez@example.com,United States,2024-08-21,Standard,129.21
7934,Nathan Rose,brownclayton@example.com,Australia,2024-10-07,Basic,45.33
7935,James Davis,mauricevargas@example.org,United Kingdom,2025-07-24,Basic,27.73
7936,Erica Hernandez,kgutierrez@example.com,Germany,2026-06-10,Premium,82.61
7937,Samantha Hill,gallowaykyle@example.com,France,2022-11-04,Standard,95.06
7938,Laurie Cook,brooksbradley@example.com,Australia,2024-12-10,Standard,38.54
7939,Anthony Campbell,wellssabrina@example.com,Germany,2026-08-13,Standard,53.87
7940,Samantha Rivera,marypreston@example.com,India,2024-11-09,Basic,72.98
7941,Dawn Wilson,paulmartin@example.net,United States,2021-01-30,Premium,47.66
7942,Christopher Nielsen,erikamorris@example.net,Netherlands,2021-11-13,Standard,100.34
7943,David Lewis,lewiskaitlin@example.org,Germany,2021-10-25,Standard,48.40
7944,John Caldwell,jamesballard@example.org,Netherlands,2020-01-20,Standard,31.12
7945,Jordan Long,thomas08@example.net,Netherlands,2022-11-12,Premium,32.96
7946,Ryan Robinson,bakeroscar@example.com,France,2022-04-21,Basic,76.13
7947,Eric Reed,brenda18@example.net,Germany,2022-02-21,Standard,67.20
7948,David Mayo,shaun46@example.net,Germany,2022-08-07,Premium,101.05
7949,Sarah Miles,nelsonallen@example.org,Brazil,2022-08-19,Standard,46.02
7950,Mrs. April Marks,masonmichael@example.net,Australia,2020-12-21,Standard,28.71
7951,Morgan Carlson,carrieward@example.net,United States,2024-05-24,Standard,154.68
7952,Craig Lewis,cheryl94@example.org,Germany,2025-12-28,Standard,101.97
7953,Jane Heath,lisadavenport@example.org,United States,2024-09-10,Premium,50.59
7954,Christopher Taylor,matthew85@example.net,Germany,2026-05-22,Standard,22.56
7955,Tiffany Craig,brooksamy@example.com,France,2021-04-04,Premium,55.22
7956,Tina Paul,shannonwood@example.org,Germany,2021-01-07,Standard,41.09
7957,Sherry Wheeler,inguyen@example.org,Australia,2022-09-18,Premium,104.55
7958,Amanda Chavez,ryan20@example.org,France,2024-02-17,Premium,128.02
7959,Rebecca Pearson,joshuasmith@example.com,Germany,2026-04-11,Standard,107.22
7960,Connie Rodriguez,garciaanthony@example.net,Netherlands,2025-04-22,Basic,44.88
7961,Jessica Thompson,ttrujillo@example.net,Netherlands,2023-01-06,Premium,45.98
7962,Erica Garcia,michael39@example.com,Australia,2026-08-13,Standard,98.65
7963,Taylor Moore,david86@example.org,Canada,2022-09-05,Basic,62.86
7964,Erik Gonzalez,hurstdanielle@example.org,Germany,2021-02-28,Standard,69.20
7965,Mark Lopez,melissa18@example.org,India,2021-07-23,Standard,78.25
7966,Kerry Henry,rbenton@example.org,United Kingdom,2026-04-22,Standard,152.63
7967,Chad Perez,hmcgrath@example.net,Germany,2021-05-21,Premium,58.93
7968,Caitlin Hamilton,fullersharon@example.org,Brazil,2025-09-19,Standard,69.90
7969,Michelle Phillips,danielturner@example.org,Netherlands,2024-12-20,Premium,79.56
7970,Katherine Santos,tbowen@example.com,Germany,2020-06-10,Standard,28.43
7971,Robin Rosales,toddhowell@example.net,United States,2024-07-04,Standard,109.15
7972,Rebecca Yang,adamwood@example.org,Germany,2021-10-10,Basic,186.62
7973,Chelsea Singh,qsmith@example.com,France,2026-02-05,Standard,52.89
7974,Heidi Bradley,robertsjohn@example.com,United Kingdom,2022-05-03,Standard,144.87
7975,David Vasquez,hannahblack@example.com,India,2025-05-22,Basic,32.08
7976,Alex Baird,danielbaker@example.org,United Kingdom,2024-12-13,Standard,63.17
7977,Brandon Wilson,gardnerkrystal@example.org,Canada,2026-03-16,Standard,109.46
7978,Ricky Jackson,alexander55@example.net,India,2024-01-23,Basic,21.40
7979,Noah Roberts,qescobar@example.net,Brazil,2025-03-07,Premium,41.48
7980,Madison Mendoza,cookkevin@example.com,United Kingdom,2024-11-23,Premium,101.02
7981,Kristen Rice,patricia08@example.org,Japan,2022-01-14,Premium,31.75
7982,Lauren Murphy,glasschristopher@example.com,Canada,2024-03-21,Basic,147.32
7983,Barbara James,henrykylie@example.org,Brazil,2020-10-05,Standard,38.73
7984,Joseph Gutierrez,matthew28@example.com,India,2020-11-19,Standard,16.45
7985,Daniel Moore,nthompson@example.org,Netherlands,2023-10-06,Premium,91.77
7986,Stanley Woods,timothycollins@example.com,Netherlands,2025-08-13,Basic,82.76
7987,Lisa Baker,anthony65@example.com,Netherlands,2023-03-15,Standard,137.32
7988,Jordan Gordon,martinjennifer@example.org,France,2023-07-07,Standard,35.17
7989,Anna Young,jennifer05@example.net,Japan,2023-09-30,Standard,32.96
7990,Amber Berry,thomasfreeman@example.com,United Kingdom,2026-08-07,Standard,156.82
7991,Theresa Jones,tyler18@example.net,India,2021-12-24,Standard,156.62
7992,Stephen Bowen,margaretthomas@example.org,Brazil,2020-01-15,Standard,114.00
7993,Colin Cummings,ndavis@example.com,Germany,2020-02-12,Basic,20.97
7994,Paul Christensen,xbrown@example.com,United States,2026-08-08,Standard,78.03
7995,Derek Bond,olee@example.net,Germany,2024-01-23,Standard,34.92
7996,Jerry King,steven71@example.net,France,2023-12-14,Standard,165.47
7997,Jessica Ward,douglasstanley@example.org,France,2024-05-15,Basic,42.95
7998,Peter Knapp,jacqueline41@example.net,France,2021-10-16,Standard,141.34
7999,Jason Gates,qramirez@example.com,Australia,2021-04-19,Premium,62.09
8000,Victoria Alvarez,wendysmith@example.com,Netherlands,2022-05-06,Premium,96.33
8001,Travis Simpson,robertbradford@example.org,Canada,2021-05-24,Basic,57.13
8002,Mr. Anthony Archer MD,coreylong@example.org,Brazil,2022-02-13,Premium,38.23
8003,Jenna Hernandez,scottkelsey@example.net,India,2025-10-29,Premium,126.47
8004,Zachary Campbell,williamsrichard@example.net,United States,2021-05-12,Standard,78.90
8005,Darren Dougherty,felicia93@example.com,France,2020-11-24,Standard,30.87
8006,Thomas Romero,rossabigail@example.com,France,2025-03-29,Premium,21.65
8007,Pamela Parks,xballard@example.org,Australia,2025-05-02,Standard,104.04
8008,Jeanne Alvarez,josephbautista@example.net,United States,2023-10-02,Basic,57.54
8009,Carla Garcia,michaeloliver@example.com,United States,2021-04-19,Basic,63.33
8010,Brad Fox,kelly62@example.com,United States,2024-07-26,Standard,56.67
8011,Jeffrey Aguilar,sarahnavarro@example.org,Japan,2026-03-12,Standard,78.96
8012,Barbara Doyle,ohughes@example.org,Canada,2023-01-21,Basic,32.76
8013,Roberta Evans,cbanks@example.com,United Kingdom,2025-07-09,Standard,56.44
8014,Gloria Snow,lmendoza@example.org,India,2022-06-19,Basic,168.70
8015,Joyce Garcia,ysimon@example.net,United Kingdom,2026-04-02,Standard,26.78
8016,Denise Johnston,ztaylor@example.org,Netherlands,2020-08-03,Premium,15.38
8017,Ms. Tiffany Thompson,mullinsjeffrey@example.org,Germany,2024-02-11,Basic,86.53
8018,Angela Porter,daniellecolon@example.net,Germany,2021-06-22,Standard,42.72
8019,Cody Rodriguez,elizabethdiaz@example.com,India,2023-03-13,Standard,98.84
8020,Brenda Day,wspencer@example.org,Australia,2023-10-01,Standard,87.91
8021,Tanya Gomez,vkim@example.net,India,2022-04-13,Standard,49.29
8022,Renee Smith,tlewis@example.com,Canada,2025-11-16,Basic,123.71
8023,Leslie Richards,shane47@example.net,Brazil,2020-05-06,Basic,44.66
8024,Jason Moore,prowe@example.org,India,2021-02-13,Basic,66.00
8025,Kimberly Macias,stephensashley@example.org,United Kingdom,2023-03-28,Basic,51.19
8026,Jodi Patterson,deborahmacias@example.net,Australia,2026-04-20,Premium,69.74
8027,Jamie Smith,xcruz@example.org,Netherlands,2023-03-16,Standard,79.01
8028,Justin Wilson,award@example.com,Brazil,2020-01-24,Standard,59.71
8029,Anne Stevens,stephaniehall@example.net,Germany,2021-07-31,Basic,51.99
8030,Stephanie Harrison,laurabrewer@example.org,United Kingdom,2023-06-27,Basic,28.08
8031,Mary Barber,gallowaytimothy@example.net,Netherlands,2021-07-25,Standard,28.44
8032,Michael Perry,hmartinez@example.org,Canada,2025-08-25,Premium,25.99
8033,Steve Hoffman,billy28@example.net,Germany,2020-10-10,Standard,84.61
8034,Ryan Hamilton,georgemaynard@example.net,United States,2023-09-04,Basic,141.53
8035,Kristina Sanders,enguyen@example.net,Australia,2025-05-05,Standard,82.01
8036,Elizabeth Robinson,melindakelly@example.com,United States,2023-09-19,Basic,89.01
8037,Miss Kelly Johnson,jamesduncan@example.org,India,2020-02-04,Premium,102.37
8038,Jared Scott,lopezrandall@example.net,United Kingdom,2020-02-14,Premium,28.15
8039,Ethan Tran,seth42@example.com,United Kingdom,2023-09-13,Basic,98.07
8040,Erica Mcdonald,stephanie70@example.net,Brazil,2022-08-13,Standard,84.80
8041,Jasmine Murphy,mullinsdennis@example.com,Canada,2026-06-15,Standard,157.48
8042,Danielle Ruiz,brendagutierrez@example.net,Japan,2023-11-20,Premium,121.59
8043,Shawn Wilson DVM,milesrobert@example.org,Canada,2022-07-29,Standard,33.61
8044,James Pugh,middletonsamantha@example.net,Japan,2024-05-09,Premium,16.80
8045,Danielle Graves,williamsethan@example.org,Germany,2022-10-01,Standard,75.18
8046,Greg White,kendra38@example.org,Germany,2024-12-31,Standard,61.30
8047,Mary Morales,morrisoncraig@example.com,Australia,2020-12-15,Basic,93.70
8048,David Li,hernandeznicole@example.org,India,2020-01-23,Basic,34.68
8049,Jennifer Green,raydaniel@example.org,United Kingdom,2021-08-16,Standard,47.58
8050,Emma Moran,markedwards@example.com,Australia,2026-06-13,Standard,138.41
8051,Kyle Golden,robertcharles@example.com,Netherlands,2025-08-12,Standard,34.78
8052,William Hernandez,nhernandez@example.com,India,2026-03-07,Premium,44.54
8053,Adam Garcia,jennifergarcia@example.net,India,2024-06-13,Standard,150.25
8054,Laura Roberts,lisadixon@example.com,Canada,2023-06-09,Basic,202.51
8055,Kenneth Harmon,greenebrandi@example.org,Germany,2022-04-12,Standard,54.88
8056,David Lane,arnolddavid@example.com,United Kingdom,2024-07-07,Standard,52.30
8057,Dawn Fernandez,gdavis@example.org,Canada,2025-09-30,Standard,120.47
8058,Julie Edwards,mcdowellpaul@example.net,Australia,2021-06-03,Standard,84.13
8059,Rebecca Webb,lopezcraig@example.net,Brazil,2020-11-19,Standard,36.92
8060,Faith Ball,rogerssuzanne@example.net,Canada,2021-12-08,Standard,119.16
8061,Trevor Hall,jason42@example.net,Japan,2025-09-06,Standard,80.16
8062,Tommy Smith,ydennis@example.com,India,2020-09-05,Standard,32.81
8063,Cheryl Delgado,kingchristopher@example.net,Netherlands,2025-03-19,Standard,42.36
8064,Madison Martinez,pdaniel@example.net,United States,2024-12-22,Standard,44.37
8065,Tara Johnson,carsonkathy@example.org,Japan,2023-09-08,Standard,222.49
8066,Melissa Mcmillan,ydiaz@example.org,United Kingdom,2024-03-05,Standard,65.81
8067,Scott Merritt,anna81@example.net,France,2024-02-27,Standard,83.65
8068,Ethan Hurst,nolansamuel@example.com,Australia,2025-06-20,Premium,85.65
8069,Ashley Andrade,garystewart@example.net,Australia,2024-12-28,Standard,81.48
8070,Darrell Wilson,bryantjames@example.org,India,2026-01-07,Basic,42.08
8071,Dr. Melody Ewing,jarmstrong@example.com,Australia,2025-11-23,Standard,24.50
8072,Christine Johnson,ohill@example.com,United States,2020-03-09,Premium,37.01
8073,Brittney Clark,renee84@example.org,Japan,2020-08-30,Standard,42.04
8074,Deborah Perez,myersmary@example.com,Netherlands,2020-12-28,Premium,116.36
8075,Shannon Donovan,patrickhiggins@example.org,Australia,2022-01-20,Standard,102.23
8076,Jonathan Williams,sarah89@example.org,Netherlands,2026-06-06,Standard,140.25
8077,Amanda Contreras,duanehubbard@example.org,Australia,2025-07-16,Basic,87.57
8078,Kathleen Harvey,robinsonwhitney@example.com,United States,2024-10-11,Standard,48.91
8079,Donald Martinez,austintaylor@example.com,Netherlands,2021-11-13,Basic,150.02
8080,Brianna Dennis,margaret97@example.net,India,2024-08-23,Basic,32.35
8081,James Golden,amy79@example.net,Netherlands,2023-02-21,Standard,95.19
8082,Kimberly Alexander,thomascoleman@example.net,United States,2023-01-11,Basic,25.63
8083,Thomas Davis,xosborne@example.net,United Kingdom,2020-02-23,Basic,64.74
8084,Hannah Stewart,gaysarah@example.net,United States,2020-10-30,Standard,92.36
8085,Olivia Lewis,nicolegarcia@example.net,Germany,2026-02-12,Standard,65.80
8086,Kaitlyn Spencer,vgates@example.com,United States,2023-08-31,Premium,87.92
8087,Zachary Calderon,christina13@example.com,Brazil,2021-01-13,Basic,58.30
8088,Devin Rosales,crystalcohen@example.net,Germany,2024-09-01,Standard,41.52
8089,Michael Howard,courtney47@example.net,France,2025-05-26,Standard,85.34
8090,Joseph Rogers,bradley85@example.com,Japan,2021-10-10,Standard,150.37
8091,Kimberly Robertson,hughesbrent@example.org,India,2023-07-06,Standard,86.92
8092,Jennifer Thomas,christy84@example.com,Japan,2023-01-16,Standard,21.98
8093,Linda Williams,criley@example.net,United States,2023-03-26,Basic,31.83
8094,Chelsea Smith,danielknight@example.net,Brazil,2025-04-01,Standard,178.33
8095,Stephanie Koch,mmarshall@example.org,Australia,2021-09-11,Standard,125.01
8096,Troy Salinas,jerry29@example.org,United States,2021-08-26,Standard,60.30
8097,Laura Gomez,wcole@example.org,India,2023-03-25,Premium,133.61
8098,Rachel Thomas,craig27@example.net,Netherlands,2023-06-20,Standard,65.25
8099,Kristina Harrington,samanthataylor@example.com,Canada,2022-02-28,Standard,51.48
8100,Mr. Brent Powers,torreschristian@example.org,Brazil,2023-09-18,Basic,18.34
8101,Devon Holland,davismary@example.com,Brazil,2025-09-01,Standard,111.45
8102,Michael Jones,alexis46@example.net,Germany,2024-04-20,Standard,127.82
8103,Kari Carpenter,beardtroy@example.org,Canada,2021-08-25,Basic,51.79
8104,Teresa Thornton,nhall@example.net,Canada,2020-07-27,Standard,115.00
8105,Eric Sanchez,msmith@example.com,Australia,2020-06-27,Standard,52.02
8106,Tim Garcia,shelleykramer@example.org,Germany,2022-01-20,Basic,53.27
8107,Wendy Wilkerson,wallacematthew@example.com,France,2023-06-19,Standard,83.00
8108,Donald Diaz,rachelavila@example.org,Netherlands,2026-04-30,Basic,58.05
8109,Thomas Rice,millercarol@example.com,Canada,2025-07-31,Standard,45.98
8110,Gregory Carter,bherrera@example.com,France,2025-10-11,Premium,53.52
8111,Douglas Manning,patrickclark@example.org,France,2021-02-05,Standard,44.78
8112,Kevin Lane,wromero@example.org,Australia,2025-01-16,Standard,24.64
8113,Eric Rodriguez,wattsthomas@example.org,Brazil,2024-09-09,Standard,29.28
8114,Karen Underwood,dandrade@example.net,United Kingdom,2021-08-12,Standard,78.82
8115,Ann Costa,josephprice@example.net,Brazil,2025-12-11,Standard,23.19
8116,Kelly Thompson,vramirez@example.org,Japan,2021-12-14,Basic,121.62
8117,Kenneth York,kimchen@example.net,Japan,2022-10-10,Basic,37.59
8118,Danielle Moore,terri77@example.org,France,2023-06-30,Premium,19.67
8119,Eric Smith,cassandrabanks@example.org,France,2026-05-27,Standard,160.48
8120,Donna Smith,zjones@example.net,United States,2020-07-10,Basic,83.94
8121,Jacob Bradshaw,jchapman@example.com,France,2025-03-18,Standard,30.97
8122,Bradley Chase,qwilliamson@example.net,United States,2023-09-26,Standard,131.56
8123,Daniel Malone,gdoyle@example.org,Australia,2024-09-11,Premium,144.65
8124,Sean Jackson,moorematthew@example.org,United States,2022-09-02,Basic,86.34
8125,Edward Evans,bnelson@example.org,France,2026-07-10,Premium,57.61
8126,Jay Pitts,daniel26@example.com,Canada,2023-09-03,Standard,28.30
8127,Alyssa Martin,scottkenneth@example.org,India,2024-09-09,Basic,98.86
8128,Thomas Rowe,yyoder@example.net,Australia,2023-12-31,Basic,42.62
8129,Mr. Joel Woods,charlesrobinson@example.net,France,2026-07-27,Standard,47.11
8130,Nicholas Bartlett Jr.,mmcguire@example.org,Australia,2026-04-23,Premium,51.18
8131,Michael Thompson,patriciajackson@example.net,Brazil,2021-07-24,Basic,23.70
8132,Noah Thomas,xbowman@example.org,Brazil,2024-06-12,Standard,76.45
8133,Sara Murray,mooremary@example.net,United Kingdom,2024-09-26,Basic,17.06
8134,Scott Russell,donna81@example.net,Germany,2024-07-30,Standard,42.42
8135,Miranda Phillips,thompsonstephen@example.com,United States,2020-12-22,Standard,54.34
8136,Rick Zuniga,hansenthomas@example.org,Japan,2021-02-18,Standard,57.63
8137,Benjamin Case,abigail06@example.org,Canada,2020-03-10,Standard,65.38
8138,Melissa Patton,sabrina93@example.net,Canada,2026-06-21,Standard,98.98
8139,Dennis Kelly,estafford@example.org,Netherlands,2024-06-04,Standard,157.81
8140,Paul Marshall,waynedaniel@example.net,Australia,2026-02-28,Premium,97.66
8141,Charles Smith,asmith@example.net,Australia,2024-11-02,Basic,70.94
8142,Andre Watson II,elizabethlee@example.org,France,2021-12-03,Standard,39.59
8143,James Taylor,clarkthomas@example.net,Netherlands,2025-10-23,Standard,41.25
8144,Andrea Chapman,markhuffman@example.com,France,2025-11-26,Standard,81.73
8145,Colleen Arnold,collinsamy@example.net,United Kingdom,2023-09-09,Premium,98.58
8146,Ronald Mccormick,devin05@example.org,France,2020-10-16,Standard,29.00
8147,Justin Williams,oconnordawn@example.com,Netherlands,2026-08-02,Premium,24.63
8148,Marissa Miller,ashley43@example.net,Australia,2024-05-31,Premium,19.26
8149,Brian Jenkins,frankarroyo@example.com,Canada,2024-09-15,Premium,89.50
8150,Joshua Contreras,qpowell@example.org,Japan,2020-12-18,Basic,37.39
8151,Lisa Barr,aliciaphelps@example.com,Australia,2021-01-17,Standard,70.00
8152,Samantha Olson,ldalton@example.net,Japan,2025-07-07,Standard,22.77
8153,Megan Tran MD,blevinssavannah@example.com,United States,2021-07-24,Standard,54.96
8154,Justin Walker,vpratt@example.org,Canada,2024-11-08,Standard,36.24
8155,Craig Owens,oprice@example.com,Brazil,2024-08-23,Standard,93.04
8156,Tommy Owens,jeremy34@example.net,India,2023-08-06,Basic,43.26
8157,Amy Saunders,lisa66@example.net,India,2020-07-11,Basic,71.46
8158,Janet Powers,raymond16@example.org,United Kingdom,2024-02-18,Premium,40.89
8159,Raymond Stanton,samuel76@example.com,Netherlands,2026-05-15,Standard,64.42
8160,Jane Davis,kcantu@example.net,Australia,2024-12-23,Basic,40.14
8161,Thomas Ball,kaitlyn73@example.org,Netherlands,2024-01-10,Basic,65.56
8162,Theresa Orr,stephenjimenez@example.net,United Kingdom,2024-08-22,Premium,26.89
8163,Richard Richards,alexandercolon@example.net,Brazil,2021-08-19,Standard,57.29
8164,Edgar Watson,ylarsen@example.org,Australia,2026-01-12,Standard,95.11
8165,Deborah Pratt,ledwards@example.net,India,2025-02-07,Basic,51.06
8166,Alison Myers,thart@example.org,United Kingdom,2022-08-25,Premium,30.68
8167,Heather Reed,daniel45@example.com,United Kingdom,2022-09-02,Premium,21.89
8168,Michelle Lane,egonzalez@example.com,France,2021-08-12,Standard,30.04
8169,Jeff Lopez,hday@example.org,France,2024-11-23,Basic,31.67
8170,Rachel Salas,martinezkristine@example.org,Brazil,2021-09-20,Basic,22.65
8171,Paula Campbell,flewis@example.com,India,2026-04-22,Standard,36.58
8172,Joseph Frazier,xharris@example.net,United States,2023-10-02,Basic,206.96
8173,Mrs. Kim Randall,arichardson@example.com,Germany,2025-05-15,Basic,43.00
8174,Jeffrey Duke,okelly@example.com,Netherlands,2024-11-25,Standard,78.95
8175,John Barnes,wbarton@example.org,India,2025-12-07,Standard,59.11
8176,Anthony Wilson,lydiacampbell@example.com,Brazil,2020-02-26,Standard,98.57
8177,Jason Ali,mercadolisa@example.org,India,2023-08-22,Basic,15.90
8178,Kathy Flowers,xmartin@example.com,Canada,2021-10-07,Basic,88.04
8179,Daniel Vasquez,jasonpacheco@example.org,Germany,2024-11-15,Premium,60.49
8180,Jason Porter,cunninghamlaura@example.org,India,2024-05-02,Basic,50.36
8181,Justin Gilbert,websterpaige@example.org,Canada,2024-02-24,Basic,33.30
8182,Lauren Little,robertmartinez@example.com,France,2024-02-17,Premium,40.85
8183,Ronald Daniels,ashaffer@example.org,France,2021-11-10,Standard,68.51
8184,Alexander Jennings,gina41@example.com,United Kingdom,2025-05-17,Premium,32.84
8185,Kimberly Conway,bobby66@example.com,India,2024-06-17,Premium,54.81
8186,Katrina Ross,johnsonmark@example.com,Netherlands,2024-09-28,Basic,139.60
8187,Vanessa Smith,christine22@example.org,United Kingdom,2022-11-15,Basic,28.38
8188,Stephanie Lucas,wmcintosh@example.net,Netherlands,2020-07-08,Standard,84.64
8189,Angela Barrett,darlene44@example.org,Germany,2023-10-12,Standard,94.50
8190,James Quinn,clarkjustin@example.org,France,2024-06-19,Basic,70.72
8191,Alyssa Davenport,lcharles@example.org,Canada,2021-06-15,Basic,43.24
8192,Tina Lara,ebutler@example.net,Brazil,2022-04-11,Standard,54.37
8193,Tyler Webb,lloydcheryl@example.org,France,2022-05-11,Basic,23.08
8194,Darrell Khan,joebaker@example.net,Japan,2020-01-18,Basic,63.99
8195,Lynn Davis,cassandra80@example.net,United Kingdom,2020-04-28,Standard,125.05
8196,Jennifer Russell,rhoward@example.org,Canada,2025-11-10,Basic,114.98
8197,Sharon Cohen,garymoyer@example.org,Australia,2020-12-05,Standard,64.43
8198,Allison Duncan,craighodge@example.net,Australia,2022-07-09,Basic,53.98
8199,Juan Orozco,mgreer@example.net,Germany,2021-11-26,Standard,43.48
8200,Ms. Debbie Wallace,nealrandy@example.net,Germany,2026-08-09,Standard,103.22
8201,Tammy Collins,rittertaylor@example.net,Japan,2023-02-04,Standard,72.34
8202,James Guerra,lauren75@example.com,France,2023-12-30,Premium,56.94
8203,Cynthia Boyle DDS,olopez@example.org,Japan,2021-12-24,Premium,26.45
8204,Mr. Andrew Lee,wilsonemma@example.net,Canada,2022-01-25,Basic,57.25
8205,Valerie Stevens,myersmelissa@example.net,Germany,2024-09-03,Premium,31.01
8206,Evelyn Jones,rcaldwell@example.org,India,2020-11-03,Premium,61.25
8207,Michael Morrison,harveymegan@example.net,Netherlands,2021-05-21,Standard,146.56
8208,Julie Lopez,matthew81@example.com,Brazil,2023-12-08,Basic,63.86
8209,William Miller,burkejohn@example.com,Brazil,2022-11-16,Premium,50.94
8210,Blake Pierce,brenda52@example.com,Germany,2024-05-10,Standard,28.42
8211,Charlene Rodriguez,abell@example.com,Japan,2023-09-29,Premium,44.39
8212,Tonya Black,ubradshaw@example.org,Netherlands,2020-05-22,Standard,55.69
8213,Spencer Mooney,brownsheila@example.net,Canada,2025-06-07,Standard,69.02
8214,Denise Moody,erikbaker@example.org,Australia,2023-03-19,Premium,58.43
8215,Laura Thompson,anthony66@example.org,Japan,2026-04-26,Premium,72.72
8216,Meredith Ramirez,dennisliu@example.com,India,2025-09-18,Standard,49.34
8217,Carol Lara,mjones@example.net,Australia,2020-04-03,Basic,34.60
8218,Benjamin Wilson,haley14@example.org,Canada,2023-01-01,Standard,15.97
8219,Penny Jones,wjackson@example.com,United Kingdom,2026-01-04,Standard,142.57
8220,Robert Hayes,brianlittle@example.net,France,2026-06-30,Premium,64.86
8221,Tyrone Higgins,foxsamantha@example.org,Netherlands,2025-07-07,Standard,62.56
8222,Anthony Macdonald,jatkins@example.com,United States,2020-09-30,Basic,45.17
8223,Jacqueline Lopez,steven36@example.com,United States,2020-08-23,Basic,76.46
8224,Karen Valdez,ujohnson@example.org,Canada,2024-08-14,Standard,47.19
8225,Kenneth Mcgee,carolynlyons@example.net,India,2026-02-26,Basic,17.42
8226,Briana Miller,mosleypamela@example.org,United Kingdom,2020-08-22,Basic,22.98
8227,Janet Davis,timothywhite@example.com,France,2025-02-09,Standard,56.04
8228,Nicholas Miller,fwhite@example.org,France,2022-05-09,Standard,24.26
8229,Joshua Flowers,robertdavis@example.net,India,2020-09-01,Premium,210.07
8230,Michael Walsh,durantamara@example.net,India,2025-05-31,Premium,20.59
8231,Rachael Owen,amandadecker@example.com,France,2024-03-19,Standard,34.93
8232,Linda Hall,veronicabyrd@example.net,Netherlands,2020-02-11,Premium,36.82
8233,Brenda Weaver,fshort@example.org,Netherlands,2024-03-16,Basic,27.31
8234,Angel Rocha,hvelasquez@example.com,Netherlands,2025-07-06,Standard,49.49
8235,James Mosley,turnermelissa@example.net,Canada,2023-12-15,Basic,68.97
8236,Lisa Campbell,smithsheena@example.net,Germany,2021-06-28,Premium,103.40
8237,Julia Logan,vwalter@example.org,France,2024-02-08,Standard,36.72
8238,Ana Sexton,nathanwilkinson@example.net,United States,2026-01-16,Basic,31.78
8239,Julia Wong,melissa13@example.org,India,2021-05-27,Standard,53.81
8240,Douglas Jackson,amanda51@example.net,United Kingdom,2021-06-01,Basic,80.67
8241,Justin Hunter,jamiescott@example.org,United States,2026-05-12,Premium,82.02
8242,Brittany Ochoa,laura10@example.net,Germany,2020-03-21,Standard,49.03
8243,Denise Nguyen,adavis@example.net,United States,2026-02-03,Basic,97.55
8244,Donna Holloway,morganmary@example.net,Japan,2022-12-26,Standard,120.94
8245,Gina Porter,hansenshane@example.org,United States,2024-08-24,Standard,52.97
8246,Olivia Payne,vmcpherson@example.org,Germany,2021-10-12,Premium,54.94
8247,Carl Ruiz,ibauer@example.org,Australia,2023-11-30,Basic,125.10
8248,Mary Wilson,mortonjennifer@example.org,Netherlands,2025-01-06,Basic,75.19
8249,Rachel Scott,mhernandez@example.net,India,2023-12-01,Premium,27.20
8250,Ann Novak,robert31@example.com,United Kingdom,2026-03-25,Standard,35.06
8251,Michelle Smith,erica16@example.com,Germany,2026-05-05,Standard,98.14
8252,Michael Roberts,chenrebecca@example.com,Netherlands,2025-11-26,Standard,10.73
8253,Ana Lang,johnjohnson@example.net,India,2025-02-01,Standard,42.26
8254,Sharon Carter,wilsondenise@example.net,Netherlands,2024-07-21,Standard,48.99
8255,Amy Espinoza,evan67@example.org,India,2024-01-08,Basic,42.18
8256,Patricia Mendoza,mallory73@example.net,United Kingdom,2026-06-23,Standard,68.17
8257,Nicholas Stuart,matthewvaldez@example.net,France,2022-09-07,Basic,34.49
8258,Benjamin Baldwin,elizabeth51@example.org,Germany,2023-12-27,Basic,112.11
8259,David Hill,xnewton@example.com,France,2024-06-05,Basic,27.02
8260,Jose Lee DVM,michaelmartinez@example.net,France,2021-05-10,Basic,102.38
8261,Thomas Osborn,kolson@example.org,Netherlands,2024-11-27,Standard,115.35
8262,Ryan Mclaughlin,shawana@example.com,United States,2022-01-03,Standard,47.56
8263,Daniel George,sstewart@example.com,India,2021-05-20,Standard,82.76
8264,Katelyn Walls,abigailsmith@example.org,Japan,2026-03-30,Standard,93.37
8265,Ryan Smith,xevans@example.net,Brazil,2021-04-29,Standard,86.74
8266,Brittany Robinson,mholmes@example.net,India,2022-03-07,Premium,74.64
8267,Amanda Garcia,randyhall@example.net,Brazil,2026-08-08,Standard,82.45
8268,Monica Daniel,pthompson@example.org,Germany,2024-03-25,Standard,29.82
8269,Lori Peterson,barryjohnson@example.com,United Kingdom,2021-02-17,Standard,64.72
8270,Nicholas Jones,elizabethherrera@example.net,Brazil,2023-01-06,Premium,127.87
8271,Patricia Mcintosh,gjones@example.org,Japan,2026-07-27,Basic,68.19
8272,Gary Weaver,dbyrd@example.net,India,2026-06-18,Basic,14.31
8273,Mathew Odonnell,julie18@example.com,Japan,2026-03-20,Premium,58.94
8274,Kendra Matthews,michaelyoung@example.org,United Kingdom,2023-11-06,Basic,229.64
8275,Mrs. Jennifer Leblanc,caleb32@example.org,Canada,2022-04-11,Basic,97.15
8276,Stacy Smith,lorrainehall@example.com,Brazil,2022-12-08,Premium,81.44
8277,Kathleen Berry,jeffreythomas@example.net,Brazil,2022-04-14,Standard,140.08
8278,Joseph Jones,yvonnegarcia@example.net,Australia,2026-05-06,Standard,98.42
8279,Brady Smith,hessmarcus@example.org,Germany,2022-09-07,Standard,35.75
8280,Mary Erickson,bakeryesenia@example.net,United Kingdom,2020-03-26,Basic,31.80
8281,Judy Yang,ntaylor@example.org,France,2025-04-14,Basic,15.89
8282,Derek Green,gpowell@example.net,United Kingdom,2020-12-15,Standard,32.65
8283,Lisa Green,rlindsey@example.com,United Kingdom,2022-06-10,Standard,24.58
8284,Timothy Williams,tammyabbott@example.org,India,2021-05-14,Basic,116.53
8285,Stanley Young,nelsoncory@example.net,India,2022-04-24,Basic,27.54
8286,Dr. Madeline Aguirre,michaelmcgee@example.org,France,2026-05-01,Basic,79.61
8287,Chad Cooper,watkinsalexander@example.org,Germany,2021-11-21,Premium,47.83
8288,Morgan Carter,freemanjennifer@example.org,United States,2023-04-03,Premium,49.22
8289,Andrew Johnson,paul66@example.net,Netherlands,2024-12-06,Premium,36.44
8290,Joy Richardson,katie37@example.org,Australia,2026-04-09,Basic,72.48
8291,Jessica Martin,joel35@example.com,France,2024-05-07,Basic,43.20
8292,Thomas Hughes,erinwilkerson@example.com,Japan,2020-05-16,Standard,138.53
8293,Travis Hardin,carrkurt@example.net,Brazil,2020-01-30,Standard,42.51
8294,Jackie Evans,oscarobrien@example.com,Brazil,2026-04-23,Standard,59.06
8295,Jordan Jacobs,cindy40@example.org,Japan,2024-04-26,Premium,51.24
8296,Justin Nelson,arogers@example.net,United States,2022-04-08,Standard,20.82
8297,Kylie Owens,carla56@example.net,Germany,2025-02-13,Standard,41.88
8298,Eddie Williams,bward@example.org,Japan,2023-01-27,Standard,44.82
8299,Sonya Johnson,fischermark@example.org,Japan,2025-12-14,Standard,63.52
8300,Rita Jackson,howardtimothy@example.org,France,2023-08-30,Standard,55.70
8301,Amanda Turner,hernandezdaniel@example.org,Canada,2023-08-10,Standard,68.01
8302,Sean Miller,grant08@example.org,United States,2020-12-05,Standard,52.43
8303,Michael Allen,steven87@example.org,Germany,2020-08-13,Premium,34.88
8304,Courtney Snyder,chernandez@example.net,France,2020-10-18,Standard,169.05
8305,Kenneth Palmer,peterjones@example.com,United Kingdom,2020-11-12,Standard,32.45
8306,Sheena Stokes,jason52@example.com,Brazil,2020-10-06,Standard,119.58
8307,Devin Montes,cynthia99@example.com,United States,2020-12-26,Basic,43.46
8308,Bethany Mitchell,robertbrown@example.org,Germany,2025-10-19,Standard,110.84
8309,Monica Simmons,rollinswilliam@example.net,Germany,2020-05-03,Standard,29.84
8310,Paul Blackwell,debra44@example.net,France,2020-07-23,Standard,23.49
8311,Richard Rivera,bradleyerica@example.net,Brazil,2023-03-12,Basic,90.68
8312,Henry Smith,dberry@example.org,Germany,2020-11-04,Premium,54.00
8313,Evelyn Reed,parrishjames@example.com,India,2023-05-19,Standard,63.82
8314,John Mathis,penny29@example.com,Australia,2025-10-23,Standard,73.32
8315,Theresa Sanders,thomas80@example.net,Canada,2022-05-06,Premium,24.98
8316,Cynthia Parker,reneebrown@example.org,India,2025-08-18,Standard,46.98
8317,Megan Martinez,whitemichael@example.com,Brazil,2026-05-02,Basic,39.71
8318,Dakota Johnston,gregory95@example.org,Germany,2022-06-11,Standard,25.54
8319,Brian Johnson,tstephens@example.org,India,2022-11-25,Basic,38.03
8320,Sandra Maxwell,kenneth98@example.org,Germany,2025-03-28,Standard,12.40
8321,Madison Lewis,paul65@example.org,Australia,2022-10-19,Premium,94.38
8322,Jennifer Kim,,France,2025-09-05,Basic,59.88
8323,Jacqueline Morris,kylemartinez@example.com,Canada,2020-04-26,Basic,42.53
8324,Ian Walsh,urichmond@example.net,Brazil,2021-09-03,Standard,78.67
8325,Kyle Sims,robertlopez@example.org,Australia,2025-10-12,Basic,23.24
8326,Kristi Wilson,charlesmoore@example.org,United States,2020-06-21,Standard,11.83
8327,Tracy Sexton,robinsontracy@example.org,Japan,2022-10-19,Basic,33.75
8328,Dr. Kyle Underwood Jr.,beasleystacey@example.net,Japan,2025-08-22,Premium,32.28
8329,Jennifer Cruz,carnold@example.org,France,2021-08-20,Basic,51.36
8330,Samantha Hurley,ghicks@example.com,Germany,2022-04-02,Basic,90.38
8331,Steven Jones,mflores@example.net,Canada,2021-10-25,Standard,142.38
8332,Ashley Durham,tracykramer@example.net,Germany,2024-07-19,Standard,130.08
8333,James Howell,wardjames@example.net,India,2026-07-28,Standard,69.60
8334,Eugene Lewis,timothy38@example.com,Canada,2023-11-22,Basic,74.05
8335,Ann Sloan,xthompson@example.net,India,2024-05-09,Premium,93.85
8336,Brittany Smith,elizabethwood@example.com,Canada,2021-05-19,Standard,42.08
8337,Thomas Franklin,ianwalker@example.org,Australia,2024-12-09,Premium,66.97
8338,Katherine Romero,zdouglas@example.org,Germany,2025-04-18,Premium,57.16
8339,Mark Davis,hannah55@example.org,India,2022-09-25,Standard,26.02
8340,James Barnes,ycharles@example.org,United States,2025-11-06,Premium,19.26
8341,April Scott,kevin67@example.com,United States,2025-09-11,Basic,36.59
8342,Cassandra Camacho,millerwalter@example.org,India,2022-08-23,Standard,38.44
8343,Deanna Ashley,christine35@example.net,Japan,2025-12-12,Premium,119.92
8344,Heather Sullivan,,Canada,2020-11-17,Basic,52.14
8345,Jeremy Webster,nathanvasquez@example.net,Germany,2021-06-13,Premium,23.70
8346,Hunter Cooper,smithkimberly@example.com,Canada,2025-01-01,Standard,57.27
8347,Eric Tran,patriciacrawford@example.com,Australia,2021-10-18,Premium,39.95
8348,Caroline Thompson,williamsonanthony@example.org,India,2021-02-23,Standard,48.00
8349,Jasmine Sanders,larashane@example.com,Japan,2026-01-28,Premium,30.35
8350,Elizabeth Rodriguez,nathanielperkins@example.com,Australia,2021-12-25,Standard,30.06
8351,John Navarro,jessicacollins@example.com,France,2021-05-20,Premium,34.18
8352,Michael Scott,oking@example.org,Netherlands,2025-06-28,Standard,37.54
8353,Tina Miller,toni78@example.net,Brazil,2020-06-30,Basic,34.00
8354,Kelly Phillips,bcastillo@example.org,Canada,2022-04-19,Basic,114.18
8355,Melissa Martinez,chenpatrick@example.org,Japan,2025-08-28,Standard,23.92
8356,Cynthia Hubbard,christopher55@example.org,Netherlands,2024-08-18,Premium,54.10
8357,Daniel Morse,patriciamorrison@example.net,Brazil,2023-06-24,Premium,41.59
8358,Nicole Crawford,janetrandall@example.net,Netherlands,2020-03-17,Premium,69.13
8359,Terry Price,christina34@example.com,Brazil,2021-01-16,Basic,71.71
8360,Mr. Samuel Bradley,lindaphillips@example.com,United States,2022-07-31,Basic,78.68
8361,Christopher Jones,coreysmith@example.com,Netherlands,2020-10-24,Standard,40.29
8362,Kim Martin,bellkarla@example.com,United States,2026-04-12,Standard,83.10
8363,Janet Romero,usalinas@example.net,Brazil,2020-06-27,Basic,25.90
8364,David Richards,jesseyoung@example.com,United Kingdom,2020-06-30,Standard,78.31
8365,Donna Cole,geraldcortez@example.net,India,2020-10-20,Premium,19.80
8366,Robert Wilkins,christophermorales@example.net,United Kingdom,2023-04-04,Standard,91.41
8367,Chelsea Dixon,mariaramirez@example.org,India,2020-01-09,Basic,16.82
8368,Travis Erickson,christian23@example.com,Brazil,2022-01-02,Standard,47.83
8369,Crystal Davidson,victoria51@example.com,United States,2026-03-30,Basic,55.97
8370,Joy Wood,jonesmatthew@example.com,Australia,2022-08-19,Basic,53.80
8371,James Compton,mullennathan@example.net,India,2022-05-29,Basic,35.88
8372,Jasmine Moore,matthew17@example.org,Germany,2021-01-08,Standard,33.91
8373,Elizabeth Webb,ryanmacdonald@example.com,Australia,2023-11-18,Basic,87.38
8374,Victor Pope,nicholethompson@example.net,United Kingdom,2023-03-02,Premium,68.22
8375,Emily Cruz,mark19@example.com,Germany,2024-12-09,Standard,22.98
8376,Gavin Foley,natasha18@example.net,Canada,2021-10-12,Standard,19.27
8377,Regina Ortega,stonejessica@example.net,Brazil,2026-01-18,Standard,146.23
8378,Brian Austin,kayla07@example.net,Germany,2023-09-24,Standard,61.27
8379,Leslie Murphy,valenciachristina@example.net,Netherlands,2022-06-17,Standard,66.69
8380,Ryan Leblanc,perezdaniel@example.com,Germany,2025-03-03,Standard,77.36
8381,Dean Richards,estone@example.com,India,2024-04-02,Standard,91.91
8382,Jessica Williams,hendersontodd@example.com,Australia,2023-02-07,Basic,80.34
8383,Bailey Coleman,zjordan@example.net,India,2023-02-18,Basic,59.07
8384,Jose Mcdonald,andrewsanford@example.com,United States,2026-04-27,Premium,56.50
8385,Angela Richardson,lindsey15@example.com,Netherlands,2023-03-19,Standard,56.09
8386,Brian Tran,rosskristen@example.net,Netherlands,2023-11-15,Basic,48.18
8387,Ms. Christina Dixon,millererika@example.com,Japan,2023-09-11,Standard,52.41
8388,Steven Lin,hansenluke@example.net,Australia,2023-01-21,Standard,121.26
8389,Jamie Stewart,qbrooks@example.org,Germany,2020-10-30,Basic,88.56
8390,Donna Lopez,taylorclifford@example.org,France,2020-04-01,Basic,29.83
8391,Janet Montgomery,ncastro@example.net,Brazil,2021-01-28,Standard,48.16
8392,Sabrina Marshall,odavis@example.net,France,2023-11-18,Standard,43.17
8393,Mario Jackson,rodriguezamy@example.com,United Kingdom,2020-10-14,Standard,31.33
8394,Jill Villa,nicole02@example.org,France,2023-12-31,Basic,365.18
8395,Jenna Summers,bradleymedina@example.com,United States,2021-05-12,Standard,66.22
8396,Brianna Elliott,aaron62@example.net,Germany,2025-03-24,Basic,32.75
8397,Michelle Harris,edwardnorman@example.net,India,2024-02-08,Standard,53.14
8398,Selena Gonzalez,ajackson@example.net,Germany,2022-06-15,Standard,74.11
8399,Amanda Sanders,zanderson@example.org,Japan,2024-10-04,Standard,83.50
8400,Kathleen Richmond,tara90@example.com,United Kingdom,2023-01-14,Standard,21.30
8401,Jade Kramer,stephenwade@example.com,Netherlands,2022-01-05,Standard,49.95
8402,Mitchell Castro,vaughankatrina@example.net,India,2023-10-31,Basic,141.39
8403,Amber Hahn,anneblack@example.com,Netherlands,2023-04-04,Standard,18.75
8404,Nathan Hubbard,lfreeman@example.com,United Kingdom,2022-05-10,Standard,73.12
8405,Luis Norman,pattersonstacey@example.org,Germany,2024-02-15,Premium,11.20
8406,Christopher Daniel,johnsonkari@example.com,United States,2026-03-12,Premium,26.37
8407,Rebecca Smith,veronicalane@example.net,Brazil,2026-01-08,Basic,26.94
8408,Stephanie Evans,ealvarez@example.com,United Kingdom,2021-12-01,Standard,31.63
8409,Troy Oliver,traceycampbell@example.org,United Kingdom,2026-01-06,Standard,27.44
8410,Kaitlyn Castaneda PhD,lisadavis@example.org,Canada,2022-11-17,Basic,67.25
8411,Mary Baker,chapmanyolanda@example.com,France,2026-05-16,Standard,96.13
8412,Michael Palmer,ljohnson@example.net,Germany,2023-08-10,Basic,67.18
8413,Thomas Garcia,raymondbruce@example.com,Brazil,2023-07-25,Standard,47.05
8414,Haley Clarke PhD,nicolerandolph@example.net,Netherlands,2023-08-30,Premium,90.96
8415,Kimberly Mckinney,sandrawalsh@example.net,Brazil,2020-12-01,Standard,33.64
8416,Juan Haynes,yvette19@example.com,Japan,2022-12-28,Premium,56.71
8417,Carolyn Jackson,robert74@example.net,India,2024-05-28,Standard,37.17
8418,Alejandra Russell,qwaller@example.org,United States,2020-12-27,Standard,96.74
8419,Karina Taylor,sdavis@example.net,Canada,2020-10-14,Premium,57.21
8420,Tracy Russell,lisa88@example.com,Netherlands,2022-02-26,Premium,102.46
8421,Jeffrey Johnson,gainesjoseph@example.org,Japan,2020-08-06,Standard,56.94
8422,Ashley Spencer,mooredana@example.net,Canada,2023-11-26,Standard,82.89
8423,Brian Silva,vazquezbrian@example.com,France,2021-06-10,Basic,112.21
8424,Christopher Bennett,ubishop@example.org,United Kingdom,2022-06-23,Basic,88.62
8425,Benjamin Collins,taylor02@example.org,Netherlands,2025-08-04,Standard,41.96
8426,Kevin Burgess,hardindavid@example.com,Brazil,2025-10-30,Standard,77.94
8427,April Cooper MD,,Japan,2021-09-05,Standard,93.37
8428,Michelle Vasquez,kmitchell@example.com,United States,2024-06-09,Premium,70.74
8429,Andrea Hensley,lacey72@example.com,India,2026-05-18,Standard,149.27
8430,Charles Clark,djohnson@example.com,Australia,2024-12-20,Premium,29.45
8431,Angela Graham,sarah57@example.org,Brazil,2024-05-09,Basic,54.87
8432,Angela Thomas,sgonzalez@example.org,United Kingdom,2024-06-08,Premium,16.26
8433,Angela Hall,garciaangel@example.net,Netherlands,2020-11-28,Standard,67.16
8434,Kevin Simpson,talvarado@example.net,Brazil,2025-07-23,Standard,28.82
8435,Joel Jefferson,zacharywalker@example.net,Japan,2023-10-15,Standard,32.46
8436,Michael Evans,jessicathomas@example.com,United Kingdom,2025-12-08,Standard,74.15
8437,Robert Davis,davidanderson@example.net,Japan,2024-12-27,Premium,189.92
8438,Michele Ward,brandon04@example.net,France,2021-11-01,Standard,55.99
8439,Ronnie Warner,josephadams@example.net,United Kingdom,2026-04-04,Standard,47.05
8440,Angela Mason,roy66@example.org,India,2025-05-20,Standard,47.73
8441,Hector Fry,taylorsamantha@example.com,Netherlands,2024-01-29,Basic,32.62
8442,John Kline,dana97@example.net,India,2021-06-25,Premium,49.06
8443,Kathleen Sanders,rkelly@example.com,India,2023-04-16,Basic,75.04
8444,Eric Dixon,kbrock@example.net,Germany,2022-04-06,Basic,174.75
8445,Susan Lewis,wstark@example.net,Australia,2023-01-08,Premium,73.73
8446,Dawn Gomez DDS,kimberly21@example.com,United Kingdom,2024-07-04,Standard,164.93
8447,Brandon Smith,jennifer42@example.org,Brazil,2021-02-10,Standard,22.46
8448,Jonathan Duran,leslieoliver@example.org,Germany,2025-07-03,Basic,67.78
8449,Anthony Larson,robertojones@example.com,India,2021-06-17,Standard,41.46
8450,Manuel Ray,herrerajeremy@example.com,Germany,2026-02-26,Standard,34.79
8451,David Smith,johnsonstephen@example.net,Australia,2024-06-25,Premium,85.37
8452,Matthew Rubio,jimenezbarry@example.net,Japan,2021-07-27,Standard,162.00
8453,Vanessa Johnson,joseph51@example.org,Netherlands,2021-07-08,Premium,41.88
8454,Faith Morris,gregory20@example.net,Netherlands,2023-04-23,Premium,145.30
8455,Heather Lozano,vickigarcia@example.net,Japan,2025-06-11,Premium,119.33
8456,Andrea Neal,autumn59@example.org,United States,2020-02-21,Standard,89.46
8457,Angel Gardner,hamiltonmatthew@example.org,United States,2025-04-01,Premium,31.11
8458,Andrew Wright,brewerkatie@example.org,United States,2021-04-28,Standard,52.78
8459,Debra Serrano,james36@example.org,Netherlands,2020-09-16,Premium,63.93
8460,Gail Collins,harrisoneric@example.org,Netherlands,2021-06-09,Standard,91.79
8461,Jennifer Jimenez,baxtercory@example.com,Australia,2021-07-24,Basic,54.95
8462,Christopher Brooks,nicolaswilson@example.org,United States,2025-01-01,Standard,60.99
8463,Linda Mcintosh,michael35@example.com,Brazil,2023-09-13,Standard,44.56
8464,Robert Stokes,christopherbeck@example.org,Japan,2025-09-01,Premium,95.99
8465,David Estrada,cordovapriscilla@example.org,United Kingdom,2021-06-23,Premium,63.60
8466,Dakota Benson,iterry@example.net,United States,2026-03-28,Standard,81.19
8467,Donald Dalton,fdudley@example.com,Netherlands,2025-11-07,Standard,158.11
8468,Brian Anderson,hinesaaron@example.com,Canada,2021-06-22,Basic,91.04
8469,Deanna Hayes,jennifer84@example.net,United States,2020-12-20,Standard,42.66
8470,Edward Rodriguez,christinecoleman@example.org,United Kingdom,2026-07-25,Premium,83.14
8471,Michael Farley,melissalopez@example.org,United Kingdom,2021-09-20,Standard,64.27
8472,Megan West,bryan75@example.org,Brazil,2024-09-05,Basic,36.02
8473,Debbie Rojas,paul82@example.com,United Kingdom,2025-05-29,Basic,43.29
8474,Cristian Murillo,zhansen@example.com,Brazil,2020-01-09,Standard,40.31
8475,Abigail Burnett,katrina79@example.org,Japan,2020-08-09,Standard,25.54
8476,Krystal Sosa,parkcandace@example.com,United States,2023-07-19,Standard,86.31
8477,Cory Durham,paul36@example.com,Canada,2022-10-17,Standard,122.20
8478,Joseph Wright,katherineyang@example.net,France,2025-01-28,Standard,53.65
8479,Bobby Miller,fcook@example.org,Brazil,2021-01-02,Standard,42.05
8480,Luke Hudson,melaniehoward@example.net,United Kingdom,2024-08-01,Standard,32.52
8481,Patricia Bartlett,rachelduke@example.net,Netherlands,2023-07-16,Basic,120.15
8482,Olivia Reyes,macknicole@example.com,Brazil,2020-01-20,Standard,28.59
8483,John Smith,brian87@example.com,Germany,2020-08-08,Standard,23.10
8484,Dr. Christopher Bradford DDS,amy33@example.com,India,2025-06-26,Standard,13.23
8485,Patricia Sullivan,michelle42@example.org,United Kingdom,2024-01-24,Standard,119.24
8486,Mary Velasquez,jason93@example.net,India,2026-05-16,Premium,21.48
8487,Christina Warner,sjohnson@example.org,Brazil,2026-04-21,Standard,41.79
8488,Thomas Mcgee,christinegreene@example.net,Germany,2023-01-08,Premium,191.02
8489,Jennifer Frazier,yramirez@example.com,France,2021-02-05,Basic,67.49
8490,Tammy Jenkins,heathelizabeth@example.net,India,2025-06-03,Standard,141.94
8491,Linda Collins,lward@example.com,United Kingdom,2025-08-10,Standard,40.39
8492,Frank Blankenship,weissgregory@example.net,Australia,2021-09-29,Standard,90.51
8493,Lindsey Lynn,stevenmartinez@example.net,Brazil,2020-11-29,Basic,134.51
8494,Crystal Evans,hansonbrenda@example.org,Brazil,2026-05-24,Basic,46.36
8495,Jonathan Campbell,lruiz@example.org,Brazil,2023-10-24,Standard,71.06
8496,April Thompson,bradley14@example.com,Netherlands,2022-11-18,Basic,35.18
8497,Matthew Gomez,christophervargas@example.com,United States,2025-04-10,Standard,45.17
8498,Nicholas Cisneros,feliciablack@example.net,France,2026-03-03,Basic,27.29
8499,Gabriel Mcconnell,fowlerwilliam@example.org,United Kingdom,2024-10-06,Basic,130.53
8500,Audrey Rodriguez,saracamacho@example.net,Japan,2025-04-01,Standard,90.77
8501,Rita Spears,worr@example.net,Germany,2020-05-29,Premium,39.79
8502,Caleb Gordon,vchristensen@example.org,United Kingdom,2020-10-21,Standard,70.03
8503,Cheryl Chavez,djohnson@example.org,Brazil,2025-06-09,Standard,132.85
8504,Jordan Rodriguez,riosfrank@example.org,United States,2024-08-17,Standard,134.99
8505,Phyllis Mcpherson,adrianhickman@example.com,United States,2020-07-29,Standard,20.43
8506,Marcus Mathews,ndowns@example.net,India,2022-10-14,Basic,13.18
8507,Dennis Diaz,swalters@example.com,Germany,2020-08-16,Standard,42.71
8508,Rachel Carroll,wthompson@example.com,France,2023-12-26,Basic,140.36
8509,Lisa Olson,kimberly52@example.org,United States,2022-01-25,Premium,53.35
8510,Justin Flores,whitecrystal@example.net,Netherlands,2024-07-04,Basic,36.76
8511,Nicholas Shaw,megan22@example.org,France,2020-02-21,Basic,39.57
8512,Kyle Sandoval,ymahoney@example.net,United Kingdom,2021-10-27,Premium,62.62
8513,Sean Young,pwest@example.net,United States,2022-09-21,Standard,42.00
8514,Anthony Sims,anthonyross@example.org,Japan,2024-01-13,Basic,52.87
8515,Heather Gallegos,vmiller@example.com,Japan,2021-01-13,Basic,30.00
8516,Barbara Nash,mlopez@example.com,Canada,2020-09-19,Standard,22.51
8517,Sara Nelson,chadbailey@example.com,Canada,2020-04-16,Premium,86.46
8518,Marvin Lewis,sharris@example.com,Japan,2025-06-20,Premium,65.35
8519,Amy Cruz,hsanchez@example.com,United Kingdom,2026-04-05,Basic,41.10
8520,Jonathan Velez,rcarey@example.com,Germany,2020-06-07,Premium,29.07
8521,Kristen Rivera,cooktammy@example.org,Netherlands,2021-01-15,Basic,60.59
8522,Nicholas Griffin,ian88@example.net,Japan,2024-05-11,Basic,99.85
8523,Shawn Davis,anelson@example.org,Japan,2023-12-06,Premium,68.73
8524,Ryan Watson,michelle82@example.net,Netherlands,2021-10-09,Standard,45.83
8525,Melissa Wallace,lmiller@example.com,France,2021-01-18,Premium,19.82
8526,Derek Guerrero,alexis09@example.com,Netherlands,2023-07-27,Basic,82.89
8527,Frank Marsh,brent71@example.net,United States,2025-07-11,Standard,70.73
8528,Catherine Hobbs,urodriguez@example.com,Japan,2024-12-14,Basic,68.26
8529,Monica Brown,moodystacey@example.net,United States,2023-04-13,Basic,83.16
8530,Valerie Shannon,andrea13@example.org,Japan,2026-01-06,Standard,170.75
8531,Madison Combs,james16@example.net,United Kingdom,2025-12-27,Standard,94.17
8532,Ricky Brown,gomezdavid@example.org,India,2020-05-06,Standard,57.29
8533,Sue Trevino,zjohnson@example.com,India,2023-01-31,Basic,209.78
8534,John Sandoval,xhodge@example.com,India,2021-12-10,Standard,76.64
8535,Michelle Brown,cruzalejandro@example.org,Canada,2021-01-29,Standard,24.63
8536,Daryl Arnold,wroberts@example.org,Japan,2020-04-08,Basic,18.03
8537,Jesse Smith,andrew14@example.net,India,2024-09-07,Basic,51.37
8538,Brian Lee,rhondariddle@example.org,United Kingdom,2023-12-12,Standard,40.81
8539,Heather Moore,michellehamilton@example.com,Australia,2024-06-14,Basic,44.47
8540,Juan Mahoney,jonessarah@example.org,United States,2025-05-29,Premium,52.76
8541,Janice Ryan,robertdunn@example.org,Germany,2024-11-20,Premium,76.41
8542,Daniel Mccarty,markfields@example.com,Germany,2020-12-29,Standard,101.02
8543,Mike Ortiz,ifrench@example.com,Brazil,2023-11-05,Basic,40.38
8544,Jessica Yu,mark68@example.net,France,2025-11-05,Basic,131.62
8545,Leah Rivera,natalieharvey@example.com,United States,2022-02-14,Premium,49.26
8546,Sheila Cardenas,whitecrystal@example.net,Australia,2025-09-04,Standard,22.15
8547,Ellen Gibson,christina07@example.net,India,2023-06-15,Standard,40.75
8548,Robert Wells,john02@example.org,United Kingdom,2023-06-16,Standard,29.21
8549,Dr. Kristi Smith MD,diana50@example.net,Canada,2025-10-31,Basic,76.96
8550,Mrs. Angel Mccullough DDS,romerosean@example.net,Netherlands,2025-02-21,Standard,95.16
8551,Ashley Williams,nealkatelyn@example.com,Japan,2026-01-26,Premium,13.54
8552,Michael King,psmith@example.net,Germany,2024-03-12,Standard,83.66
8553,Cesar Mcpherson,meredith32@example.com,Japan,2023-01-25,Standard,36.12
8554,Angelica Carroll,hartkristen@example.org,United Kingdom,2020-07-29,Standard,50.81
8555,Kelly Boyle,jessica26@example.com,Germany,2023-05-11,Premium,55.32
8556,Carrie Humphrey,russellmichael@example.com,Germany,2025-07-06,Premium,33.62
8557,Kelly Dickson,hornadam@example.net,Germany,2021-11-15,Standard,62.75
8558,Elizabeth Ellis,tmay@example.net,United States,2021-10-17,Standard,49.25
8559,Tom Jordan,lmartin@example.net,Netherlands,2025-03-03,Premium,38.26
8560,Dustin Hansen,christiancampos@example.net,Canada,2021-05-02,Basic,21.30
8561,Scott Mcmahon,griffithtravis@example.org,Canada,2025-04-30,Standard,30.76
8562,Jermaine Ruiz,garzatina@example.net,Japan,2022-06-11,Basic,58.26
8563,Emma Cochran,christophersmith@example.org,Germany,2023-07-14,Premium,125.52
8564,Gary Stephens,uterrell@example.net,Netherlands,2025-09-08,Standard,44.19
8565,Laura Williams,nealmichael@example.org,Netherlands,2023-05-12,Premium,68.37
8566,Kara Perez,simpsonsandra@example.com,Australia,2020-08-06,Standard,34.59
8567,Ashley Schmitt,hbarton@example.net,Australia,2025-01-12,Standard,13.32
8568,Scott Hines,colefrederick@example.org,Australia,2020-06-16,Basic,17.82
8569,Stephanie Nichols,nguyentiffany@example.net,Brazil,2024-02-23,Standard,77.11
8570,Daniel Kim,cmcknight@example.com,Germany,2023-05-10,Premium,44.67
8571,David Larsen,tsullivan@example.com,Netherlands,2024-09-18,Basic,56.32
8572,Casey Walters,briana60@example.com,Netherlands,2021-06-03,Basic,81.19
8573,Allen Bryant,stephanieflynn@example.org,Canada,2020-03-03,Basic,37.80
8574,Stephanie Graham,darrellphelps@example.net,Australia,2024-09-24,Standard,29.59
8575,Melissa Woods,ypowers@example.net,United States,2021-01-24,Standard,34.91
8576,Carolyn Weaver,gary90@example.net,India,2023-09-14,Standard,185.94
8577,Evelyn Hunter,kelly06@example.net,India,2022-08-14,Premium,56.78
8578,Robin Perez,traceyjones@example.org,Netherlands,2024-12-07,Premium,308.98
8579,Gabriel Clark,morsekenneth@example.org,Brazil,2021-11-01,Standard,50.21
8580,Christopher Johnson,robert50@example.com,Brazil,2025-01-09,Basic,119.35
8581,Anna Hardy,gail41@example.com,United States,2025-08-17,Basic,88.28
8582,Mr. Daniel Alexander,state@example.org,Netherlands,2024-08-13,Basic,100.00
8583,Calvin Anderson,scottmary@example.com,Brazil,2024-07-22,Standard,60.58
8584,Shane Sherman,simmonsmorgan@example.com,United States,2024-06-18,Standard,62.41
8585,Tim Goodwin,steeleamanda@example.com,Netherlands,2025-02-10,Standard,43.03
8586,Jessica Taylor,burtonbrett@example.net,United Kingdom,2020-05-25,Standard,60.38
8587,Paul Shepard,stephaniewoods@example.org,Japan,2021-10-10,Premium,121.55
8588,Kyle Hampton,jpitts@example.org,France,2021-12-06,Basic,187.66
8589,Stacy Boyd,ogalvan@example.com,France,2022-01-06,Standard,96.81
8590,Andrew Moreno,fbeltran@example.net,India,2022-12-12,Standard,108.70
8591,James Jones,katherine91@example.net,Canada,2022-01-12,Standard,24.24
8592,Brenda Brown,lfrench@example.org,France,2020-08-17,Standard,28.85
8593,Julie Wade,donald17@example.org,Canada,2023-08-30,Standard,30.91
8594,Karen Macias,swagner@example.net,Australia,2023-09-16,Basic,74.05
8595,Teresa Ford,ingramjonathan@example.net,France,2024-04-27,Basic,20.04
8596,Kevin Russell,jefferywade@example.net,Australia,2025-06-22,Standard,39.16
8597,Elizabeth Donaldson,angela13@example.org,United States,2024-02-14,Premium,87.71
8598,Jeanne Wilson,nicolejohns@example.com,Brazil,2023-05-16,Basic,101.75
8599,Richard Miller,john93@example.org,Germany,2024-09-20,Basic,51.51
8600,Thomas Gray,kschwartz@example.com,Netherlands,2023-02-24,Standard,50.90
8601,Michele Armstrong,francoaustin@example.net,United States,2022-09-25,Premium,35.15
8602,Charles Horton,mcguirechristopher@example.net,United Kingdom,2023-11-14,Basic,105.36
8603,Elizabeth Smith,bnguyen@example.com,Australia,2021-07-25,Standard,25.75
8604,Anthony Perez,trananna@example.net,Canada,2025-06-10,Basic,36.49
8605,Benjamin Morgan,tturner@example.org,Netherlands,2020-02-29,Premium,60.90
8606,Megan Anderson,gabriel61@example.net,Brazil,2023-05-17,Basic,65.78
8607,Robert Tyler,murphyjennifer@example.org,India,2023-12-27,Premium,121.60
8608,Andrew Hughes,krystallewis@example.com,Brazil,2021-12-24,Premium,55.71
8609,Lindsey Brandt,debramontoya@example.net,Germany,2025-03-20,Premium,83.08
8610,Holly Dodson,stacey37@example.net,Netherlands,2025-09-28,Standard,86.07
8611,Jacqueline Johnson,dawn08@example.net,United States,2020-01-22,Standard,45.07
8612,Cheryl Cruz,tanyarogers@example.com,United States,2022-04-27,Standard,73.68
8613,Kayla Blackwell,heather33@example.org,Australia,2026-07-14,Premium,102.30
8614,Samantha Morris,jessica52@example.net,Canada,2021-11-13,Standard,31.13
8615,Dr. Deanna Orozco PhD,lisa28@example.com,Australia,2025-05-02,Standard,67.22
8616,Shannon Young,dylanibarra@example.net,India,2024-08-21,Standard,84.16
8617,Robert Fuller,sarahlewis@example.com,Brazil,2023-10-02,Standard,33.56
8618,Katherine Mcmahon,danielmartinez@example.net,France,2020-03-14,Standard,57.27
8619,Christopher Bean,sharrison@example.net,Germany,2020-03-02,Basic,54.96
8620,Thomas Jones,judithwood@example.net,Canada,2023-10-10,Basic,66.44
8621,Kirsten Bates,joneszachary@example.org,France,2023-08-08,Basic,17.90
8622,Christine Burke,romerobrenda@example.org,Australia,2021-03-28,Standard,26.73
8623,Matthew Hart,lopezlinda@example.net,India,2020-10-25,Basic,101.19
8624,Peter Berger,bshort@example.org,France,2020-04-09,Basic,25.46
8625,Madison Gardner,annarussell@example.net,Canada,2021-09-19,Standard,166.86
8626,Joshua Ware,joel58@example.com,France,2021-05-03,Basic,84.48
8627,Kelly Ayala,william80@example.com,Canada,2020-05-02,Premium,57.18
8628,Joyce Hawkins,lhopkins@example.com,Japan,2021-02-24,Premium,89.32
8629,Timothy Douglas,whitejustin@example.com,India,2025-07-22,Standard,80.78
8630,Theresa Silva,rnelson@example.org,Brazil,2024-10-12,Standard,71.97
8631,John Watson,jjohnson@example.net,United Kingdom,2026-05-20,Premium,15.29
8632,Kevin Johnson,lauramcfarland@example.net,Brazil,2022-03-02,Standard,85.86
8633,Robin Summers,steven89@example.net,Japan,2022-12-21,Standard,100.61
8634,Marcus Kelly,deborahlawson@example.org,United Kingdom,2021-05-19,Premium,51.62
8635,Denise Deleon,hbutler@example.net,Germany,2021-10-14,Premium,131.19
8636,Jason Knight,amber45@example.com,Netherlands,2023-01-19,Basic,88.67
8637,David Fleming,denisejackson@example.com,Germany,2024-03-07,Basic,67.80
8638,Ronnie Watkins,hunterchad@example.com,Brazil,2025-07-30,Premium,34.65
8639,Jeff Brooks,ttrujillo@example.com,United Kingdom,2024-06-15,Standard,68.42
8640,Tammy Bell,sarah08@example.net,India,2024-05-01,Standard,100.69
8641,Sean Mcmillan,williamsbradley@example.org,United Kingdom,2025-06-08,Standard,92.17
8642,Suzanne Butler,donnamckenzie@example.com,India,2022-03-21,Basic,27.14
8643,Carrie Beasley,hdorsey@example.com,Japan,2022-05-07,Basic,41.37
8644,Robert Nelson,andrew44@example.org,Netherlands,2024-04-30,Premium,45.57
8645,Duane Gonzales,amanda61@example.net,Canada,2025-07-20,Standard,24.93
8646,Rebecca George,scott82@example.com,Netherlands,2026-04-25,Standard,45.24
8647,Terri Crane,reidrhonda@example.net,Australia,2024-02-25,Standard,23.40
8648,Pamela Marshall,walkermichael@example.net,Germany,2022-05-03,Premium,23.59
8649,Aaron Mann,rodney43@example.org,Netherlands,2020-05-10,Premium,110.80
8650,Ashley Villegas,vbrown@example.com,Brazil,2025-04-10,Standard,37.98
8651,Yvonne Francis,jamieochoa@example.com,United States,2022-07-06,Basic,105.88
8652,Lisa Henderson,rhardy@example.com,Germany,2020-10-22,Basic,91.40
8653,David Hines,colinpetty@example.com,Germany,2021-10-23,Standard,150.46
8654,Patrick Richard,rkline@example.org,Netherlands,2022-02-14,Standard,132.59
8655,Amber Park,patrickorr@example.org,United States,2023-01-19,Standard,42.47
8656,Vincent Watson,terry88@example.com,United Kingdom,2024-04-05,Premium,31.36
8657,Shaun Thompson,dennis11@example.net,United States,2023-03-18,Standard,40.40
8658,Jordan Davis,reginaldpaul@example.org,Australia,2020-09-01,Basic,73.30
8659,Joshua Jones,ccochran@example.net,India,2025-06-02,Standard,66.94
8660,Patricia Brady,stevenlucas@example.net,Netherlands,2025-08-19,Basic,54.49
8661,Michael Nelson,alicia88@example.org,Canada,2022-05-14,Standard,18.48
8662,Robert Drake,ryan57@example.net,United Kingdom,2023-04-02,Standard,155.13
8663,Douglas Sanford,wwalsh@example.org,India,2020-09-21,Premium,63.95
8664,Michael Sparks,dmitchell@example.org,United Kingdom,2022-10-14,Premium,85.18
8665,Thomas Martinez,shanebentley@example.net,Australia,2023-08-21,Standard,115.74
8666,Jose Sutton,ramosdavid@example.org,India,2024-12-17,Standard,33.33
8667,Jessica Lawrence,riverajoseph@example.org,India,2021-06-06,Premium,118.21
8668,Brian Collier,shayes@example.org,Brazil,2021-12-30,Standard,155.47
8669,James Lee,samantha88@example.com,Australia,2021-05-30,Basic,87.44
8670,Cameron Wagner,michealwalton@example.org,United States,2021-05-04,Basic,59.56
8671,Kathryn Johnson,vflores@example.com,Japan,2021-06-21,Standard,44.21
8672,Rachel Carlson,campbellcarlos@example.org,United Kingdom,2021-04-16,Standard,55.20
8673,Jason Smith,hgarza@example.net,Germany,2024-03-12,Basic,218.92
8674,Laura Carson,qmoran@example.com,United States,2020-02-26,Premium,48.82
8675,Miguel Parrish,trevormedina@example.org,Brazil,2021-05-22,Standard,44.30
8676,Latasha Fitzgerald,mperkins@example.org,United Kingdom,2021-03-16,Premium,72.96
8677,Victoria Potts,lisaporter@example.net,Germany,2020-08-22,Standard,86.13
8678,Chelsea Suarez,abigailhobbs@example.org,United Kingdom,2025-03-12,Standard,29.70
8679,Michael Baldwin,adam31@example.net,United States,2025-10-16,Premium,37.14
8680,David Morris,zgreen@example.com,Germany,2022-07-19,Premium,65.03
8681,Suzanne Murphy,jessicafranco@example.org,France,2022-03-29,Standard,86.73
8682,Kelly Guerrero,kevin67@example.net,France,2020-05-12,Premium,31.38
8683,John White,waltonpatricia@example.net,India,2021-07-08,Standard,34.40
8684,Eric Cowan,andersonvirginia@example.net,United States,2022-05-22,Standard,242.11
8685,Sarah Mitchell,gglenn@example.com,Japan,2020-11-20,Standard,22.18
8686,Thomas Keller,mccormickjohn@example.net,United States,2021-10-12,Standard,29.06
8687,Rebecca Powell,amandadelacruz@example.org,France,2020-08-08,Premium,108.79
8688,Gabrielle Burton,ostewart@example.net,Netherlands,2024-03-01,Premium,61.52
8689,Chad Holloway,mckenzie12@example.org,Canada,2025-03-05,Basic,30.41
8690,Christopher White,laura80@example.com,France,2021-07-20,Basic,139.76
8691,Yesenia Miller,tyler03@example.org,Australia,2023-04-22,Standard,22.31
8692,Joshua Smith,stevenwalter@example.org,Brazil,2020-09-29,Standard,76.14
8693,Kristina Rosales,jramirez@example.net,Germany,2025-08-25,Basic,105.54
8694,Zachary Wolf,michael79@example.org,Netherlands,2025-01-08,Standard,55.45
8695,Rebecca Evans,barkerjessica@example.org,Netherlands,2021-11-16,Premium,36.60
8696,Jacob Douglas,robinsoncourtney@example.org,Canada,2023-03-16,Basic,87.58
8697,David Pacheco,hbrown@example.net,United Kingdom,2024-05-03,Basic,53.97
8698,Tracy Martinez,ghill@example.com,Netherlands,2024-01-03,Basic,39.65
8699,Sheila Mcgee,hunterroberts@example.org,India,2022-02-16,Standard,34.36
8700,Shawn Moore,bryan02@example.org,Germany,2025-09-17,Standard,29.14
8701,Mitchell Edwards,robinsonbecky@example.net,India,2025-06-30,Basic,60.49
8702,Christopher Garcia,campbelljacob@example.org,Australia,2023-06-24,Standard,43.18
8703,Amy Wolf,kimberly91@example.com,Canada,2023-11-22,Basic,101.71
8704,John May,jeffrey21@example.org,Japan,2024-01-21,Standard,33.98
8705,Rebecca Randolph,lisachase@example.net,United States,2021-08-07,Standard,75.03
8706,Maria Watts,cynthiapittman@example.net,Canada,2026-02-14,Standard,46.63
8707,Sheila Washington,weberashley@example.net,Canada,2020-08-09,Premium,64.38
8708,Sara Garcia,andrewrodriguez@example.net,Brazil,2020-01-26,Premium,60.67
8709,Yvonne Miller,joshua31@example.com,India,2020-09-22,Premium,30.81
8710,Robin Boyd,daniel04@example.net,Japan,2024-11-12,Standard,80.27
8711,Maria Johnson,russellelizabeth@example.com,Japan,2024-07-18,Premium,21.23
8712,Cheryl Wang,jensenjacob@example.org,India,2023-02-14,Standard,56.55
8713,Bonnie Andersen,deborahbarnett@example.org,United Kingdom,2020-07-30,Premium,43.19
8714,Jason Cross,brettlutz@example.com,Germany,2026-08-11,Premium,99.66
8715,Brenda Roth,beardronald@example.org,India,2026-01-18,Standard,47.17
8716,William Hayes,linda01@example.org,India,2024-09-09,Standard,57.09
8717,Lauren Shaffer,lauren32@example.com,France,2024-05-30,Standard,91.81
8718,Sharon Hicks,bcontreras@example.com,United Kingdom,2023-11-12,Standard,31.60
8719,Samantha Dawson,kcarey@example.org,Netherlands,2026-05-18,Basic,36.40
8720,Andrew Smith,lorithomas@example.net,Australia,2023-01-05,Standard,41.53
8721,Kelly Scott,bchristensen@example.com,Netherlands,2021-10-19,Standard,39.54
8722,Carol Salinas,garcialaura@example.net,Canada,2020-12-05,Standard,15.92
8723,Gary Newman,april90@example.com,Brazil,2025-06-17,Basic,54.07
8724,Vanessa Peterson,jasminedunn@example.com,Netherlands,2023-04-07,Standard,27.85
8725,Sarah Thomas,xturner@example.com,India,2021-09-15,Basic,45.80
8726,David Nelson,jacksonanna@example.org,Netherlands,2020-06-29,Basic,33.35
8727,Mark Butler,jeremiah84@example.org,Australia,2024-03-22,Standard,47.03
8728,Anthony Joseph,pwagner@example.org,United Kingdom,2023-12-23,Standard,42.04
8729,Jennifer Morgan,gordongrace@example.org,United States,2021-04-19,Basic,91.90
8730,Robert Kim,hendrixjonathan@example.org,France,2021-11-09,Basic,93.87
8731,Larry Reed,christian74@example.net,United States,2026-05-23,Basic,22.91
8732,Mallory Turner DVM,kingnancy@example.net,Brazil,2024-01-24,Standard,53.84
8733,Jacob Shepard,karismith@example.com,Brazil,2021-01-08,Standard,56.88
8734,Renee Oneal,whitealicia@example.org,United Kingdom,2024-06-26,Standard,29.70
8735,Catherine Palmer,sarah94@example.com,Japan,2022-09-16,Standard,44.46
8736,Judy Marks,claireberry@example.net,France,2021-09-26,Premium,42.44
8737,Jennifer Robinson,samuelnixon@example.net,United States,2020-07-30,Basic,25.42
8738,Rachel Torres,christina55@example.org,France,2021-12-26,Standard,38.68
8739,Andrea Hamilton,rschmidt@example.com,India,2024-12-03,Standard,32.17
8740,Virginia Cortez DDS,williamhull@example.org,India,2023-12-10,Basic,65.54
8741,Kathy Luna,michaelmartin@example.org,Brazil,2024-01-11,Premium,44.43
8742,Steven Wood,patrick31@example.org,Germany,2025-10-06,Standard,120.31
8743,Michael Hoover,peter63@example.org,Germany,2023-11-20,Basic,53.90
8744,James Phillips,jamescarpenter@example.org,India,2024-10-15,Standard,26.14
8745,Nicole Higgins,oestrada@example.com,Germany,2026-01-13,Basic,51.91
8746,Yolanda Peterson,melinda46@example.net,Brazil,2023-08-07,Basic,94.83
8747,Janet Hernandez,hannahlee@example.net,Australia,2022-05-28,Standard,46.81
8748,James Aguirre,qberg@example.net,India,2024-01-10,Basic,61.89
8749,Nicole Winters,xknapp@example.com,India,2026-03-22,Standard,67.55
8750,Hunter Hicks,zcollins@example.org,Japan,2026-06-17,Standard,59.35
8751,Jennifer Duncan,westchristopher@example.com,Japan,2025-05-04,Standard,62.76
8752,Maria Hickman,christinacosta@example.com,France,2023-12-18,Standard,67.85
8753,Kathy Stewart,larryharris@example.net,United Kingdom,2024-08-23,Premium,73.82
8754,Diane West,robert83@example.com,Japan,2021-10-19,Premium,21.61
8755,Patrick Brown,chad33@example.net,Australia,2021-01-23,Basic,63.49
8756,Raymond Williams,sosastacy@example.com,India,2020-10-13,Basic,42.70
8757,Timothy Franco,justinbolton@example.org,Netherlands,2022-12-11,Standard,22.83
8758,Tammie Carr,pattersonjodi@example.net,Germany,2026-03-11,Standard,33.37
8759,Janet Spencer,burtonphilip@example.net,Brazil,2021-06-07,Standard,105.87
8760,Savannah Winters,hbennett@example.net,Japan,2021-10-19,Basic,28.19
8761,Christina Jackson,roy03@example.com,United Kingdom,2020-11-16,Basic,21.26
8762,Brett Howell,david66@example.org,Germany,2022-02-13,Standard,63.87
8763,Gabrielle Graham,christopherwalker@example.com,Australia,2020-01-07,Standard,60.26
8764,Michael Randall,mhall@example.org,Canada,2020-08-26,Basic,89.97
8765,Christopher Cobb Jr.,fleach@example.net,United States,2022-10-09,Premium,79.50
8766,Jeffrey Gomez,jennifer61@example.com,Australia,2021-10-25,Standard,50.20
8767,Christopher Foster,afuller@example.com,United States,2025-07-06,Premium,29.25
8768,Robin Morgan,lisascott@example.net,United Kingdom,2021-04-27,Standard,65.90
8769,Anita Jordan,sthompson@example.com,United States,2022-09-04,Basic,166.80
8770,Allison Larson,robertoturner@example.net,Germany,2021-12-04,Premium,34.43
8771,Dana Stone,samantha78@example.org,Brazil,2026-07-01,Basic,56.67
8772,Brian Long,henryalexander@example.net,Netherlands,2022-06-02,Premium,128.23
8773,David Holden,amontes@example.com,Canada,2024-04-17,Premium,117.97
8774,Kimberly Cruz,patelmark@example.net,Australia,2026-04-06,Standard,163.90
8775,Luke Clements,scarroll@example.org,United States,2022-10-26,Premium,92.00
8776,Cory Acevedo,robert91@example.org,United Kingdom,2021-02-05,Standard,32.46
8777,Michael Gallagher,hbaxter@example.com,Japan,2022-09-16,Premium,36.74
8778,Angela Sullivan,brian44@example.org,India,2025-07-06,Basic,27.57
8779,Joseph Lee,harrisadam@example.org,United States,2022-02-15,Premium,64.27
8780,Jose Smith,zdavis@example.org,Netherlands,2021-07-08,Standard,53.53
8781,Melanie Mills DDS,edwardsdenise@example.com,Germany,2021-05-23,Standard,155.92
8782,Kevin Shaw,alyssa40@example.org,Canada,2025-02-02,Standard,66.68
8783,Judy Barker,serranoamanda@example.net,Japan,2024-06-10,Standard,63.91
8784,Kimberly Goodman,elizabeth44@example.com,India,2022-07-03,Premium,31.99
8785,Tonya Vargas,petersonjessica@example.org,France,2023-08-12,Basic,64.24
8786,Michael Bowman,david14@example.net,United Kingdom,2022-11-30,Premium,68.53
8787,Darryl Lewis,mariarichardson@example.net,France,2022-04-19,Basic,31.43
8788,Jeffrey Richards,daniel81@example.com,United States,2020-08-15,Standard,42.81
8789,Timothy Mcknight,natashamcpherson@example.org,United Kingdom,2020-09-02,Basic,43.55
8790,Felicia Williams,randy36@example.net,Canada,2025-06-30,Standard,60.49
8791,Dana Harris,leonmark@example.org,Japan,2025-04-09,Standard,54.72
8792,Jennifer Martinez,lhernandez@example.org,India,2023-12-24,Basic,27.46
8793,Ann Hogan,joselee@example.com,France,2023-11-18,Basic,87.30
8794,Samantha Robinson,prestonmarcus@example.com,Netherlands,2020-01-26,Premium,28.57
8795,Joanne Anderson,gsmith@example.org,India,2023-09-03,Premium,35.33
8796,Robert Murphy,qjohnson@example.com,Germany,2021-10-30,Standard,26.32
8797,Mark Miles,pamelalowe@example.org,France,2023-09-03,Standard,74.22
8798,Amanda Andrews,xjohnson@example.net,Japan,2026-07-18,Standard,88.42
8799,Victoria Willis,otorres@example.net,Brazil,2021-03-02,Premium,41.58
8800,Jennifer Chambers,joshuabenton@example.com,Netherlands,2022-07-10,Premium,41.21
8801,Jason Rosario,natasha63@example.org,Netherlands,2023-09-06,Standard,64.00
8802,Christy White,christensenemily@example.org,Japan,2024-07-14,Premium,32.99
8803,Douglas Perez,perezraymond@example.org,Australia,2022-04-09,Standard,127.36
8804,Allen Hardy,danielsrobert@example.org,Netherlands,2020-01-07,Standard,63.00
8805,Lisa Cross,tara06@example.org,Canada,2020-10-22,Basic,70.72
8806,William Garcia,hillkelly@example.net,Brazil,2022-05-11,Standard,51.47
8807,Lauren Jones,hopkinsalicia@example.net,Japan,2021-06-18,Basic,89.49
8808,Joshua Rice,wileykristine@example.net,Japan,2025-12-26,Standard,256.60
8809,Jasmine Zuniga,jameslang@example.net,Australia,2025-10-16,Basic,43.25
8810,Lisa Brown,vpatterson@example.com,United Kingdom,2024-04-10,Standard,38.30
8811,Jonathan Chavez,singhjason@example.org,Canada,2020-05-20,Premium,35.82
8812,Matthew Smith,broberts@example.com,Germany,2020-04-13,Basic,47.01
8813,Nicholas Rogers,nathanhayes@example.com,United Kingdom,2020-10-05,Basic,78.41
8814,Kimberly Mendoza,jon83@example.com,Australia,2022-08-06,Premium,33.73
8815,Joshua Bailey,george09@example.com,Japan,2021-07-18,Premium,37.42
8816,Natasha Lawrence,gina79@example.net,France,2022-12-01,Standard,144.84
8817,Susan Johnson,adamwilson@example.com,Japan,2025-08-24,Standard,183.94
8818,Mrs. Michele Lawrence DVM,trichardson@example.org,United Kingdom,2024-02-01,Premium,116.00
8819,Tina Hensley,whayes@example.com,Brazil,2020-11-27,Standard,60.24
8820,William Christensen,howard09@example.net,Netherlands,2021-03-03,Basic,54.49
8821,Melanie Robinson,kelly89@example.com,Japan,2023-02-11,Premium,74.66
8822,Jeremy Herman,melendezmichael@example.com,France,2025-08-31,Standard,41.13
8823,Deanna Briggs,boylehaley@example.com,India,2024-12-29,Basic,84.54
8824,Mark Lang,zpearson@example.net,United States,2023-09-14,Basic,57.73
8825,Cody Baker,john29@example.org,Brazil,2025-05-20,Basic,70.93
8826,Kenneth Davis,mitchelladam@example.com,Canada,2020-04-10,Basic,122.99
8827,Karen Miranda,connorjoseph@example.com,United Kingdom,2025-06-03,Standard,19.91
8828,Ana Mahoney,uaguirre@example.com,France,2023-08-12,Basic,30.83
8829,Matthew Mccullough,cruzjessica@example.org,Netherlands,2022-02-20,Basic,228.79
8830,Amanda Morales,xhines@example.net,Japan,2024-07-11,Standard,59.05
8831,Jenny Frederick,nicholejenkins@example.org,United States,2023-10-30,Basic,144.49
8832,Teresa Daniels,whitekatrina@example.net,United States,2024-05-28,Basic,97.42
8833,Mr. James Valenzuela,orogers@example.com,United Kingdom,2024-02-01,Standard,30.03
8834,Sharon Rodriguez,broberson@example.org,United States,2023-11-13,Premium,75.91
8835,Donald Carr,joshuahoffman@example.org,United States,2023-06-09,Basic,40.41
8836,Kyle Jenkins,rachel18@example.net,Australia,2024-06-27,Standard,54.94
8837,Rachel Hardin,hannahcastillo@example.com,Brazil,2021-05-15,Standard,68.14
8838,James Barnes,dixonruth@example.com,Japan,2022-10-18,Basic,82.08
8839,Jeremy Holder,jamesvaughn@example.net,Netherlands,2022-04-12,Basic,146.58
8840,Connor Browning,sandrabuchanan@example.org,Japan,2026-07-18,Standard,46.94
8841,Annette Simmons,ileblanc@example.net,Germany,2020-04-11,Basic,59.36
8842,Andrea Adams,ashley97@example.org,United States,2026-02-06,Premium,24.17
8843,Michael Gilbert,halexander@example.com,France,2022-09-27,Basic,39.89
8844,Noah Marshall,alexandrawheeler@example.com,United States,2024-11-09,Premium,49.43
8845,Laura Knight,hgilmore@example.org,Germany,2024-01-26,Premium,23.95
8846,Amanda Anderson,ginaramirez@example.net,Netherlands,2023-07-01,Premium,111.78
8847,Justin Oconnor,barnettolivia@example.org,United Kingdom,2023-10-09,Standard,119.49
8848,Eric York,ocampbell@example.org,Brazil,2023-06-21,Standard,25.95
8849,Elizabeth Juarez,kimberly84@example.org,United States,2021-03-25,Standard,16.31
8850,John Morgan,sandra28@example.com,United Kingdom,2025-12-07,Standard,133.70
8851,Justin Jones,wstewart@example.net,India,2026-02-16,Basic,34.40
8852,Rose Mercer,yvette39@example.org,Netherlands,2023-02-26,Standard,82.04
8853,Christopher Foster,juliaharris@example.org,Germany,2022-12-13,Basic,83.99
8854,Emily Hart,mary81@example.net,Canada,2023-10-16,Premium,160.02
8855,Robert Hall,tatedustin@example.net,United Kingdom,2024-08-15,Standard,94.40
8856,Michael Patterson,armstrongdavid@example.com,United Kingdom,2025-02-09,Premium,66.48
8857,Angela Jackson,janet82@example.net,Brazil,2023-10-18,Premium,56.98
8858,Kenneth Bennett,eddie87@example.org,Brazil,2020-09-29,Basic,58.24
8859,Rachel Savage,ronald52@example.org,France,2021-07-24,Standard,41.79
8860,Robert Roberson,richard44@example.org,United States,2023-12-22,Basic,81.17
8861,Gregory Richardson,jenniferhardin@example.com,United States,2023-03-04,Basic,45.10
8862,Amy Lopez,okeith@example.com,Germany,2026-06-05,Premium,140.25
8863,Suzanne Sampson,gonzalescarlos@example.org,Canada,2025-08-10,Premium,152.99
8864,Jordan Rice,teresa57@example.com,Brazil,2026-03-06,Premium,218.18
8865,Melissa Stevens,tonyarowe@example.com,Canada,2022-05-11,Basic,28.38
8866,Tiffany Bell,alvarezkaylee@example.net,Germany,2023-01-11,Standard,63.54
8867,Kaitlyn Hoover,swilliamson@example.org,Netherlands,2026-04-03,Basic,108.70
8868,Kathy Davis,masontony@example.com,Australia,2024-12-13,Premium,50.05
8869,Daniel Holmes,ricerebecca@example.org,India,2021-03-15,Standard,124.69
8870,Bob Hodge,gordonsteven@example.net,India,2020-01-28,Basic,55.93
8871,Deanna Freeman,kathleensmith@example.org,France,2025-05-10,Standard,17.87
8872,Gary Hamilton,mccormickkari@example.org,Netherlands,2023-02-14,Premium,21.84
8873,Tammy Oneal,linda00@example.org,Canada,2025-08-23,Standard,61.01
8874,Daniel Miller,egamble@example.com,Netherlands,2020-06-14,Basic,44.57
8875,John Hanna,kristystevens@example.com,Canada,2024-05-10,Standard,29.37
8876,Ashley Dillon,seanbanks@example.org,Germany,2025-07-14,Basic,78.43
8877,Nicole Ware,thomas12@example.com,Netherlands,2024-04-08,Standard,38.28
8878,Stephanie Hughes,whitneyanderson@example.com,Australia,2025-11-15,Standard,51.45
8879,Sean King,dukevictoria@example.org,United Kingdom,2026-07-30,Basic,86.23
8880,Kathryn Key,bkim@example.org,Germany,2023-10-05,Basic,30.20
8881,Melissa Daniels,millerandrew@example.org,France,2023-04-25,Standard,96.50
8882,Jonathan Nunez,michaeljones@example.net,Brazil,2020-03-21,Standard,38.18
8883,Thomas Hensley,tylertanner@example.com,Australia,2022-09-20,Standard,33.05
8884,Kathleen Rodriguez,kennethjennings@example.org,Brazil,2021-11-15,Standard,72.79
8885,Philip Spencer,jasonmartinez@example.com,Brazil,2021-01-14,Basic,189.04
8886,Sarah Flores,dawnwalker@example.org,Germany,2025-04-20,Standard,93.68
8887,Thomas Mitchell,franknicole@example.com,Germany,2024-08-17,Standard,36.89
8888,Corey Phillips,anthony54@example.com,Australia,2025-03-30,Basic,168.13
8889,John Hogan,mccallrobert@example.net,United States,2024-01-25,Standard,156.43
8890,Destiny Garcia,jennyevans@example.net,Japan,2021-01-26,Basic,200.38
8891,Karl Simpson,ehancock@example.net,Brazil,2022-11-20,Standard,57.51
8892,Reginald Edwards,jodi60@example.org,Brazil,2025-10-29,Basic,42.07
8893,Jacob Owens MD,matthew94@example.org,Japan,2026-04-29,Standard,119.86
8894,Haley Hayes,ravensweeney@example.net,United Kingdom,2023-03-31,Standard,13.25
8895,Carla Moore,larry97@example.net,Canada,2020-09-20,Basic,121.38
8896,Tammy Williams,shari43@example.com,India,2025-05-02,Premium,58.37
8897,Jacqueline Boyer,frankvickie@example.net,France,2025-08-29,Basic,41.86
8898,Laura Young,taylortodd@example.org,United States,2025-09-16,Standard,63.83
8899,Billy Branch,bjohnson@example.net,United States,2022-07-21,Basic,77.01
8900,Kristin Anderson,kadams@example.com,Brazil,2024-04-01,Standard,44.49
8901,Benjamin Rivera,rebeccajames@example.org,Netherlands,2023-07-10,Basic,13.18
8902,Paula Lynch,danielvelez@example.com,France,2025-01-28,Standard,47.05
8903,Brian Richards,murphylaura@example.net,Japan,2020-07-29,Premium,141.22
8904,Richard Martin,ortizbruce@example.com,Brazil,2026-01-09,Standard,83.03
8905,Anthony Townsend,macdonaldcharles@example.net,Brazil,2026-04-11,Premium,35.48
8906,Dana Hernandez,washingtondaniel@example.net,India,2023-03-29,Premium,33.53
8907,Luis Warren,murraywendy@example.com,United States,2023-11-19,Premium,16.27
8908,Richard Ball,xray@example.net,Germany,2023-09-16,Premium,91.21
8909,Edwin Mcgee,joan45@example.net,Germany,2023-01-10,Premium,108.65
8910,Amanda Gibson,aprilyoung@example.com,France,2026-06-14,Basic,33.21
8911,Brenda Arnold,hornandrea@example.com,Brazil,2025-10-24,Standard,30.99
8912,Yvonne Payne,fcross@example.org,Brazil,2023-08-15,Premium,87.33
8913,Glenda Middleton,cynthiajennings@example.org,Canada,2024-12-05,Premium,18.48
8914,Eugene Spencer,apoole@example.net,Germany,2022-08-14,Basic,94.80
8915,Ryan Harris,pauljames@example.org,Australia,2022-12-13,Standard,24.83
8916,Jason Patterson,frankrussell@example.com,Canada,2020-06-19,Standard,139.79
8917,Leslie Torres,christinamason@example.com,Australia,2024-04-13,Basic,67.34
8918,Melissa Thompson,cummingsanthony@example.net,Brazil,2021-11-17,Basic,39.72
8919,Cassandra Collins,wharris@example.net,Netherlands,2025-09-11,Basic,105.37
8920,Gregory Fuller,marthacannon@example.org,Netherlands,2022-04-15,Standard,72.23
8921,Angela Bowers,geoffreyjordan@example.net,Canada,2021-09-10,Basic,74.78
8922,John Gonzalez,pthompson@example.net,United States,2021-12-30,Basic,87.02
8923,Gabriel Robinson,tiffanyschmidt@example.org,Canada,2020-01-16,Standard,42.40
8924,Kimberly Rodriguez,devon00@example.org,Japan,2024-02-17,Basic,29.55
8925,Joseph Mays,samanthasanchez@example.org,Australia,2021-01-15,Standard,68.33
8926,Chad Garrett,michaelcharles@example.org,United Kingdom,2024-01-31,Standard,246.45
8927,Andres Lang,ibell@example.org,Australia,2023-02-14,Standard,102.06
8928,Kevin Ray,marvin05@example.net,United States,2024-04-17,Standard,57.99
8929,Alfred Lara,franklinjennifer@example.org,Australia,2024-06-16,Premium,56.66
8930,Michael Rodriguez,millerheather@example.com,France,2022-09-28,Basic,100.48
8931,Christopher Gordon,jessicacooper@example.org,Netherlands,2022-10-08,Premium,22.43
8932,Andrew Knight,brian82@example.com,United Kingdom,2023-10-22,Standard,92.84
8933,Anna Jacobs,asanchez@example.com,India,2025-03-11,Premium,44.29
8934,Amanda Wood,trevorbarry@example.org,United Kingdom,2025-12-02,Basic,89.12
8935,Barbara Simpson,david68@example.net,Australia,2024-04-28,Standard,61.39
8936,Rebecca Phillips,kbrown@example.com,Japan,2021-10-04,Basic,41.27
8937,Shawn Yu,matthewcarlson@example.org,United States,2025-02-02,Standard,35.06
8938,Dr. Heather Hubbard,kevindillon@example.net,Australia,2021-11-24,Standard,62.19
8939,Adam Ayala,shellyguerrero@example.com,Netherlands,2020-08-10,Premium,57.63
8940,Cheryl Lucas,englishandrea@example.com,Netherlands,2025-10-28,Basic,78.82
8941,Angel Gardner,megan58@example.com,Brazil,2021-05-21,Standard,42.94
8942,Jerry Kennedy,shannon17@example.org,United Kingdom,2023-04-11,Basic,123.61
8943,Robert Price,dblankenship@example.org,United Kingdom,2024-09-07,Standard,44.16
8944,John Mccall,mitchellkimberly@example.org,Japan,2023-12-13,Standard,79.24
8945,Ana Dean,jim68@example.org,France,2022-04-30,Standard,91.47
8946,Scott Phelps,aherrera@example.net,Germany,2022-10-10,Standard,167.16
8947,Roberto Stewart,bwu@example.net,United Kingdom,2020-03-07,Standard,74.97
8948,Elizabeth Warren,jennifer55@example.org,Germany,2023-01-24,Standard,97.76
8949,Jason Guzman,kevin43@example.net,Australia,2026-02-01,Standard,148.33
8950,Hailey Richards,aross@example.org,India,2020-03-11,Premium,65.40
8951,Thomas Marks,kleinjeremy@example.org,Netherlands,2026-04-20,Standard,64.57
8952,Sarah Williamson,stacy55@example.org,Canada,2022-09-23,Standard,42.12
8953,Jacob Williamson,rmurray@example.com,Netherlands,2020-10-08,Standard,27.49
8954,Brad Garcia,zwilson@example.com,India,2025-01-08,Basic,32.19
8955,Kathryn Jones,lynnbenitez@example.net,Germany,2026-01-11,Standard,86.58
8956,Kelly Boone,ybarrett@example.com,Canada,2024-01-12,Basic,39.97
8957,Richard Lynn,ashleyallen@example.net,India,2024-02-03,Basic,130.20
8958,Amber Davidson,lorispencer@example.org,Canada,2025-11-04,Basic,25.56
8959,Zachary Nelson,oraymond@example.com,United Kingdom,2023-12-26,Basic,91.51
8960,Sharon Butler,aestrada@example.com,Germany,2026-04-16,Standard,64.25
8961,Morgan Hensley,mayerrachael@example.com,Japan,2024-08-22,Standard,57.89
8962,Jeremy Smith,ogonzalez@example.net,India,2021-12-07,Premium,33.95
8963,Jennifer Shelton,perkinsglenn@example.com,Netherlands,2024-11-11,Standard,82.31
8964,Laura Alexander,simpsonyolanda@example.org,Australia,2020-03-07,Premium,201.16
8965,Rhonda Lee,antoniosingleton@example.com,France,2024-06-12,Basic,60.49
8966,Ryan Mcgrath,wilsonbrittany@example.com,United Kingdom,2025-12-06,Basic,201.42
8967,Emily Jackson,shane48@example.com,Brazil,2022-01-21,Standard,26.22
8968,Devin Freeman,wrightshannon@example.net,Canada,2026-02-28,Standard,18.23
8969,Annette Burch,robin50@example.org,Netherlands,2024-12-01,Standard,19.16
8970,Jordan Graham,smithjonathan@example.net,Brazil,2023-09-21,Basic,66.16
8971,William Roach,margaretmiller@example.org,Brazil,2024-09-15,Premium,65.88
8972,Dr. Richard Jennings,lindsay62@example.org,Canada,2023-03-03,Standard,51.15
8973,Nicholas Wagner,jennifer75@example.net,Germany,2024-09-15,Standard,24.09
8974,Kurt Sanchez,btaylor@example.org,Canada,2022-02-18,Basic,61.47
8975,Lauren Lawrence,sharon87@example.net,Brazil,2022-07-05,Standard,97.40
8976,Ashley Smith,melissahopkins@example.org,Netherlands,2024-08-11,Basic,111.03
8977,Erin Ellis DVM,drakewilliam@example.org,India,2024-02-17,Standard,39.15
8978,Brian Mercer,garzajames@example.com,Japan,2023-11-30,Basic,57.36
8979,Stacey Wilkins,william81@example.net,Japan,2021-09-30,Basic,46.27
8980,Michael Jones,bflowers@example.com,India,2021-09-22,Premium,39.94
8981,Laura Lynch,matthew07@example.com,France,2021-02-01,Standard,39.50
8982,Anthony Payne,kfrye@example.com,France,2026-03-17,Basic,46.75
8983,Antonio Tanner,josephstanley@example.com,India,2026-06-18,Standard,47.66
8984,Amy Bryant,gwendolyn59@example.net,United States,2022-10-26,Premium,55.08
8985,Danielle Burns,freemanmaria@example.com,India,2025-07-07,Standard,74.39
8986,Jeff Meyer,cameronmaria@example.net,Japan,2023-03-02,Standard,24.85
8987,Nicholas Long,brucemcdonald@example.net,India,2023-02-24,Basic,153.54
8988,James Larson,jesus01@example.org,Australia,2020-05-19,Standard,37.32
8989,Kenneth Wallace,aliciastevens@example.org,Brazil,2022-08-22,Premium,51.81
8990,Joseph Wells,ashleykimberly@example.org,France,2024-08-13,Basic,40.11
8991,Mario Livingston,owilliams@example.org,Japan,2022-02-20,Standard,31.67
8992,Nicole Rodriguez,josegonzalez@example.org,France,2023-04-09,Standard,91.56
8993,Audrey Smith,kelseyrogers@example.org,United Kingdom,2023-11-11,Premium,36.71
8994,David Campbell,robert65@example.com,Canada,2020-12-04,Basic,29.28
8995,Todd Lee,newmanjason@example.com,Australia,2026-06-09,Basic,44.00
8996,Michele Evans,michael71@example.org,France,2024-12-05,Premium,90.18
8997,John Camacho,treynolds@example.org,Brazil,2023-10-22,Standard,154.83
8998,Lisa Wright,davidwright@example.org,Australia,2025-12-27,Basic,70.30
8999,Stacey Jackson,pfox@example.net,Brazil,2026-01-26,Premium,20.61
9000,Raymond Simpson,barbarahamilton@example.net,France,2022-09-20,Standard,108.92
9001,Alyssa May,carrillodawn@example.org,United States,2022-01-27,Basic,130.27
9002,Lee Jacobs,jacobgutierrez@example.net,Netherlands,2020-10-29,Standard,70.20
9003,Mr. Cody Bernard,bcastro@example.com,Japan,2022-05-31,Premium,19.35
9004,Philip Graham,shannon95@example.com,Canada,2022-01-31,Standard,172.68
9005,Thomas Thompson,thomas76@example.org,Japan,2024-08-16,Basic,94.15
9006,Karen Rodriguez,,United Kingdom,2023-11-23,Standard,19.59
9007,Cody Dougherty,cruzbrenda@example.com,United States,2025-07-24,Standard,69.53
9008,Andrew Smith,brandilewis@example.org,United States,2025-06-18,Basic,37.92
9009,Teresa Cummings,brendabarrett@example.com,United Kingdom,2024-12-25,Standard,80.34
9010,Jeremy Krause,vickie71@example.org,United Kingdom,2026-08-01,Standard,105.28
9011,Justin Nelson,reyesbrad@example.org,Australia,2023-09-09,Basic,103.56
9012,Michael Ponce,christineburke@example.net,United States,2024-03-27,Standard,44.07
9013,Laura Pierce,davidhanson@example.net,Netherlands,2021-05-20,Basic,52.36
9014,Teresa Silva,catherine05@example.net,Germany,2025-04-03,Premium,134.10
9015,Stacey Wilson,william46@example.com,India,2022-11-30,Basic,46.19
9016,Michael Henderson,randalljessica@example.com,United States,2025-07-25,Standard,51.62
9017,Jorge Johnson DDS,iguzman@example.com,Brazil,2020-01-30,Premium,34.85
9018,Benjamin Watson,tyronesmith@example.net,India,2025-09-24,Basic,50.63
9019,Greg Price,derrickbrown@example.org,Netherlands,2020-12-25,Basic,32.28
9020,William Hoover,veronica90@example.org,Germany,2022-09-09,Premium,67.91
9021,Alexander Vargas,halealan@example.com,United Kingdom,2020-06-04,Basic,25.38
9022,Tyler Mcmahon,markkelley@example.com,Netherlands,2026-02-17,Premium,59.87
9023,Tyler Meyer,joneslaura@example.com,France,2022-06-25,Standard,42.79
9024,Caleb Moore,dorothyallen@example.net,Netherlands,2024-03-17,Basic,34.81
9025,Tina Ramirez,waynemartinez@example.org,India,2020-12-30,Standard,56.49
9026,Jasmine Herrera,browntyler@example.org,France,2023-12-12,Standard,33.40
9027,Nicholas Jefferson,jason37@example.com,France,2021-12-10,Standard,33.85
9028,Charles Fuentes,nicholas29@example.com,Japan,2020-11-15,Standard,45.07
9029,John Mason,michaelamoore@example.com,Germany,2021-04-27,Standard,31.84
9030,Mark Williams,darlenerobinson@example.net,Brazil,2022-04-14,Standard,75.26
9031,Brett Santos,henryhernandez@example.com,Australia,2025-10-18,Premium,58.24
9032,Sally Robinson,allison44@example.net,Netherlands,2024-03-30,Standard,57.16
9033,Laura Barajas,simonzachary@example.org,Netherlands,2026-05-02,Standard,80.01
9034,Brian Atkinson,keithkent@example.net,Germany,2025-09-03,Standard,60.65
9035,Christopher Hunt MD,wzavala@example.net,United Kingdom,2022-03-14,Standard,40.88
9036,Dennis Payne PhD,anthonyharvey@example.net,United Kingdom,2020-03-22,Standard,48.86
9037,Sandra Hill,cherylrussell@example.com,Netherlands,2022-03-12,Basic,83.09
9038,Eric Glover,matthew94@example.com,Germany,2020-03-28,Basic,56.60
9039,Cole Conner,fmorse@example.org,Germany,2023-12-02,Basic,76.38
9040,Michael Watson,theresaking@example.org,France,2023-02-03,Standard,48.53
9041,Anna Costa,olittle@example.com,United Kingdom,2021-04-08,Basic,66.60
9042,Brian Heath,tiffanyjones@example.com,Netherlands,2025-04-09,Basic,46.79
9043,Jamie Lozano,yking@example.net,France,2020-04-06,Premium,56.61
9044,Karen Ward,ejohnson@example.org,France,2020-11-25,Basic,79.64
9045,Courtney Diaz,pearsonjeffrey@example.org,India,2022-07-19,Standard,269.98
9046,Bryan Rogers,kelseyvaldez@example.com,Canada,2023-01-14,Standard,46.48
9047,Blake Hall,daniel03@example.net,Canada,2023-11-10,Premium,45.94
9048,Bethany Johnson,lydiataylor@example.net,United States,2022-07-02,Basic,170.22
9049,Lydia Hampton,iperez@example.org,Australia,2021-12-27,Standard,35.86
9050,Shelby Hawkins,nixonrandy@example.com,United States,2023-03-03,Basic,31.34
9051,Marcus Gutierrez,afisher@example.com,Japan,2021-09-30,Basic,16.72
9052,Nicole Hicks,amy86@example.org,Japan,2021-02-03,Premium,75.61
9053,Laura Weber,bedwards@example.net,Japan,2020-07-17,Premium,86.34
9054,Timothy Torres,audrey11@example.org,Germany,2023-09-07,Basic,67.74
9055,Danielle Peck,alicialee@example.org,Australia,2021-05-14,Standard,22.58
9056,Jonathan Foster,james96@example.net,Japan,2020-02-17,Basic,95.71
9057,Nicole Abbott,brianhowe@example.org,India,2023-03-03,Standard,111.10
9058,Tiffany Mcintyre,kimberly32@example.org,Netherlands,2023-01-31,Basic,122.57
9059,Stephen Duran,petersendoris@example.com,Japan,2020-11-16,Standard,49.93
9060,Michael Barnett,morganvirginia@example.com,Australia,2022-08-22,Basic,43.59
9061,Jason Brooks,sandra59@example.org,India,2020-09-20,Standard,37.50
9062,Joseph Smith,bhoffman@example.net,United Kingdom,2024-10-14,Standard,106.60
9063,Patrick Wilcox,lsmith@example.org,Canada,2020-04-20,Basic,63.31
9064,William Harvey,michele39@example.org,Japan,2023-05-09,Standard,54.69
9065,Christy Holmes,davidblackwell@example.org,Canada,2024-03-22,Basic,45.30
9066,Shane Fitzgerald,craigmartin@example.net,India,2020-06-14,Premium,74.79
9067,Jason Reynolds,wesleywhitaker@example.org,United States,2020-08-20,Standard,149.34
9068,William Hansen,smithtara@example.com,Canada,2026-08-11,Standard,98.46
9069,Ruth Davis,jenniferjackson@example.org,Canada,2023-10-12,Basic,51.08
9070,Valerie York,rasmussenkatherine@example.org,Brazil,2022-09-17,Basic,39.03
9071,Mr. Todd Bowman,tmorton@example.net,Brazil,2024-10-08,Premium,31.34
9072,Jennifer Kerr,perkinsemily@example.com,United Kingdom,2024-01-23,Standard,48.26
9073,Felicia Jones,curtisjohnson@example.net,Australia,2020-08-17,Standard,156.01
9074,Cynthia Kennedy,donald36@example.com,United Kingdom,2020-04-11,Premium,101.46
9075,Alexandria Acevedo,pamela72@example.net,Australia,2021-02-20,Standard,70.43
9076,Jacqueline Perkins,jamesweiss@example.com,France,2024-04-29,Standard,35.30
9077,Timothy Chan,rebecca48@example.org,Canada,2026-06-21,Basic,171.79
9078,Angel Miller,julie36@example.org,Japan,2025-10-09,Standard,22.45
9079,Noah House,yshah@example.net,France,2024-04-11,Premium,33.29
9080,Jacob Green,stevenhernandez@example.net,India,2025-07-05,Premium,72.20
9081,Ashley Lewis,richardgreene@example.com,France,2022-07-28,Standard,91.85
9082,Beth Hays,smithashley@example.com,United Kingdom,2021-01-19,Premium,29.76
9083,Brandy Hill,sarahhall@example.com,Japan,2024-05-11,Standard,44.20
9084,Bonnie Butler,dianeperez@example.com,India,2021-03-18,Premium,47.34
9085,Brenda Shannon,smithjonathan@example.com,Germany,2025-07-04,Standard,66.31
9086,Adam Hubbard,parker65@example.com,Netherlands,2025-08-31,Standard,78.51
9087,Mr. Christopher Johnson,chenedward@example.org,India,2023-12-11,Premium,21.38
9088,Sophia Wolfe,jimmy98@example.net,France,2024-07-29,Standard,83.59
9089,James Arroyo,wrightcraig@example.net,Netherlands,2023-09-04,Standard,30.88
9090,Monique Alvarez,cannonedward@example.com,India,2025-07-11,Premium,57.37
9091,Wendy Haynes,daniel17@example.com,Australia,2025-03-24,Premium,72.66
9092,Martin Arnold,hernandeztravis@example.net,India,2022-07-27,Standard,30.01
9093,Tamara Richardson,tgray@example.com,Canada,2025-05-23,Basic,33.25
9094,Jordan Evans,whitestephanie@example.com,United States,2024-06-30,Standard,39.28
9095,Regina Mcdonald,victoria82@example.com,United States,2026-01-24,Basic,80.81
9096,Carolyn Williams,kellyshepherd@example.net,Japan,2025-12-20,Basic,82.74
9097,Steven Moore,tracyhughes@example.org,United States,2022-02-18,Premium,89.01
9098,Paul Fry,youngdavid@example.com,Japan,2022-01-14,Standard,29.25
9099,Matthew Fields,oadkins@example.com,India,2023-03-12,Standard,284.83
9100,Dr. Samantha Taylor,,Canada,2026-02-06,Premium,29.41
9101,Renee Williams,jgibson@example.org,Australia,2022-07-02,Standard,52.64
9102,Richard Ford,leejoseph@example.org,United Kingdom,2024-06-23,Basic,69.84
9103,Sara Keith,bowendana@example.org,Canada,2024-01-18,Basic,19.88
9104,Lisa Wood,johndaniels@example.org,France,2021-03-19,Standard,53.80
9105,Mr. Anthony Gonzalez,mcfarlandruben@example.org,Canada,2023-01-06,Basic,160.32
9106,Steven James,justin80@example.com,Japan,2026-06-18,Standard,39.85
9107,Mary Cherry,ntaylor@example.net,United States,2022-10-07,Standard,43.51
9108,Zachary Flores,zmorris@example.com,Netherlands,2023-07-24,Standard,102.74
9109,Richard Brown,robin37@example.org,Australia,2020-11-14,Basic,34.42
9110,Tommy Potter,david23@example.net,India,2024-01-25,Premium,41.86
9111,Joseph Nelson,xsalinas@example.org,Germany,2020-09-20,Premium,38.73
9112,Jennifer Barnett,brian93@example.com,United States,2025-05-30,Basic,22.11
9113,Theresa Montes,lopezpaige@example.com,Australia,2022-06-29,Standard,201.77
9114,Johnny Gutierrez,russellstuart@example.org,Australia,2022-10-01,Basic,101.52
9115,David Young,danawilliams@example.com,Australia,2024-10-08,Basic,25.11
9116,Jeffrey Lynch,ibarnes@example.org,Japan,2024-03-31,Standard,69.14
9117,Debra Cruz,cgraham@example.net,Netherlands,2024-01-26,Standard,113.75
9118,Cynthia Brown,vjohnson@example.com,Japan,2025-05-26,Basic,67.59
9119,Lisa Delgado,ashley34@example.com,Germany,2020-12-17,Standard,31.71
9120,Justin Lynch,nmiller@example.org,Canada,2024-05-07,Standard,43.46
9121,Gary Beasley,robertthompson@example.com,Canada,2025-05-13,Basic,28.35
9122,Tina Williams DDS,harveyjose@example.com,Netherlands,2024-03-28,Premium,90.85
9123,Adam Brewer,hamiltonangel@example.com,Canada,2022-10-05,Standard,99.49
9124,Barbara Hickman,fwiley@example.com,Australia,2025-04-26,Basic,117.62
9125,Carrie Johnson,johngonzalez@example.com,Netherlands,2025-06-14,Premium,86.44
9126,Derek Brooks,jacobyang@example.com,Australia,2024-10-26,Premium,21.33
9127,Brendan Murphy,sullivanbrenda@example.com,France,2024-02-25,Basic,33.18
9128,Timothy Rodriguez,cynthiaortiz@example.org,India,2023-10-15,Basic,105.48
9129,Melissa Matthews,powens@example.org,Japan,2023-04-02,Standard,34.09
9130,Alyssa Smith,gonzalesheather@example.net,Australia,2020-01-12,Premium,94.13
9131,Christopher Jensen,taylorscott@example.org,India,2024-06-02,Premium,41.67
9132,Melissa Jones,stephaniebaker@example.net,United States,2023-05-10,Standard,43.03
9133,James Murphy,awilliams@example.com,Australia,2023-09-17,Premium,26.95
9134,Meghan Mcgee,rowedonna@example.org,France,2022-12-25,Standard,29.79
9135,Robert Wallace,whull@example.net,United Kingdom,2023-09-07,Standard,23.82
9136,James Thomas,hannah60@example.org,United Kingdom,2021-04-02,Standard,9.61
9137,Mrs. Brenda Watson MD,vjenkins@example.com,United States,2021-10-25,Standard,56.39
9138,Brian Brock,warrensoto@example.org,Germany,2024-10-05,Basic,41.36
9139,Dustin Willis,harold28@example.net,Japan,2024-02-11,Standard,84.49
9140,Donald Rowe,olivia36@example.net,Canada,2025-12-20,Standard,67.76
9141,George Pierce,davidsonjoseph@example.com,Brazil,2026-06-21,Basic,54.89
9142,Richard Blevins,cardenasjulie@example.net,United States,2020-04-28,Standard,34.56
9143,Cesar Waller,cherylgriffin@example.com,Netherlands,2024-08-29,Basic,84.47
9144,Kathy Jones,spencemichael@example.net,Netherlands,2021-04-19,Standard,54.24
9145,Jaime Wyatt,stephanieschultz@example.net,United States,2023-05-20,Premium,87.65
9146,David Johnson,christopherwalker@example.net,France,2024-08-31,Basic,134.88
9147,Tara Rodriguez,ballernest@example.com,Germany,2025-10-21,Standard,88.68
9148,Luis Martinez,amycooper@example.org,Japan,2025-12-31,Premium,86.71
9149,Jack Mcgrath,collinsjacob@example.org,France,2021-06-17,Basic,85.34
9150,Nicholas Summers,lroth@example.net,France,2025-12-13,Basic,90.92
9151,Mary Perez,monica98@example.net,Japan,2021-10-30,Basic,50.04
9152,Lauren Wiggins,andreguerrero@example.com,Brazil,2020-01-11,Basic,171.04
9153,Matthew Noble,john28@example.com,Brazil,2022-10-31,Standard,87.63
9154,Billy Kim,amandahorton@example.net,United Kingdom,2026-05-27,Standard,165.01
9155,Douglas Ramos,bakervictoria@example.com,United States,2024-04-20,Standard,101.97
9156,Ashley Hoffman,wileybrenda@example.org,France,2023-04-02,Premium,103.62
9157,Linda Sims,xbrown@example.com,Japan,2025-05-25,Premium,29.50
9158,Brian Thompson,dylanduncan@example.com,France,2020-07-07,Premium,35.53
9159,Julie Estes,millerrobert@example.org,Germany,2025-10-04,Premium,72.87
9160,Margaret Johnson,briggssteven@example.com,United Kingdom,2026-06-12,Premium,49.01
9161,Alicia Barnes,ghernandez@example.net,Japan,2022-11-30,Standard,49.49
9162,Cynthia Hester,dawn56@example.com,United States,2022-07-05,Premium,20.26
9163,Angela Jones,williamsedward@example.net,Japan,2021-05-12,Basic,133.69
9164,Savannah Noble,laurenwallace@example.org,Australia,2025-06-08,Standard,75.59
9165,Kimberly Garza,natalie16@example.org,United Kingdom,2022-04-23,Premium,102.11
9166,Ashley Wood,stephensonkimberly@example.org,France,2024-10-20,Basic,35.43
9167,Megan Hill,ashleyallen@example.org,United States,2020-07-15,Basic,40.84
9168,Kristen Mcdonald,ericperkins@example.com,United Kingdom,2023-06-10,Basic,42.40
9169,Jacob Johnson,russellrobert@example.org,United Kingdom,2020-02-05,Standard,27.95
9170,Timothy Salinas,davisandrew@example.net,United States,2024-08-18,Standard,50.21
9171,Ian Lam,scottsloan@example.com,United States,2021-09-20,Premium,132.21
9172,Mrs. Carmen Williams,mvance@example.com,Japan,2025-03-15,Basic,76.12
9173,Andrea Cruz,chad38@example.com,United Kingdom,2021-03-22,Premium,134.59
9174,Martha Hall,qdavila@example.net,France,2025-02-17,Basic,43.57
9175,Kevin Klein,fhernandez@example.org,United States,2020-04-02,Standard,142.44
9176,Barbara Ingram,wdunlap@example.net,United States,2020-01-25,Premium,17.28
9177,Lindsey Thompson,charles00@example.net,Australia,2023-07-12,Standard,47.15
9178,Jessica Robinson,tonyabriggs@example.net,Germany,2024-02-02,Premium,163.28
9179,Allison Marshall,davisjames@example.com,Germany,2023-05-02,Standard,29.03
9180,Michael Robbins,brownbrittany@example.org,Brazil,2024-02-17,Premium,79.98
9181,Jamie Boyd,williamfranklin@example.net,Germany,2020-01-23,Standard,149.63
9182,Ashley Butler,marco54@example.com,United Kingdom,2022-03-17,Premium,76.15
9183,Alexa Dillon,margaretsnow@example.net,Japan,2024-04-15,Standard,53.13
9184,Hailey Randolph,peterowens@example.net,Brazil,2024-07-06,Standard,52.23
9185,Vanessa Smith,holmesmark@example.net,Germany,2021-03-30,Basic,19.36
9186,Jeffery Lopez,isimpson@example.org,India,2025-07-09,Standard,68.67
9187,Steven Davenport,robertsmary@example.com,Netherlands,2020-02-27,Basic,60.53
9188,Taylor Esparza,shane31@example.org,United Kingdom,2023-08-22,Basic,51.72
9189,Ryan White,mfriedman@example.net,United States,2024-11-15,Standard,49.44
9190,Amy Kidd,sean14@example.net,Japan,2022-02-10,Premium,28.93
9191,Lee Simpson,david16@example.com,Brazil,2021-05-03,Basic,18.67
9192,Michelle Cook,joshua40@example.org,United States,2023-05-21,Basic,21.43
9193,Diane Lane,afuentes@example.net,Brazil,2023-06-24,Basic,49.56
9194,Ricardo Wiggins,seanmoore@example.com,United Kingdom,2024-09-15,Basic,43.51
9195,Robert Taylor,marycummings@example.org,United States,2025-09-16,Basic,196.07
9196,Christopher Novak,cherryjessica@example.net,United Kingdom,2026-05-28,Basic,70.53
9197,Victoria Rodriguez MD,james71@example.net,India,2021-09-12,Standard,71.30
9198,Michael Brown,ashleywilson@example.net,Canada,2022-08-17,Basic,53.07
9199,Mark Davis,billy77@example.net,Australia,2021-07-05,Standard,74.97
9200,Sabrina Rodriguez,saraharris@example.com,India,2025-08-18,Standard,21.89
9201,Robert Eaton,ttanner@example.com,Netherlands,2023-03-20,Standard,88.95
9202,Edwin Bryant,jonesrobert@example.net,Canada,2024-12-06,Premium,27.26
9203,Denise Herman,jford@example.net,India,2020-12-24,Basic,17.72
9204,Bridget Donovan,alawson@example.net,United Kingdom,2023-01-29,Standard,100.57
9205,Mercedes Hahn,lbridges@example.org,Germany,2021-03-28,Standard,14.58
9206,Jennifer Palmer,bmunoz@example.net,Japan,2024-01-11,Standard,79.23
9207,Tiffany Turner,stephanie64@example.org,Netherlands,2026-04-23,Basic,82.77
9208,Ms. Monica Lee,mcantu@example.net,India,2022-09-23,Basic,78.02
9209,Catherine Hoffman,millerjason@example.com,Netherlands,2025-04-22,Basic,30.53
9210,Danny Harris,ahill@example.com,India,2025-11-04,Premium,47.67
9211,Jason Lopez,marksnathaniel@example.com,Japan,2020-09-13,Basic,98.27
9212,Michelle Pollard,tiffanyhardy@example.net,United States,2025-04-02,Basic,48.26
9213,Megan Proctor,bondtasha@example.com,Brazil,2025-01-25,Standard,33.74
9214,Samantha Chang,harrisonkeith@example.net,Germany,2024-10-21,Standard,34.42
9215,Dr. John Jacobs,palmerclaire@example.net,India,2024-04-27,Standard,99.00
9216,Robert Hawkins,,Netherlands,2021-09-09,Standard,26.05
9217,Andrea Navarro,sarah27@example.com,India,2023-09-03,Premium,85.02
9218,Tina Schmitt,trevorpark@example.com,United Kingdom,2022-05-11,Standard,166.05
9219,Anthony Harrell,pmiller@example.org,Canada,2023-03-04,Basic,108.05
9220,Cheyenne Jackson,xrandall@example.org,France,2022-04-20,Standard,144.56
9221,Joyce Dean,mayjennifer@example.net,Brazil,2021-04-30,Standard,32.24
9222,Daryl Fisher,marshkristina@example.org,India,2024-01-12,Basic,75.85
9223,Steven Lane,yateskim@example.net,Japan,2021-12-01,Standard,57.77
9225,Joshua Russell,rdavis@example.org,United Kingdom,2020-05-02,Premium,22.89
9226,Christopher Downs,beverly00@example.com,United States,2025-11-06,Standard,56.84
9227,Tammy Miller,lutzdevin@example.org,Brazil,2024-04-13,Premium,42.36
9228,Lisa Powell,david97@example.net,Australia,2020-09-11,Premium,156.65
9229,Ronald Stuart,stephenrodriguez@example.com,France,2023-09-06,Standard,86.55
9230,Jason Davis MD,angelagreen@example.com,India,2020-09-02,Standard,14.19
9231,Marie Anderson,albert48@example.com,Australia,2024-01-20,Standard,43.37
9232,Karen Wright,vrodriguez@example.com,Netherlands,2024-08-13,Standard,52.04
9233,Sara Bryant,rodriguezjoseph@example.net,Japan,2021-07-01,Standard,27.24
9234,Toni Mcgee,velezhannah@example.net,Canada,2024-08-21,Standard,43.45
9235,Annette Daniel,katherinekent@example.com,France,2024-04-20,Standard,56.29
9236,Miss Angela Henry,caitlin33@example.net,Netherlands,2024-04-25,Standard,50.54
9237,Eugene Miller,robertfisher@example.com,Germany,2020-04-05,Standard,28.22
9238,Andrea Taylor,jasminemyers@example.org,India,2022-07-20,Premium,279.44
9239,Cheryl Knight,timothystewart@example.net,France,2024-10-31,Basic,176.51
9240,Crystal Solis,tiffanypatterson@example.net,Japan,2021-05-03,Basic,19.21
9241,Jason Cole,twebster@example.org,Canada,2024-03-12,Basic,75.81
9242,Gina Taylor,anthonybaker@example.org,Canada,2020-04-17,Premium,31.24
9243,Stephanie Sullivan,john07@example.org,Canada,2026-06-04,Standard,36.37
9244,Shannon Parker,qmorales@example.com,France,2023-05-29,Standard,47.97
9245,Wayne Perez,ujohnson@example.com,Canada,2021-06-07,Basic,158.42
9246,Lisa Valencia,moralesphillip@example.org,Germany,2023-11-28,Premium,44.71
9247,Mrs. Jennifer Burke,christinacook@example.org,United Kingdom,2026-06-18,Standard,49.03
9248,Julian Brown,jonesjorge@example.net,Canada,2020-11-24,Standard,42.73
9249,Aaron Harris,lsims@example.net,Brazil,2023-01-19,Standard,10.58
9250,William Wells,rmonroe@example.org,Japan,2022-11-22,Basic,59.48
9251,Christian Lopez,rogersjoanna@example.net,Germany,2021-04-18,Basic,136.20
9252,Stephanie Raymond,ksmith@example.com,Brazil,2022-12-26,Basic,56.28
9253,Tiffany Cervantes,justinbrown@example.net,Japan,2021-01-30,Standard,27.33
9254,Charles Walton,jennifer87@example.net,France,2020-10-10,Basic,99.35
9255,Jamie Williams,elittle@example.org,Canada,2022-02-07,Basic,19.40
9256,James Bishop,gutierrezshelly@example.org,Japan,2022-08-06,Standard,41.07
9257,Donald Garcia DDS,justinjohnson@example.net,Australia,2021-07-13,Premium,50.49
9258,Jason Torres MD,vanessa07@example.com,Germany,2022-10-11,Standard,83.48
9259,Robert Hudson,michellearmstrong@example.org,Brazil,2020-11-02,Premium,92.06
9260,Jennifer Carter,gabriel40@example.com,Australia,2026-06-06,Standard,30.43
9261,Christopher Taylor,christian16@example.org,France,2021-09-26,Premium,33.89
9262,Shawn Montgomery,vmaldonado@example.net,Netherlands,2020-09-25,Standard,26.94
9263,Stephanie Daniel,tbennett@example.org,Brazil,2021-05-23,Premium,89.95
9264,Eric Byrd,wukristin@example.net,Netherlands,2024-02-09,Premium,18.81
9265,Nicholas Mcintosh,medinajanet@example.com,Japan,2020-03-25,Standard,49.90
9266,Tyrone Summers,agarcia@example.net,United States,2021-12-06,Basic,63.69
9267,Jane Marshall,holtmelanie@example.org,Brazil,2024-11-03,Standard,51.51
9268,Kara Tucker,timothy12@example.org,France,2021-10-29,Premium,57.83
9269,Edward Brown,joseph71@example.net,Australia,2022-07-20,Standard,50.00
9270,Brenda Oconnor,kingamber@example.net,United States,2026-01-01,Basic,64.19
9271,Mr. John Willis,logangraves@example.net,Japan,2023-10-15,Basic,77.56
9272,George Rios,larsonjessica@example.net,United States,2026-08-07,Premium,22.25
9273,William Wilson,jermaine53@example.net,Australia,2026-01-12,Standard,76.85
9274,Amber Hoffman,sperry@example.org,Netherlands,2025-02-15,Premium,104.67
9275,Kayla Rivera,philip09@example.org,Brazil,2022-04-30,Premium,98.75
9276,Brandon Johnson,casey11@example.net,United States,2022-06-14,Standard,87.78
9277,Dawn Hernandez,vrich@example.com,Germany,2023-06-07,Basic,63.81
9278,Steven Collins,flambert@example.net,United Kingdom,2024-09-20,Standard,30.87
9279,Nicholas Hunter,derek88@example.com,Australia,2023-08-07,Basic,107.13
9280,Darlene Hanson,drakemichelle@example.org,Canada,2025-12-07,Basic,67.49
9281,Tracy Figueroa,eric05@example.net,Australia,2022-12-14,Standard,38.86
9282,Katelyn Briggs,marie64@example.org,Canada,2024-06-09,Basic,39.59
9283,Justin Sullivan,garciagary@example.org,Netherlands,2021-11-09,Basic,102.63
9284,Holly Mccall,robertgordon@example.org,Brazil,2023-02-03,Standard,47.26
9285,Robert Lopez,karina99@example.com,Australia,2022-10-21,Basic,56.81
9286,Anthony Jenkins,zreed@example.com,United States,2021-05-02,Standard,20.18
9287,Michelle Nolan,justin32@example.net,Canada,2022-07-24,Standard,65.28
9288,Tracy Thompson,mccarthyronald@example.net,Netherlands,2022-01-28,Standard,83.50
9289,Anna Reyes,annettenguyen@example.net,Canada,2023-07-21,Standard,67.73
9290,Mark Rosales DDS,laura00@example.org,United Kingdom,2023-09-26,Standard,30.65
9291,Lucas Hunt,yateswanda@example.net,United States,2020-02-18,Basic,54.62
9292,Ryan Murphy DVM,sjohnson@example.net,Brazil,2026-04-29,Premium,39.78
9293,Chelsea Sutton DDS,michael56@example.org,United Kingdom,2025-02-10,Basic,69.92
9294,George Dixon,patricia91@example.net,United States,2022-02-04,Standard,120.29
9295,Nicholas Mclean,christine09@example.com,India,2026-07-09,Basic,68.97
9296,Alan Lewis,williscandace@example.org,Canada,2023-06-04,Standard,90.25
9297,Brandi Benson,peterglenn@example.com,United States,2026-01-15,Standard,26.81
9298,John Johnson,browncollin@example.org,Brazil,2020-04-30,Standard,159.23
9299,Tim Barnes,aaronrush@example.com,Brazil,2024-07-23,Standard,53.62
9300,Jessica Carter,jspencer@example.com,Australia,2025-07-29,Standard,38.16
9301,Andrea Harrison,romerotonya@example.net,Netherlands,2024-08-14,Premium,109.39
9302,Christopher Carrillo MD,pennymendez@example.com,Japan,2021-11-30,Standard,64.87
9303,William Mcguire,darrell70@example.org,Netherlands,2025-04-14,Basic,69.81
9304,David Sims,gonzalesnicole@example.net,United States,2022-05-23,Standard,122.57
9305,Daniel Fitzpatrick,lisa05@example.net,Japan,2021-09-30,Basic,96.21
9306,John Brown II,mary43@example.net,Canada,2025-04-13,Standard,71.31
9307,Daniel Donovan,jason92@example.net,Brazil,2024-08-23,Basic,57.59
9308,Breanna Barnes,johnathancraig@example.org,Netherlands,2023-04-15,Basic,21.25
9309,Ryan Lewis,santosmichael@example.org,Brazil,2021-06-28,Premium,51.32
9310,Nathaniel Hudson,marilynjohnson@example.com,Netherlands,2026-01-12,Basic,40.42
9311,Kristin Bryant,cory82@example.com,Japan,2021-11-11,Basic,46.27
9312,Kevin Walters,richard39@example.org,Germany,2023-01-22,Basic,33.33
9313,Bryan Bell,joshuaschroeder@example.org,Canada,2021-02-22,Standard,47.11
9314,Rebecca Bautista,royhenry@example.org,Australia,2020-07-10,Basic,71.47
9315,Lauren Sims,garciadavid@example.net,India,2022-10-08,Basic,35.44
9316,Kevin Williams,preese@example.com,Netherlands,2026-06-21,Basic,19.69
9317,Brandon Salinas,michelleharvey@example.com,Germany,2022-09-26,Standard,28.29
9318,Kurt Garcia,hcarrillo@example.com,Australia,2026-08-14,Basic,32.91
9319,Jerry Edwards,albertflynn@example.com,United States,2026-05-15,Premium,96.59
9320,Dawn Moore,ffry@example.org,Canada,2026-01-10,Standard,126.79
9321,Troy Rodriguez,robert85@example.org,France,2026-05-09,Premium,123.06
9322,Oscar Weaver,parsonsyolanda@example.com,United States,2022-06-04,Standard,27.93
9323,John Nelson,collinsmary@example.org,India,2024-01-23,Basic,66.40
9324,Keith Savage,jonathan42@example.org,France,2023-01-09,Standard,22.74
9325,Alexandra Turner,njones@example.org,Australia,2024-02-22,Premium,93.85
9326,Lee Caldwell,lambertkelly@example.net,United Kingdom,2023-12-09,Standard,38.95
9327,Stacie Morris,mromero@example.org,United Kingdom,2025-10-21,Standard,67.62
9328,Mark Hamilton,toddkathryn@example.net,United States,2024-10-17,Basic,18.05
9329,Renee Johnson,hodgeheather@example.net,Australia,2022-01-14,Basic,96.94
9330,John Jones,jessicaweaver@example.com,India,2023-11-14,Standard,73.28
9331,Stephanie Owens,heather84@example.net,India,2023-07-31,Basic,113.09
9332,Michael Wright,jonathon00@example.org,Canada,2020-01-11,Standard,51.17
9333,Ronald Evans,mccannemily@example.org,India,2021-01-30,Standard,15.45
9334,Paula Schultz,jeffreyramos@example.com,Canada,2025-05-02,Basic,26.08
9335,Elizabeth Coleman,morgan38@example.net,India,2022-03-30,Standard,49.76
9336,Chelsea Allison,susan95@example.org,Germany,2024-03-03,Basic,50.01
9337,Brooke Jenkins,jessicaalvarez@example.com,Canada,2020-09-22,Premium,107.58
9338,Peter Martinez,sbrown@example.net,Brazil,2026-04-16,Standard,39.25
9339,Grant Gordon,renee62@example.com,United States,2025-06-01,Premium,137.59
9340,Kenneth Garcia,patricia58@example.net,Japan,2025-02-08,Standard,26.11
9341,Darlene Mcgee,robinsonjoseph@example.com,Canada,2024-06-20,Standard,318.39
9342,Olivia Ochoa,kristen85@example.org,Japan,2022-06-20,Premium,68.60
9343,Anthony Patel,molinalaura@example.org,Canada,2021-05-15,Standard,13.17
9344,Ashley Conley,dustinhuff@example.org,Brazil,2024-06-30,Basic,45.37
9345,Jennifer Kelly,wgarcia@example.net,United Kingdom,2022-07-17,Premium,92.80
9346,Ariel Johnson,wolfautumn@example.org,Brazil,2022-01-04,Premium,36.36
9347,Robert Delgado,jefferydavis@example.com,United States,2025-10-19,Standard,54.57
9348,Samuel Baxter,smithbrian@example.com,France,2025-10-08,Basic,195.31
9349,Eddie Hill,ajones@example.com,Canada,2025-10-31,Standard,31.32
9350,Timothy Ortiz,moniquestokes@example.org,Brazil,2025-06-13,Standard,136.26
9351,Tiffany Gray,april15@example.org,United Kingdom,2021-01-02,Standard,75.15
9352,Vanessa Cruz,nancyallen@example.org,United States,2020-06-02,Premium,52.53
9353,Jessica Ward,rberry@example.net,Germany,2025-01-18,Standard,28.21
9354,Amber Winters,alexisturner@example.net,Netherlands,2024-08-15,Standard,118.41
9355,Mason Fleming,michealburke@example.com,United Kingdom,2020-04-04,Premium,145.30
9356,Holly Clark,klam@example.com,France,2024-08-09,Standard,30.67
9357,Jesse Stafford,billaustin@example.com,Japan,2025-01-29,Premium,66.79
9358,Raymond Smith,matthewjohnson@example.org,Australia,2026-05-01,Basic,57.70
9359,Charles Martinez,brandon58@example.net,Netherlands,2022-03-26,Basic,71.12
9360,Kathleen Rich,william99@example.org,India,2025-08-09,Standard,38.88
9361,Anthony Bell,qwagner@example.com,United Kingdom,2023-01-19,Standard,20.10
9362,Terry Lowe,slozano@example.com,Netherlands,2021-05-10,Basic,31.87
9363,Jennifer Alvarez,mpreston@example.com,United Kingdom,2020-11-01,Basic,49.62
9364,Bryan Pace,angelawilliams@example.com,Brazil,2021-05-08,Premium,47.10
9365,William Webb,gabrielle50@example.org,Brazil,2022-03-28,Standard,61.23
9366,Steven Stevenson,susangonzalez@example.net,Australia,2021-07-31,Standard,88.46
9367,James Weber,middletonjeffrey@example.org,United States,2023-02-14,Standard,80.67
9368,Kara Burns,randyparker@example.com,Canada,2022-08-12,Standard,33.49
9369,Crystal Robertson,matthew94@example.org,Brazil,2020-05-09,Basic,96.97
9370,Nicole Willis,weaverlynn@example.net,Japan,2021-06-15,Premium,103.37
9371,Nathaniel Cannon,gabrielgonzales@example.com,Germany,2026-02-28,Basic,28.47
9372,Robin Conley,alvarezmichael@example.com,Netherlands,2023-03-23,Standard,91.71
9373,Terri Morris,carolinejones@example.org,United States,2020-04-19,Standard,40.15
9374,Melissa Owens,anthony03@example.org,United Kingdom,2021-12-30,Standard,22.53
9375,Christopher Mccarty,tammyalvarez@example.com,United Kingdom,2024-12-22,Standard,107.40
9376,Rick Massey,mbrown@example.org,Canada,2020-11-08,Basic,47.01
9377,Andrew Mccarthy,nancy83@example.net,Germany,2025-03-22,Standard,56.35
9378,Julie Nelson,williamcooper@example.net,United States,2023-09-03,Standard,38.74
9379,Kelly Allen,gjohnson@example.net,Netherlands,2023-12-09,Standard,51.84
9380,Jessica Pruitt,jillparks@example.org,Germany,2024-05-24,Standard,47.71
9381,Michelle Marshall,hamiltonmelissa@example.net,France,2021-11-22,Standard,12.37
9382,Jean Weber,fergusonwilliam@example.org,United Kingdom,2026-04-02,Standard,53.07
9383,Randy Martin,charles31@example.net,Canada,2024-08-02,Standard,100.43
9384,James Aguirre,mwest@example.org,Canada,2021-02-11,Basic,16.79
9385,Ryan Brown,isingh@example.com,United States,2020-02-28,Standard,48.36
9386,Jesus Guzman,wdunn@example.org,Netherlands,2025-06-22,Standard,158.99
9387,Stephanie Tran,ruizmark@example.com,Japan,2021-03-12,Standard,29.31
9388,Karen Carter,jeffreygreene@example.com,India,2024-12-29,Standard,29.88
9389,Regina Butler,mitchelldanielle@example.net,Germany,2025-03-13,Basic,37.24
9390,Megan Rodriguez,johnorr@example.net,United States,2022-08-09,Basic,62.41
9391,Charles Wilkins,dwhite@example.org,Canada,2023-06-27,Premium,54.89
9392,Nicholas Mcgrath,darlene09@example.net,Japan,2021-05-24,Standard,25.44
9393,Todd Johnson,gonzaleztracy@example.com,Netherlands,2024-02-28,Standard,80.69
9394,Tina Kerr,gonzalezchristina@example.org,France,2020-06-30,Basic,81.04
9395,Matthew Perry,castanedajames@example.net,Japan,2021-12-02,Premium,49.63
9396,Nicole Sims,bentleyjamie@example.com,Australia,2023-12-22,Premium,87.22
9397,Lawrence Maxwell,pittmanrobert@example.com,Netherlands,2023-02-25,Basic,86.87
9398,Katherine Humphrey,ogarcia@example.com,Brazil,2023-12-05,Premium,145.29
9399,Autumn Fisher,richardgabriel@example.org,Canada,2022-05-08,Basic,31.30
9400,Cathy Webster,mckenziebrett@example.net,United Kingdom,2021-03-09,Standard,52.13
9401,Shannon Acosta,richard11@example.com,Australia,2020-10-22,Premium,25.87
9402,Amy Stevens,jason08@example.org,France,2021-09-14,Basic,25.45
9403,Caroline Vazquez,fjones@example.net,Australia,2021-10-26,Standard,44.36
9404,Matthew Chang,johnrobinson@example.com,Australia,2023-05-25,Basic,31.21
9405,Kelly Frost,elizabethmiller@example.com,United States,2025-04-26,Basic,57.64
9406,Jack Reynolds,laurendaniel@example.org,India,2021-12-15,Standard,92.04
9407,Michael Macias,eguerra@example.com,Netherlands,2021-10-31,Standard,79.22
9408,Amy Lopez,urobinson@example.org,Australia,2022-10-10,Basic,116.73
9409,Veronica Adkins,bennettdavid@example.com,India,2025-06-30,Basic,119.97
9410,Charlotte Johnson,umullen@example.com,Netherlands,2022-11-25,Basic,41.53
9411,James Archer,katherine24@example.com,Japan,2024-01-11,Basic,55.17
9412,Christian Mcgee,lisa53@example.com,Canada,2024-04-03,Basic,31.52
9413,Catherine Walker,hfranklin@example.org,United States,2020-07-20,Basic,60.22
9414,Linda Carroll,jenniferproctor@example.com,Japan,2022-09-24,Premium,35.68
9415,Andrea Brown,james42@example.com,France,2021-02-07,Basic,46.59
9416,Meghan Martinez,lisastewart@example.net,France,2023-04-13,Standard,21.04
9417,Lisa Callahan,sandra52@example.com,United States,2020-04-06,Basic,112.23
9418,Shannon Mills,amartinez@example.org,Brazil,2026-05-16,Premium,60.89
9419,Zachary Eaton,parkersherri@example.org,United States,2025-08-16,Basic,165.76
9420,Melissa Smith,guerreropaul@example.org,Australia,2024-10-13,Basic,64.09
9421,Susan Ruiz,williamskristin@example.net,Germany,2024-10-19,Standard,53.62
9422,Alexander Mitchell,mdalton@example.com,Japan,2020-02-01,Standard,67.20
9423,Cindy Combs,daniellindsey@example.net,Japan,2021-08-21,Premium,33.87
9424,Glenn Evans,michaelalexander@example.net,France,2023-11-01,Standard,12.46
9425,Jason Boyd,cmiller@example.org,Netherlands,2026-08-02,Basic,93.06
9426,Peggy Matthews,jking@example.org,United Kingdom,2025-08-25,Basic,19.35
9427,Thomas Larson,danielferguson@example.net,Netherlands,2020-02-24,Standard,117.62
9428,Maria Moore,nsmith@example.org,France,2024-07-08,Premium,66.94
9429,Alec Campbell,johnwilliams@example.org,Netherlands,2022-02-19,Basic,46.83
9430,Jerry Clark,johnathanrodriguez@example.com,India,2022-11-12,Premium,54.62
9431,Cynthia Harris,williamsdonna@example.net,Netherlands,2023-06-03,Standard,110.43
9432,Gloria Fry,justinwoods@example.com,United States,2024-11-14,Premium,59.74
9433,Brian Hughes,osaunders@example.net,Canada,2022-10-13,Basic,73.00
9434,Patricia Hicks,hstrickland@example.org,Netherlands,2020-11-27,Standard,20.23
9435,Alex Velazquez,benjamin34@example.org,Canada,2022-06-02,Standard,59.80
9436,Tina Mayer,courtney34@example.com,India,2025-07-17,Standard,41.43
9437,Linda Brown,vzimmerman@example.net,Brazil,2024-07-10,Standard,25.50
9438,Matthew Snyder,jennifer42@example.net,Japan,2025-06-21,Basic,53.79
9439,Sheryl Cortez,nicholas72@example.org,Netherlands,2024-05-24,Basic,71.92
9440,Linda Spencer,robertdunn@example.net,Japan,2026-01-02,Standard,14.45
9441,Danielle Gardner,uhill@example.net,United States,2024-01-20,Standard,32.49
9442,Bob Baxter,garciataylor@example.com,Germany,2025-07-14,Basic,46.23
9443,Mark Coffey,sandra41@example.org,Germany,2026-04-21,Basic,48.67
9444,Cheryl Cruz,hernandeztristan@example.org,United Kingdom,2022-10-21,Standard,33.00
9445,Stacie Crawford,brettchurch@example.net,Australia,2022-02-06,Standard,89.38
9446,Lauren Hines,susan47@example.org,France,2022-11-18,Premium,54.71
9447,Jeffrey Hall,xruiz@example.org,Canada,2025-08-10,Basic,43.42
9448,Megan Diaz,patriciakelly@example.com,France,2022-03-12,Premium,18.89
9449,Kayla Rodriguez,cbautista@example.com,Canada,2023-05-09,Premium,55.97
9450,Hannah Sanchez,johnsonmichael@example.com,France,2024-01-25,Premium,42.35
9451,Christina Ellis,andrew43@example.net,United Kingdom,2021-06-22,Basic,17.37
9452,Lisa Lewis,ehodge@example.net,France,2025-02-14,Standard,103.65
9453,Elijah Spencer,christine24@example.org,Netherlands,2021-03-04,Basic,69.35
9454,Patrick Brown,johnhernandez@example.net,Netherlands,2023-06-22,Basic,63.49
9455,Tiffany Gardner,hharris@example.org,Germany,2026-05-14,Standard,35.16
9456,Monica Hammond,amysilva@example.net,United States,2022-01-21,Standard,93.27
9457,Angela Davenport,joshuacook@example.com,Netherlands,2021-03-17,Standard,130.14
9458,Sheila Tran,brian38@example.com,Canada,2023-10-21,Standard,50.66
9459,Sherri Bradley,qlogan@example.net,United Kingdom,2021-10-12,Standard,16.53
9460,Corey Garcia,paynesteven@example.org,India,2026-04-26,Standard,189.98
9461,Elizabeth Johnson,brett62@example.org,Brazil,2025-05-28,Premium,66.99
9462,Kimberly Sanchez,tammy93@example.net,Netherlands,2020-07-24,Basic,33.37
9463,Matthew Nguyen,jasonfrazier@example.com,Australia,2024-07-07,Standard,53.63
9464,Sandra Willis,nguyenrebecca@example.org,Canada,2026-04-07,Basic,45.35
9465,Kimberly Morris,ashley81@example.com,Netherlands,2022-11-14,Premium,44.03
9466,Eric Singleton,carl56@example.com,United States,2022-02-26,Standard,101.98
9467,Edward Johnson,stevenwilliams@example.com,Canada,2021-05-18,Premium,36.40
9468,Amanda Nelson,ibrown@example.net,Japan,2025-04-24,Standard,46.69
9469,Javier Gonzalez,munozchristine@example.net,Japan,2025-11-04,Standard,37.11
9470,Katrina Spears,mburns@example.net,Germany,2020-04-10,Standard,66.67
9471,Christina Chavez,hmueller@example.org,United Kingdom,2020-01-29,Standard,72.54
9472,Nancy Larson,hendricksbrittany@example.net,United States,2023-07-22,Standard,39.18
9473,Sarah West,vsmith@example.com,Japan,2022-11-15,Standard,28.42
9474,Benjamin Perez MD,smithbrett@example.org,United Kingdom,2020-07-28,Premium,25.22
9475,Zachary Smith,rebeccarichardson@example.net,United States,2022-02-14,Standard,101.72
9476,Katie Simmons,davidjones@example.org,Germany,2023-05-22,Standard,149.87
9477,Alexis Norton,petersryan@example.org,Japan,2020-10-06,Basic,32.64
9478,David Bradshaw,vazquezbonnie@example.com,Brazil,2021-05-04,Basic,42.24
9479,Molly Knight,judy45@example.net,Japan,2025-02-15,Standard,23.15
9480,Shane Smith,garrettteresa@example.com,Germany,2025-01-31,Standard,68.36
9481,Rodney Bryan,kellyskinner@example.net,Germany,2025-07-18,Premium,71.51
9482,Marcus Winters,bobfernandez@example.org,Netherlands,2025-10-07,Premium,96.60
9483,Leah Johnson,josephsullivan@example.org,United States,2025-08-17,Basic,42.88
9484,Eric Beck,kbrandt@example.com,Germany,2025-02-10,Standard,64.62
9485,Nicholas Watkins,megan39@example.com,Netherlands,2026-02-21,Premium,64.12
9486,Stephanie Castillo,alexanderandrea@example.org,Germany,2020-11-02,Basic,11.18
9487,Dr. Christopher Taylor,jacob27@example.org,India,2025-11-22,Basic,42.35
9488,Ashley Key,wgonzalez@example.net,United States,2022-09-13,Basic,45.39
9489,Gina Garcia,jamesbryan@example.net,United Kingdom,2021-10-07,Basic,61.98
9490,Mathew Flores,bhunter@example.com,Australia,2023-02-09,Standard,28.79
9491,Eric Jones,leecase@example.net,France,2025-05-20,Premium,59.85
9492,Gina Montgomery,donovannancy@example.net,Germany,2024-11-29,Premium,48.97
9493,Gary Silva,qdavis@example.com,Japan,2026-02-07,Premium,70.98
9494,Glen Martin,tmunoz@example.org,Australia,2025-08-21,Standard,45.56
9495,Glen Williams,rodriguezerika@example.com,United States,2022-07-08,Basic,92.10
9496,Sharon Johnson,kathryn30@example.org,India,2023-11-10,Standard,42.36
9497,Anthony Taylor,pgibbs@example.org,Netherlands,2022-09-25,Standard,59.17
9498,Roger Green,mayerik@example.com,Netherlands,2025-05-10,Standard,51.64
9499,John Phillips,walter50@example.org,India,2020-05-08,Standard,60.27
9500,Alex Stewart,castrojoel@example.net,France,2026-02-18,Premium,79.18
9501,James Evans,emorris@example.net,Brazil,2024-03-06,Standard,43.75
9502,Brian Khan,gtorres@example.org,India,2020-08-04,Standard,32.07
9503,Joseph Mccoy,anthonyburns@example.net,United Kingdom,2020-08-19,Standard,75.91
9504,Pamela Taylor,swilson@example.com,United States,2022-03-02,Basic,84.90
9505,Justin Thompson,stephenray@example.net,Australia,2022-08-03,Standard,50.03
9506,Marcus Wilson,april74@example.org,Australia,2022-02-22,Premium,67.45
9507,Ryan Johnson,bruce77@example.com,Australia,2022-08-30,Standard,66.21
9508,Kaylee Howard,ferrellnicole@example.net,Brazil,2026-08-10,Basic,123.07
9509,Lisa Butler,ronaldcollins@example.org,Japan,2024-12-07,Basic,63.93
9510,Tonya Moreno,wilsonanthony@example.org,United States,2024-07-08,Premium,79.23
9511,Jessica Morgan,milessteven@example.org,United States,2021-07-29,Basic,82.52
9512,Kathryn Stephenson,kenneth40@example.net,Australia,2022-01-13,Standard,155.15
9513,Eric Davis,leahmartin@example.net,France,2020-07-13,Standard,71.89
9514,Jennifer Marquez,meyerkenneth@example.org,Australia,2025-02-15,Basic,86.82
9515,Joshua Walker,robert08@example.com,India,2021-10-10,Standard,103.47
9516,Elizabeth Gonzalez,coryduran@example.org,Canada,2020-07-15,Standard,21.07
9517,Betty Sanchez,gfisher@example.org,Netherlands,2023-09-30,Premium,34.42
9518,Michele Clarke,cooperjuan@example.com,Germany,2024-08-23,Premium,58.18
9519,Ryan Perez,susan75@example.com,Netherlands,2026-01-09,Basic,21.64
9520,Ricky Briggs,grahammaxwell@example.com,Japan,2023-01-03,Standard,23.58
9521,Kenneth Carroll,rbowman@example.com,India,2020-06-03,Standard,192.19
9522,Becky Thomas,lopezkaren@example.org,United States,2021-09-29,Standard,22.71
9523,Mark Santos,astafford@example.net,Brazil,2023-05-31,Standard,40.60
9524,Rebecca Gregory,aliciabeltran@example.net,Brazil,2024-07-13,Standard,32.36
9525,Jay Hodges,ojohnson@example.com,France,2022-10-09,Standard,60.45
9526,Rhonda Cruz,fischeralexandria@example.org,France,2025-04-25,Premium,57.10
9527,Steven Allen,pwells@example.com,France,2025-11-18,Basic,64.82
9528,Thomas Simon,olee@example.com,Japan,2020-05-16,Standard,39.49
9529,Sarah Ruiz DVM,darrenpayne@example.net,Canada,2021-06-14,Basic,59.20
9530,Lance Gonzales,lijoseph@example.net,Brazil,2022-12-12,Premium,53.03
9531,Olivia Banks,stephanie23@example.net,Japan,2023-06-20,Basic,25.09
9532,Kelly Berry DDS,fmorrison@example.net,France,2023-11-05,Standard,68.29
9533,Jerry Flores,vevans@example.net,Germany,2021-06-21,Basic,83.44
9534,Brian Johnson,tylersmith@example.org,Brazil,2024-03-10,Basic,66.16
9535,Donna Miller,jeffreyhughes@example.org,Brazil,2025-12-07,Premium,74.32
9536,Anthony Shah,iibarra@example.com,Canada,2024-01-06,Premium,24.48
9537,Mary Faulkner,ericajones@example.org,Japan,2026-05-01,Standard,61.08
9538,Bernard Rose,bonnie36@example.net,India,2025-12-19,Premium,48.06
9539,Alvin Williams,phernandez@example.org,Brazil,2026-05-02,Basic,37.57
9540,Peter Molina,danielssusan@example.com,Netherlands,2023-08-09,Standard,27.58
9541,Steven Davis,zachary03@example.net,Australia,2023-01-24,Basic,29.95
9542,Dana Fox,timothy90@example.com,United States,2021-07-18,Basic,25.11
9543,Alexander Rivera,jimmywebb@example.com,India,2021-01-06,Premium,88.72
9544,Ryan Jackson,zmorales@example.net,Germany,2021-07-26,Basic,85.85
9545,Joseph Diaz,mcardenas@example.org,United Kingdom,2022-09-06,Basic,43.32
9546,Daniel Howard,glen18@example.com,United Kingdom,2024-08-30,Basic,134.15
9547,Diane Anderson,qlewis@example.net,India,2026-05-10,Standard,27.95
9548,Shannon Lindsey,jessicarichards@example.net,United States,2021-10-26,Standard,129.94
9549,Shawn Parker,paulsaunders@example.org,Germany,2022-03-24,Basic,41.91
9550,Sarah Davies,ann04@example.org,Japan,2021-03-17,Standard,36.19
9551,Kyle Walsh,diana89@example.com,Brazil,2026-08-15,Standard,105.34
9552,Jonathan May,kglover@example.net,Brazil,2021-11-02,Basic,99.12
9553,Chloe Morgan,ipowell@example.org,Japan,2024-05-05,Standard,73.41
9554,Jose Russell,bcollier@example.com,United States,2021-07-30,Premium,36.78
9555,Chad Harris,mario02@example.com,Netherlands,2022-02-16,Basic,58.98
9556,Thomas Foster,olivia42@example.org,United States,2024-08-01,Standard,91.89
9557,Bobby Clark,zberry@example.com,Netherlands,2023-04-25,Standard,26.91
9558,Jessica Yang,katiesteele@example.com,Germany,2021-05-03,Basic,25.30
9559,Michael Griffin,jessemccarthy@example.net,Brazil,2021-01-17,Basic,43.53
9560,Victoria Snyder,awilson@example.com,United Kingdom,2021-07-27,Standard,13.79
9561,Dawn King,uolson@example.net,Canada,2023-07-05,Basic,32.79
9562,Hannah Miller,robyn06@example.net,France,2022-12-23,Premium,41.41
9563,Robert Woodward,millerdonna@example.com,United States,2024-08-08,Standard,45.16
9564,Charles Maldonado,spencerpeters@example.net,Australia,2026-06-29,Standard,208.57
9565,Lee Santana,ingramjoseph@example.com,Australia,2024-07-23,Premium,72.95
9566,Travis Castro,brandyfrench@example.org,Germany,2025-11-29,Premium,30.93
9567,Deborah Davis,emmacruz@example.net,France,2022-05-07,Standard,70.71
9568,Joanne Mcpherson,julia03@example.net,Japan,2022-08-28,Standard,43.65
9569,Andrea Cannon,christopher12@example.org,Canada,2023-10-21,Premium,38.88
9570,Kimberly Thompson,cruzstacy@example.org,France,2024-09-06,Premium,69.59
9571,Julie Martinez,shawnhammond@example.com,France,2021-09-06,Basic,189.29
9572,Patricia Hunter,matthew49@example.net,Australia,2022-03-05,Basic,102.78
9573,Heather Thomas,alec81@example.org,Canada,2021-07-09,Basic,78.83
9574,Jason Mills,josephestrada@example.com,Japan,2020-07-31,Standard,103.93
9575,Dakota Black,austinpaul@example.com,Germany,2021-04-12,Basic,217.16
9576,Samantha Wilcox,hperez@example.org,Germany,2022-11-18,Standard,71.25
9577,Jeremy Lee,mross@example.org,United Kingdom,2022-11-13,Standard,132.95
9578,Steven Davis,john96@example.com,Germany,2025-06-05,Basic,37.68
9579,Laura Arnold,xgibbs@example.com,Canada,2024-06-24,Premium,97.92
9580,Melinda Rivera,stephentaylor@example.net,France,2024-01-22,Standard,126.28
9581,Ronald Peterson,charles09@example.net,United Kingdom,2020-11-12,Basic,43.12
9582,John Vega,tjimenez@example.org,United States,2021-08-14,Basic,76.09
9583,Kelly Joyce,gwilliams@example.org,Germany,2020-06-03,Basic,18.38
9584,Sheryl Myers,rjohnson@example.org,Germany,2023-06-10,Premium,81.51
9585,Amy Watson,fjones@example.org,France,2023-07-23,Standard,85.60
9586,Robert Murphy,karen27@example.net,Japan,2025-11-04,Basic,41.79
9587,Rebecca Miller,hicksricky@example.net,India,2020-08-16,Standard,30.61
9588,Rhonda Green,itaylor@example.com,France,2020-06-21,Standard,65.95
9589,Kathleen Jackson,ncampbell@example.org,India,2021-07-28,Premium,37.85
9590,Frank Perry,elainebrown@example.net,Netherlands,2022-06-16,Premium,95.69
9591,Cameron Adams,james93@example.org,Canada,2020-02-19,Standard,63.48
9592,Matthew Livingston,christopher86@example.org,Canada,2020-10-19,Premium,32.52
9593,Jennifer Harrison,nholmes@example.net,Netherlands,2023-01-21,Basic,75.97
9594,Michael Chandler,dtanner@example.net,United States,2025-06-01,Standard,18.48
9595,Erica Watts,patrick80@example.net,Germany,2025-06-25,Standard,62.30
9596,Sarah Robinson,jkim@example.org,United States,2022-11-17,Standard,60.74
9597,Sean Baxter,alicia86@example.net,India,2026-08-13,Standard,38.99
9598,Kathy Mcbride,martinezmark@example.org,United States,2024-07-11,Basic,47.12
9599,Aaron Thomas,dorisbrock@example.com,Brazil,2023-11-12,Standard,89.28
9600,Erica Alvarez,diazjohn@example.net,Japan,2021-07-18,Basic,27.26
9601,Christopher Villegas,dominguezjeffrey@example.org,India,2021-12-18,Standard,24.62
9602,James Serrano,stephaniebeck@example.net,India,2023-05-05,Basic,52.80
9603,Jacob Smith,dmckinney@example.org,Japan,2023-02-23,Basic,47.51
9604,Shelby Bonilla,goldenthomas@example.net,Canada,2022-09-30,Basic,24.15
9605,Lisa Nguyen,montgomeryjasmine@example.net,United States,2025-07-02,Standard,155.43
9606,Lisa Hardy,ywarner@example.com,Japan,2023-03-05,Standard,100.60
9607,Cynthia Horton,dillonlee@example.com,Australia,2021-05-27,Premium,150.91
9608,Karen Wilson MD,jennifer01@example.net,France,2020-04-25,Standard,43.38
9609,Brian Allen,andrewdennis@example.com,United Kingdom,2024-02-15,Premium,57.64
9610,Kristopher Walker,freemanelizabeth@example.net,Australia,2020-10-20,Standard,33.29
9611,Alexis Joseph,donnasanchez@example.com,Brazil,2022-03-24,Standard,52.25
9612,Danielle Taylor,ssanchez@example.com,United Kingdom,2025-02-02,Basic,26.67
9613,Wanda Newton,jtaylor@example.net,Japan,2025-01-18,Basic,62.14
9614,Joan Anderson,lweiss@example.org,France,2023-03-30,Standard,107.31
9615,Lori Thompson,nhenderson@example.net,Brazil,2025-03-06,Basic,43.25
9616,Mark Wilcox,smithmadison@example.net,United States,2026-01-12,Basic,88.26
9617,Dustin Ellis,zsmith@example.net,India,2022-01-03,Premium,17.29
9618,Kevin Harris,hannahwright@example.org,United States,2022-02-27,Premium,23.05
9619,Matthew Aguilar,kelleyjonathan@example.net,Netherlands,2022-03-08,Standard,70.91
9620,Sherry Moore,fbell@example.net,Netherlands,2024-07-23,Basic,51.63
9621,Rick Zamora,ann72@example.com,Australia,2022-10-05,Standard,14.04
9622,Michael Robinson,odawson@example.org,France,2023-02-19,Standard,28.87
9623,Timothy Collins,rileynicole@example.org,Netherlands,2020-03-01,Standard,91.02
9624,Cristina Lane,cassandrapark@example.com,India,2023-12-20,Standard,76.36
9625,Andrew Austin,ann32@example.net,Japan,2023-08-01,Standard,45.25
9626,Richard Salazar,thompsonallison@example.net,India,2020-05-25,Basic,79.37
9627,Samuel Williams,mevans@example.org,United States,2024-09-02,Standard,72.06
9628,Marissa Suarez,hughessarah@example.net,Germany,2021-12-29,Standard,64.07
9629,Janet Foster,ricky06@example.net,United States,2020-03-19,Premium,37.59
9630,Zachary Washington,daniellozano@example.com,Brazil,2021-06-22,Basic,163.57
9631,Tamara Gonzales,kevinjohnson@example.com,Canada,2023-04-17,Basic,52.51
9632,Jason Dunn,timothywalter@example.net,Germany,2026-05-29,Basic,37.89
9633,Elizabeth Barajas,czimmerman@example.org,Brazil,2023-02-03,Standard,20.50
9634,Lisa Andrade,medinawanda@example.net,United Kingdom,2021-03-02,Standard,124.97
9635,Shawn Patton,sanderssamantha@example.net,Japan,2026-04-17,Basic,105.54
9636,Dana Espinoza,xray@example.net,Germany,2025-03-05,Standard,38.28
9637,Jonathan Rivers,erindorsey@example.com,Brazil,2022-07-16,Standard,17.32
9638,Evan Price,robertacain@example.org,Australia,2025-02-21,Premium,187.41
9639,Tara Brooks,christinepugh@example.net,Australia,2023-06-18,Standard,135.01
9640,Stephanie Sims,lindseyray@example.org,Netherlands,2024-02-04,Standard,39.46
9641,Anne Elliott,petersenmartin@example.org,Australia,2023-10-09,Standard,82.84
9642,James Wiggins,aaron98@example.net,United Kingdom,2023-06-25,Premium,44.95
9643,Carlos Smith,shannonbutler@example.com,Australia,2020-01-14,Basic,34.63
9644,Angela Kirby,sandramurillo@example.com,France,2023-10-09,Premium,78.02
9645,John Campbell,jimmysimpson@example.org,Germany,2021-02-23,Premium,69.85
9646,Lisa Macias,amber19@example.net,Australia,2020-12-12,Standard,53.61
9647,Jessica Colon,roy51@example.net,United States,2022-04-18,Basic,129.76
9648,Alyssa Harris,vlewis@example.org,Brazil,2021-11-14,Standard,79.33
9649,Lisa Garcia,emily97@example.net,Australia,2022-11-11,Standard,86.91
9650,Heather Stone,wmartinez@example.org,Japan,2021-01-31,Standard,33.58
9651,Caitlyn Lewis,nancyshaw@example.net,Australia,2024-06-12,Standard,82.08
9652,Adam Martinez,james02@example.com,United Kingdom,2022-09-02,Standard,57.95
9653,Amber Mendoza,robertsellen@example.net,France,2026-04-11,Standard,30.45
9654,Aaron Willis MD,nicoleyoung@example.com,Japan,2024-08-06,Standard,27.69
9655,Bruce Hernandez,debra61@example.com,India,2020-03-09,Premium,75.04
9656,Kimberly Meyer,stevensallison@example.net,Japan,2022-01-17,Standard,53.73
9657,Lisa Alvarez,hamiltonivan@example.com,Japan,2020-11-24,Basic,77.68
9658,Kerri Patrick,ethanyoung@example.org,India,2024-12-02,Standard,17.93
9659,Keith Chang,kevin46@example.org,Australia,2021-02-05,Premium,85.89
9660,Samantha Alexander,kevin57@example.org,India,2025-05-09,Basic,49.75
9661,Marie Jones,phillipsstacey@example.net,India,2020-08-06,Basic,91.31
9662,Melissa May,paulmartinez@example.com,Japan,2023-02-17,Standard,49.44
9663,Michael Rodriguez,charlesclayton@example.org,India,2025-11-01,Standard,26.46
9664,Kevin Melendez,zpratt@example.org,Netherlands,2024-06-16,Standard,68.47
9665,Bethany Brown,aconley@example.org,Germany,2020-04-03,Standard,24.86
9666,Tony Forbes,whunt@example.org,France,2026-02-23,Premium,33.33
9667,Mrs. Kristen Mccall DVM,davidsonroger@example.org,United States,2023-01-05,Standard,56.83
9668,Kathryn Jackson,stephanie51@example.net,Australia,2021-03-13,Standard,37.50
9669,Christopher Nichols,iharrington@example.net,France,2026-01-20,Standard,54.88
9670,Diane Brennan,rodriguezroberto@example.com,Netherlands,2026-07-01,Standard,25.64
9671,Rebecca Stewart,rmartin@example.net,United Kingdom,2021-05-16,Standard,80.10
9672,Vincent Robinson,tyler85@example.net,United States,2020-09-16,Premium,48.88
9673,Jacob Arnold,lbell@example.org,United Kingdom,2023-03-08,Standard,38.13
9674,Kevin Reyes,amydavis@example.com,Netherlands,2024-04-04,Standard,35.26
9675,Lisa Walton,bmiranda@example.net,Germany,2024-10-05,Basic,66.12
9676,Kaitlyn Rivera,kylelindsey@example.com,Germany,2026-07-08,Standard,36.77
9677,Franklin Ramirez,okelly@example.org,Canada,2021-12-03,Basic,50.66
9678,Michael Velasquez,rodneyrios@example.org,Netherlands,2026-06-17,Premium,158.32
9679,Taylor Marshall,shernandez@example.net,Australia,2025-02-16,Standard,67.84
9680,John Greene,kristintaylor@example.com,Germany,2021-03-28,Premium,26.45
9681,Kevin Wright,gedwards@example.net,Netherlands,2026-01-12,Standard,40.12
9682,Ruth Reynolds,jennifersanders@example.org,Netherlands,2022-11-29,Standard,77.05
9683,Jacob Cohen MD,mcgrathlarry@example.com,Brazil,2025-12-27,Standard,38.98
9684,Mark Murphy,esimpson@example.net,Canada,2023-10-29,Standard,126.98
9685,Shawn Orozco,wendy96@example.org,United States,2020-03-30,Standard,42.59
9686,Diane Calderon,tchavez@example.org,United Kingdom,2023-07-25,Standard,39.76
9687,Steven Stuart,samanthaking@example.org,France,2022-03-18,Standard,73.77
9688,Joel Matthews,tiffanywalker@example.org,United Kingdom,2023-02-20,Standard,127.71
9689,Jesse Wilson,qlee@example.org,United States,2021-10-12,Standard,29.37
9690,Jeffrey Wilcox,rramirez@example.org,Netherlands,2024-07-16,Standard,43.09
9691,Margaret Bishop,harrisonlisa@example.net,Netherlands,2023-05-23,Standard,152.90
9692,Rebecca Holmes,dawn27@example.net,United States,2020-04-30,Premium,32.68
9693,Michael Perry,gomezkristi@example.com,India,2025-03-12,Premium,44.34
9694,Charles Hart,zhayden@example.net,Australia,2023-08-31,Basic,160.56
9695,Crystal Myers,angelreed@example.com,Japan,2021-05-18,Basic,78.09
9696,Joshua Martin,brandon97@example.com,Canada,2022-05-23,Basic,40.84
9697,Tammy Carey,howeerik@example.net,Canada,2026-05-29,Basic,53.28
9698,Nicole Bryant,bsanchez@example.net,Australia,2022-05-03,Standard,57.66
9699,Randy King,nathanielcooley@example.org,Germany,2023-12-12,Standard,50.09
9700,Brittany Smith,woodwardpatricia@example.com,France,2022-01-04,Standard,51.22
9701,Mrs. Ashley Gibson DDS,frankstone@example.org,Japan,2024-10-24,Basic,15.49
9702,Chelsea Stephens,ericaherrera@example.net,Brazil,2021-06-12,Basic,21.71
9703,Richard Nelson,imoore@example.com,Germany,2024-10-23,Standard,140.13
9704,Adam Le,dmurphy@example.net,Netherlands,2020-09-09,Standard,73.03
9705,Levi Schultz,jason64@example.com,Brazil,2026-02-24,Premium,62.10
9706,Matthew Weber,smorgan@example.com,United Kingdom,2020-05-11,Standard,70.76
9707,Joshua Craig,hectorreid@example.com,Australia,2024-11-01,Basic,135.47
9708,Terry Miller,douglaskirby@example.net,Japan,2023-01-18,Premium,76.08
9709,Derek Lewis,dunndouglas@example.net,United Kingdom,2024-01-31,Basic,68.83
9710,Miss Rebecca Wright,ashley77@example.com,Netherlands,2026-03-24,Standard,51.40
9711,Juan Campbell,iramos@example.org,Australia,2022-04-16,Basic,51.17
9712,Kelly Clark,bianca86@example.com,Canada,2025-07-07,Basic,65.97
9713,Monica Salazar,karenvaughn@example.org,India,2023-08-20,Standard,25.81
9714,Ethan Meyer,zfrank@example.net,United Kingdom,2022-09-28,Basic,71.06
9715,Jose Lam,pamelakelly@example.com,Japan,2023-11-13,Basic,93.78
9716,James Gregory,rebeccamartin@example.com,Canada,2022-11-24,Basic,199.46
9717,Robert Levine,fporter@example.org,Canada,2026-01-05,Premium,44.93
9718,Christy Ryan,rebecca77@example.org,United States,2020-01-05,Standard,97.72
9719,Jasmine Sanchez,cortezjonathon@example.com,India,2023-08-28,Standard,87.59
9720,Carlos Scott,millerselena@example.com,Australia,2021-01-30,Basic,173.92
9721,Miss Megan Lopez DDS,grossdanielle@example.net,France,2021-04-21,Standard,63.39
9722,Maria Mccall,jessica94@example.net,Japan,2023-02-13,Basic,40.65
9723,Tina Brown,erin18@example.com,Australia,2023-11-06,Premium,65.13
9724,Richard Jackson,adambanks@example.org,India,2026-03-01,Basic,56.13
9725,Logan Brown,hudsonrobert@example.org,Australia,2025-06-22,Basic,39.68
9726,Erika Cortez,dunnlisa@example.com,Japan,2024-10-25,Standard,32.90
9727,Jennifer Ruiz,abowers@example.net,Germany,2026-07-27,Standard,106.95
9728,Michael Tran,hibarra@example.org,United States,2025-07-13,Standard,43.67
9729,Adam Ward,robert24@example.com,United Kingdom,2023-11-01,Standard,120.39
9730,Nicole Green,usmith@example.com,United States,2021-05-17,Standard,28.33
9731,Anne Warner,rivasabigail@example.com,France,2023-06-02,Standard,43.71
9732,Laura Perez,cynthiaknight@example.org,Australia,2020-07-18,Standard,54.39
9733,Denise Jones,julie67@example.org,France,2023-11-24,Standard,42.23
9734,Matthew Foster,clopez@example.com,Australia,2021-09-18,Standard,96.35
9735,Teresa Garcia,pgriffin@example.com,United Kingdom,2025-01-02,Basic,63.98
9736,Nichole Lee,steven66@example.net,United Kingdom,2021-09-12,Basic,17.59
9737,Timothy Singleton,fjohnson@example.org,Germany,2024-08-28,Premium,19.60
9738,Allen Lowe,emily65@example.net,Australia,2024-11-10,Standard,30.12
9739,Beth Brown,rthompson@example.com,France,2020-07-29,Standard,50.85
9740,Joy Brown,drakemary@example.net,France,2020-01-07,Basic,85.36
9741,Kevin Garner,jennifer58@example.org,Japan,2024-06-25,Standard,137.03
9742,Laura Rogers,lunaleslie@example.com,Australia,2020-01-21,Premium,25.73
9743,Jason Wallace,eugenejones@example.net,India,2025-03-14,Standard,44.83
9744,Alexandra Sims,melissa18@example.net,Germany,2022-04-15,Standard,87.77
9745,Tiffany Martinez,qharris@example.com,France,2026-07-12,Standard,168.72
9746,Joshua Willis,psuarez@example.org,Australia,2025-12-07,Standard,85.74
9747,Jim Marshall,levimosley@example.net,Netherlands,2022-08-19,Premium,92.73
9748,Rachel Scott,hclayton@example.net,Japan,2026-03-16,Standard,107.38
9749,Richard Young,cummingsmelissa@example.com,Japan,2024-02-12,Basic,41.68
9750,Samuel Roberts,moorelisa@example.com,Canada,2021-01-22,Basic,109.96
9751,Patrick Ibarra,grantsteven@example.com,United States,2022-11-23,Standard,26.15
9752,Stephen Nunez,charles14@example.com,Australia,2023-09-07,Standard,23.53
9753,Curtis Thomas,hernandezdonna@example.org,Brazil,2023-01-16,Standard,34.23
9754,Robert Smith,villanuevadoris@example.net,United Kingdom,2024-06-17,Premium,32.29
9755,Amanda Cunningham,lewiskenneth@example.org,Netherlands,2024-06-03,Standard,60.81
9756,Jasmine Cooper,iodonnell@example.net,Germany,2023-06-07,Basic,141.64
9757,Wendy Allen DDS,cbrooks@example.com,Brazil,2025-10-12,Basic,46.83
9758,David Stephens,timothyoliver@example.net,Japan,2022-07-24,Standard,51.64
9759,Alexis Glass,acraig@example.com,France,2021-09-06,Basic,106.01
9760,Eileen Bird,jasonbennett@example.org,France,2026-04-21,Standard,69.27
9761,Mark Rhodes,whull@example.org,United States,2022-03-03,Basic,107.26
9762,Carolyn Bowen,nataliewilliams@example.org,Japan,2020-12-20,Standard,47.73
9763,Gregory Cole,youngbenjamin@example.org,India,2025-03-27,Standard,34.70
9764,Elizabeth Herrera,ugraham@example.org,Germany,2022-08-23,Standard,21.37
9765,Sydney Burns,tylerarcher@example.com,Australia,2022-10-09,Basic,41.06
9766,Julie Henson,brittany79@example.org,India,2023-06-08,Standard,49.09
9767,Julie Salazar,millerbrittany@example.com,Canada,2020-11-16,Basic,57.41
9768,John Good,oconley@example.com,United Kingdom,2022-10-06,Standard,60.33
9769,Juan Blankenship,burkeluis@example.com,Japan,2020-05-28,Standard,46.70
9770,Damon Becker,hedwards@example.org,United States,2023-08-27,Basic,62.02
9771,Christian Donaldson,nfoster@example.com,Japan,2023-12-05,Standard,30.08
9772,Michael Stephens,rcarpenter@example.com,United Kingdom,2024-02-16,Premium,106.44
9773,Mark Kim,matthew27@example.org,Germany,2023-09-26,Standard,145.09
9774,Matthew Barker,latoyahuff@example.net,United Kingdom,2021-12-26,Basic,39.30
9775,Steven Jackson,donnadavis@example.net,Netherlands,2021-08-26,Basic,50.53
9776,Kenneth Hutchinson,ybishop@example.org,Netherlands,2026-04-09,Premium,39.84
9777,Jason Martinez,qferguson@example.com,Japan,2025-09-24,Basic,34.12
9778,Brad Hester,moralesmatthew@example.com,Brazil,2023-11-18,Standard,54.68
9779,Samuel Byrd,youngmichael@example.net,Netherlands,2024-06-03,Basic,94.59
9780,Michael Gill,perrydestiny@example.com,India,2020-11-30,Standard,41.16
9781,Victor Smith,lbarrett@example.net,France,2022-10-19,Standard,40.49
9782,Sue Coleman,jessica38@example.org,Netherlands,2025-10-14,Standard,30.36
9783,Chad Potts II,jennifermorrison@example.org,India,2026-04-13,Standard,45.22
9784,Mary Chavez,smitherin@example.net,Netherlands,2021-03-05,Standard,49.29
9785,Melissa Wolf,raylisa@example.org,Canada,2024-03-06,Basic,53.19
9786,Derrick Olson,reynoldschristopher@example.net,Germany,2026-07-10,Standard,64.03
9787,Louis Rivera,nguyenmark@example.net,United Kingdom,2020-11-26,Standard,39.56
9788,Alexandra Keller,fwalter@example.org,India,2026-01-21,Premium,18.38
9789,Nicole Hayes,sheena50@example.net,Brazil,2021-12-12,Basic,87.39
9790,Leah Cannon,solomonbrian@example.com,United States,2020-02-03,Basic,125.23
9791,Robert Lucas,jeffreykelly@example.net,United States,2026-02-15,Standard,60.58
9792,Tammy Byrd,chelsea32@example.net,Germany,2021-06-03,Standard,45.99
9793,Susan Sanchez,laurathomas@example.net,United States,2026-04-19,Standard,19.91
9794,William English,robinsoncristina@example.org,United States,2025-06-05,Standard,142.41
9795,Theresa Baker,macdonaldlynn@example.net,India,2022-06-25,Standard,66.26
9796,Michelle Garcia,omccullough@example.org,Netherlands,2020-05-18,Premium,29.13
9797,Alexis Chandler,francosean@example.net,Australia,2024-12-16,Standard,41.09
9798,Gina Benitez,ybarnes@example.com,United States,2023-05-12,Basic,40.11
9799,Michael Stevens,kellycurtis@example.net,India,2024-06-20,Basic,98.02
9800,Peter Vega,jeffery01@example.net,France,2023-02-04,Standard,31.64
9801,Daniel Thornton,jameslucero@example.org,India,2021-10-04,Standard,31.33
9802,Tyler Noble,andrew05@example.org,Netherlands,2024-08-02,Basic,46.71
9803,Robert Acosta,villanuevakristin@example.org,India,2021-12-17,Standard,50.79
9804,Joanne Friedman,shawkins@example.com,Germany,2025-02-07,Standard,59.26
9805,Daisy Sanchez,kburnett@example.com,Netherlands,2023-11-17,Standard,81.02
9806,Russell Lopez,lindsaymueller@example.org,Japan,2023-10-20,Standard,17.68
9807,Joanna Fields,richardjensen@example.org,United States,2020-11-15,Standard,50.48
9808,Adrian Matthews,ljohnson@example.net,Germany,2024-01-01,Premium,48.25
9809,Laura Jacobs,erivera@example.org,United Kingdom,2022-07-26,Standard,30.56
9810,John Combs,tonya99@example.com,United States,2020-12-15,Standard,172.15
9811,Terry Hopkins,crystal45@example.net,France,2021-09-30,Standard,129.72
9812,Kevin Glover,cbrown@example.org,France,2026-05-17,Standard,56.85
9813,Nancy Robinson,kenneth21@example.org,Germany,2020-09-14,Basic,65.85
9814,Stacey Lucas,townsendnatalie@example.org,Japan,2023-10-15,Standard,31.63
9815,Colton Goodwin,jessica29@example.com,Australia,2022-06-30,Standard,157.13
9816,Clayton Jackson DDS,feliciaperkins@example.net,Germany,2020-09-08,Premium,138.14
9817,Kirk Miller,eric02@example.com,Australia,2024-07-09,Premium,102.85
9818,Mark Wilson,tsmith@example.org,Japan,2025-07-17,Standard,56.24
9819,David Bell DVM,alisoncampbell@example.org,United States,2025-09-26,Standard,29.12
9820,Andrew Willis,fanderson@example.com,India,2025-12-10,Basic,43.85
9821,Chad Sandoval,oreyes@example.net,United Kingdom,2024-01-03,Premium,19.47
9822,Ann Fry,fmckee@example.com,Germany,2022-03-17,Premium,138.83
9823,Heidi Long,hillmonique@example.org,United States,2025-05-29,Standard,165.95
9824,Alyssa Young,bryan43@example.org,India,2025-04-19,Premium,63.93
9825,Isabel Page,thale@example.org,France,2022-10-26,Basic,37.53
9826,Dawn Woodward,jennifermurray@example.net,India,2021-01-27,Basic,27.67
9827,Kim Frank,amandacampbell@example.net,Brazil,2023-11-09,Standard,30.73
9828,Joshua Rogers,robert38@example.org,United States,2021-08-14,Basic,97.89
9829,Jennifer Mahoney,hernandezbrent@example.com,India,2024-08-16,Premium,88.61
9830,Deborah Hull,jenna55@example.net,India,2026-07-15,Standard,85.39
9831,Alexis Austin,lopezmary@example.org,France,2023-12-12,Standard,18.04
9832,Diana Clarke,barberamy@example.net,India,2021-08-30,Basic,64.97
9833,Jennifer Fernandez,christine02@example.net,United States,2024-05-28,Standard,33.43
9834,James Cohen,whiteheadandrea@example.org,France,2022-03-05,Standard,25.99
9835,Jessica White,jvalencia@example.com,Brazil,2024-10-30,Premium,55.89
9836,John Hayes,acook@example.org,Australia,2024-08-03,Standard,20.00
9837,Bonnie Ramirez,matthewcooper@example.org,Japan,2024-06-18,Premium,36.15
9838,Harry George,stanley92@example.com,Netherlands,2020-08-04,Standard,99.10
9839,Anthony Mccarthy,nicholas73@example.com,Australia,2023-07-03,Standard,48.61
9840,Katherine Smith,sheryl70@example.com,Canada,2023-11-03,Premium,84.91
9841,Jordan Little,suttonpaul@example.org,Canada,2024-04-26,Standard,10.22
9842,Jeffrey Phillips,swansonrita@example.org,United States,2025-11-13,Standard,147.15
9843,Howard Webster,macdonaldduane@example.org,United States,2021-11-16,Standard,54.33
9844,Taylor Brown,zhart@example.net,United States,2020-06-25,Standard,48.92
9845,Jasmine Mcmillan,mitchellkevin@example.net,United Kingdom,2025-01-01,Premium,81.42
9846,Carrie Thomas MD,jose12@example.com,Netherlands,2020-02-07,Standard,31.59
9847,Catherine Simon,colemanchristine@example.org,Japan,2020-02-05,Basic,27.36
9848,Charles Jones,vjoseph@example.net,United States,2026-01-06,Standard,182.72
9849,Steven Carpenter,hjordan@example.org,India,2022-09-17,Premium,76.19
9850,Jacob Roberts,umorris@example.com,France,2024-11-27,Basic,22.57
9851,Mary Bailey,jwalker@example.com,Netherlands,2026-03-09,Basic,60.39
9852,Karen Anderson,ffrost@example.net,France,2021-08-01,Standard,71.19
9853,John Medina,morenoscott@example.com,Brazil,2025-09-28,Standard,85.93
9854,Patricia Ramos,cgreen@example.org,India,2023-08-02,Standard,37.75
9855,Jason Rogers,frankcruz@example.net,Germany,2022-05-15,Basic,208.70
9856,Angel Hester,raymondwilliams@example.net,Australia,2022-09-18,Basic,79.24
9857,Eric Cooley,staceyryan@example.net,India,2026-01-29,Basic,57.15
9858,Ann Sanchez,jennifer62@example.net,Australia,2025-12-25,Basic,45.50
9859,Carl Byrd,joshuagreene@example.net,United States,2022-08-21,Standard,46.10
9860,Robert Meyer,mitchellfelicia@example.com,Germany,2024-05-04,Standard,32.32
9861,Regina King,melissa45@example.net,Japan,2026-03-31,Standard,31.16
9862,Timothy Reyes,jeff25@example.org,India,2020-02-01,Standard,53.76
9863,Michael Jones,tiffanybailey@example.org,Netherlands,2026-04-24,Basic,51.12
9864,Chelsea Riley MD,karen92@example.net,France,2023-08-04,Standard,46.95
9865,Jason Griffin,michaelhensley@example.org,Canada,2022-12-04,Standard,95.38
9866,David Cuevas,hillmarisa@example.com,Canada,2026-05-26,Standard,82.56
9867,Seth Edwards,vasquezmary@example.org,Australia,2023-12-26,Standard,36.30
9868,Joyce Rasmussen,jeremyjones@example.com,France,2024-11-21,Standard,38.00
9869,Anthony Diaz,kathrynadkins@example.net,Canada,2025-05-17,Basic,46.89
9870,Anna Mullins,leon96@example.org,France,2025-05-03,Basic,79.54
9871,Donna Smith,olsonmary@example.net,France,2020-08-28,Standard,31.37
9872,Willie Bell,prowe@example.net,Germany,2026-06-19,Standard,70.40
9873,Barbara Joyce,davislaura@example.net,Netherlands,2025-06-12,Standard,112.34
9874,Melissa Davis,wgriffith@example.net,Brazil,2023-12-11,Standard,63.35
9875,Denise Caldwell,jallen@example.net,Netherlands,2024-05-31,Standard,117.11
9876,Abigail Adkins,deborah45@example.com,United States,2023-09-24,Standard,15.46
9877,Katherine Parker,aprilperez@example.net,Canada,2022-06-08,Standard,58.45
9878,Dr. Tracey Cochran MD,angelicalara@example.net,Netherlands,2026-06-06,Standard,35.97
9879,Cheryl Wilson,rosejenkins@example.com,Brazil,2024-07-31,Standard,121.43
9880,Katherine Williams,stefaniedavis@example.org,Germany,2023-01-10,Standard,91.75
9881,Laura Rios,luke78@example.org,India,2024-07-12,Standard,229.77
9882,Alicia Williams,ramirezbeth@example.net,Canada,2025-08-23,Standard,45.56
9883,Benjamin Palmer,jeremiahwells@example.net,Brazil,2020-06-03,Basic,130.67
9884,Jeffrey Campbell,martinsteven@example.com,United States,2022-10-06,Basic,75.56
9885,Karen Simmons,harperkatherine@example.net,Canada,2020-04-10,Basic,34.52
9886,Jenna Williams,carteralexander@example.net,Canada,2025-10-29,Standard,68.55
9887,Diana Montoya DDS,eric63@example.com,Japan,2021-02-21,Standard,51.69
9888,Benjamin Rollins,daniel44@example.com,Germany,2025-11-11,Premium,45.75
9889,Matthew Cooper,lesliebanks@example.net,Netherlands,2020-04-30,Standard,48.25
9890,Amy Allison,nperez@example.org,India,2026-03-13,Standard,93.19
9891,Diane Hodges,simpsonchristine@example.net,United Kingdom,2023-09-23,Basic,29.03
9892,Ethan Carlson,gentryalex@example.org,Japan,2020-12-15,Premium,54.41
9893,Dennis Patterson,anthony61@example.com,Australia,2025-08-13,Standard,65.23
9894,Karen Mueller,qrodriguez@example.com,Japan,2020-11-20,Basic,35.61
9895,Amy Howell,angelamarsh@example.org,Germany,2024-12-10,Standard,17.37
9896,Michael Peters,ramirezjennifer@example.net,United Kingdom,2020-11-28,Premium,43.22
9897,Diana Howell,berryrebecca@example.net,United States,2022-03-09,Standard,127.55
9898,Lindsay Fuller,emilystark@example.com,Australia,2020-05-12,Basic,159.69
9899,Daniel Young,awalters@example.net,United Kingdom,2023-03-17,Standard,75.05
9900,Kristen Mann,samanthagill@example.net,France,2022-12-27,Standard,33.68
9901,Jonathan Taylor,johnlewis@example.com,Canada,2025-12-20,Premium,34.05
9902,Matthew Avery,cookdavid@example.net,Brazil,2022-10-24,Basic,101.16
9903,Sean Carey,ahernandez@example.net,Australia,2025-12-30,Basic,20.24
9904,Julie Mcintyre,fcrawford@example.net,United Kingdom,2025-01-21,Premium,30.47
9905,Ruth Shaw,amartinez@example.net,Netherlands,2021-02-02,Basic,65.37
9906,Christy Williamson,canderson@example.com,Japan,2026-05-12,Standard,76.52
9907,Eric Mcmahon,iromero@example.com,France,2026-04-30,Standard,10.18
9908,Paul Bradley,richardbond@example.net,France,2025-10-08,Standard,33.42
9909,Billy Cortez,ahardin@example.org,Australia,2025-05-05,Standard,70.20
9910,Anita Jefferson,deborah43@example.net,Netherlands,2021-01-27,Basic,48.97
9911,Melissa Clark,gomezsally@example.org,Japan,2024-02-12,Standard,34.41
9912,Elaine White,kevinweaver@example.net,Japan,2022-01-08,Basic,100.04
9913,Joseph Robinson,raymond41@example.net,Brazil,2020-04-16,Standard,21.80
9914,Christina Maxwell,gprice@example.net,United Kingdom,2025-10-21,Basic,66.84
9915,Janice Kelly,gshelton@example.org,United States,2020-01-22,Standard,73.92
9916,Jennifer Serrano,deannadiaz@example.com,Canada,2021-03-31,Premium,67.50
9917,Catherine Armstrong,katherinepatterson@example.com,India,2026-01-05,Premium,55.19
9918,Andrea Arias,scottleah@example.net,United Kingdom,2024-03-24,Standard,46.26
9919,Patrick Luna,jessica89@example.net,Japan,2021-11-26,Basic,57.69
9920,Heidi Joseph,jenniferramirez@example.com,Netherlands,2020-02-26,Standard,44.05
9921,Bernard Everett,larrywhite@example.net,United Kingdom,2021-02-07,Basic,149.48
9922,Michelle Baxter,vblake@example.org,Germany,2024-08-15,Standard,77.21
9923,Kristen Reed,dakotawilliams@example.org,Netherlands,2022-05-26,Standard,59.53
9924,Kyle Jones,vegabernard@example.com,Brazil,2025-01-15,Premium,71.76
9925,Phillip Mitchell,jessicafowler@example.com,United States,2025-05-25,Standard,32.73
9926,Daniel Holden,nortonwilliam@example.org,United Kingdom,2024-05-21,Standard,159.15
9927,Holly Herman,nicolemendez@example.net,Brazil,2026-07-22,Standard,47.83
9928,Debra Bowman,rachel39@example.org,France,2020-10-29,Premium,33.52
9929,William Long,wsmith@example.com,Germany,2022-11-03,Standard,29.09
9930,Michael Hubbard,laura99@example.org,Japan,2025-11-03,Standard,35.53
9931,Theresa Lang,meganstewart@example.net,Netherlands,2020-07-08,Standard,11.09
9932,Tiffany Ruiz,hguzman@example.com,Brazil,2020-06-11,Standard,33.27
9933,Kathy Casey,ryantucker@example.net,Japan,2024-04-24,Standard,108.63
9934,Steven White,olee@example.org,France,2021-01-20,Premium,28.30
9935,Rebecca Davis,ddavila@example.com,Netherlands,2026-02-19,Basic,59.61
9936,Heather Andrews,joshua78@example.net,United Kingdom,2023-05-26,Premium,87.52
9937,Carol Ballard,keith90@example.org,Germany,2020-03-07,Standard,126.18
9938,Brian Lewis,udixon@example.com,United States,2020-05-30,Basic,58.51
9939,Ronald Galvan,ericpatrick@example.org,France,2023-06-18,Standard,118.48
9940,Dawn Mcguire,kevin53@example.org,India,2021-08-16,Standard,94.64
9941,Nicholas Beck,butlerteresa@example.net,Japan,2020-04-05,Standard,93.06
9942,Jonathan Oliver,ndonovan@example.net,India,2024-08-01,Basic,57.03
9943,Michael Dominguez,ugomez@example.org,Netherlands,2024-08-17,Basic,87.28
9944,Steven Elliott,likeith@example.com,India,2022-02-07,Standard,74.84
9945,Jenna Best,glennpacheco@example.org,France,2022-12-21,Standard,78.97
9946,Angela Olson,george50@example.org,France,2021-03-13,Standard,97.30
9947,Michael Smith,belliott@example.com,Australia,2021-10-17,Standard,38.38
9948,Jesse Snyder,uwhite@example.org,India,2026-01-18,Basic,78.90
9949,Amanda Greene,marshalljulian@example.net,Australia,2024-02-17,Basic,18.23
9950,Alan Parker,jameshart@example.org,Germany,2023-09-14,Standard,79.06
9951,Nicholas Snyder,todd70@example.com,United States,2024-10-23,Standard,75.37
9952,Ryan Bauer,ihuang@example.com,United States,2022-05-23,Basic,87.26
9953,Erika Gordon,tammysimon@example.org,United States,2024-07-18,Standard,78.83
9954,Kimberly Gibbs,donaldvelasquez@example.net,Brazil,2024-08-29,Basic,64.55
9955,Debra Jones,reynoldseric@example.com,United States,2021-01-03,Premium,67.85
9956,Allen Weaver,fmiller@example.org,France,2026-08-05,Premium,78.01
9957,Miguel Mcbride,catherine85@example.org,Japan,2022-03-24,Basic,92.98
9958,Justin Pace,theresagarrett@example.net,Canada,2024-10-20,Standard,46.04
9959,Donald Vargas,vincentcraig@example.net,Netherlands,2025-07-24,Standard,39.36
9960,Carlos Molina,ortizbrian@example.net,France,2023-04-11,Standard,22.05
9961,Antonio Valencia,vincent60@example.com,Japan,2025-07-01,Premium,40.18
9962,Travis Hernandez,jamescooley@example.net,Australia,2021-01-14,Standard,42.45
9963,Daniel Patrick,ltownsend@example.org,Netherlands,2025-09-03,Basic,94.01
9964,Kenneth Robertson,matthew28@example.org,Japan,2021-06-25,Standard,16.76
9965,James Bray,jnoble@example.org,United Kingdom,2026-02-15,Basic,81.96
9966,Adam Flores,andrearodriguez@example.net,India,2022-12-07,Premium,111.48
9967,Anthony Elliott,powersnathan@example.com,United Kingdom,2020-09-29,Standard,63.99
9968,Richard Mcknight,mnicholson@example.com,Brazil,2020-07-27,Standard,19.00
9969,Daniel Morgan,dawn77@example.org,India,2025-03-10,Basic,90.35
9970,Mr. Tyler Rodriguez,charleshoward@example.org,United States,2021-03-04,Standard,55.10
9971,Keith Baxter,silvamichael@example.com,United States,2021-08-18,Standard,75.98
9972,Ryan Williams,alvaradojessica@example.com,United States,2022-01-18,Basic,31.35
9973,Lisa Turner,kevin78@example.net,United States,2026-08-13,Basic,86.05
9974,Mary Cline,zlloyd@example.org,Canada,2020-01-15,Premium,13.12
9975,Raymond Spencer,asalas@example.com,Germany,2025-03-27,Premium,48.34
9976,Andrew Lopez,smithchristopher@example.org,Australia,2024-07-24,Standard,73.49
9977,William Jenkins,mike77@example.com,Netherlands,2026-03-21,Premium,40.67
9978,Wayne Kelly,christine24@example.net,United States,2020-02-22,Standard,13.82
9979,Zachary Hunt,hayestonya@example.com,Japan,2023-05-17,Standard,114.52
9980,Joseph Owens,salinaslaura@example.net,France,2024-03-22,Standard,87.24
9981,Mitchell Smith,sherri14@example.org,France,2021-03-30,Premium,104.74
9982,Virginia Deleon,dustin12@example.org,Australia,2020-04-13,Standard,74.21
9983,Cody Allen,laurensmith@example.org,Canada,2025-01-29,Premium,100.77
9984,Taylor Baker,davidhanson@example.com,Canada,2024-06-03,Standard,43.78
9985,Jorge Lee,freemanjason@example.net,India,2023-12-19,Basic,44.43
9986,Adam Johnson,gjones@example.com,Germany,2023-11-16,Basic,41.65
9987,Colleen Hall,daniel49@example.org,India,2022-01-28,Standard,43.56
9988,Susan Kelly,wrightjames@example.com,Australia,2025-12-02,Standard,69.86
9989,Christina Jones,whernandez@example.org,United Kingdom,2023-06-02,Basic,77.82
9990,David Boone,aburns@example.net,Australia,2020-05-08,Basic,49.52
9991,Michelle Huffman,amanda63@example.org,Germany,2026-04-18,Premium,55.81
9992,Jeffrey Carpenter,lopeztiffany@example.net,Germany,2023-07-22,Basic,60.70
9993,Elizabeth Snyder,eric34@example.org,Netherlands,2023-02-01,Standard,66.41
9994,Timothy Lopez,charles69@example.net,Canada,2021-11-11,Standard,37.09
9995,Shawn Smith,parkamy@example.org,Brazil,2026-03-07,Standard,94.23
9996,Michael Miller,stokesanna@example.org,Germany,2023-08-12,Premium,31.63
9997,George Crawford,maryford@example.org,Australia,2022-03-22,Basic,27.83
9998,Christopher Dawson,stephanie87@example.com,Brazil,2021-08-29,Basic,100.79
9999,Deanna Rodriguez DVM,vklein@example.com,Brazil,2023-01-31,Premium,93.43
10000,Shelby Rice MD,shannon37@example.com,Australia,2023-12-08,Basic,39.26
